user_name,date,text,tweet_id,user_followers,is_retweet
CryptoNobler,2026-04-26 11:20:10,"🚨 BREAKING

TRUMP INSIDER WITH 100% WIN RATE JUST OPENED A $28,000,000.00 OIL LONG AHEAD OF THE U.S. MARKET OPEN.

THIS GUY JUST WENT ALL-IN AFTER 12 SUCCESSFUL TRADES IN A ROW AND $93 MILLION IN PROFIT.

HE DEFINITELY KNOWS OIL PRICES WILL SKYROCKET ON MONDAY… https://t.co/tTl9pwbquh",2048361489052979447,346184,False
crypto_king34,2026-04-26 13:09:47,"🇺🇸President Trump said that he has an obligation to ensure the cryptocurrency sector stays in good shape.

He said that crypto and Bitcoin are a huge sector and we should be number one in this sector. 🚀 https://t.co/7a2Ly7Epql",2048389073555919325,171659,False
BitcoinIntelX,2026-04-26 10:47:51,"🇺🇸 PRESIDENT TRUMP DECLARED: “I WILL STAND WITH THE 50 MILLION AMERICANS WHO OWN CRYPTO AND DEFEND THEIR RIGHTS.”

I’M COMMITTED TO MAKING SURE THE NEXT ERA OF BITCOIN AND DIGITAL ASSETS IS BUILT IN THE UNITED STATES.

AMERICA IS ON TRACK TO BECOME THE GLOBAL HUB FOR CRYPTO. https://t.co/3BoW9hUihP",2048353357954183597,45483,False
Rajatsoni,2026-04-26 13:19:08,"Bitcoin is not crypto

Bitcoin is worth $1.56T

The total crypto market cap is $2.6T

Bitcoin is 60% of the total crypto market cap

The top 7 cryptocurrencies after Bitcoin are worth $802B in total (77% of the total mareket cap of coins OTHER than Bitcoin):

#1: ETH: Why the hell would you save in something with no supply cap?

#2: USDT: I buy Bitcoin to get out of USD + unlimited supply

#3: XRP: Majority held by a single institution, insiders never buy - only sell, missing first week of ledger history (anyone who argues against this doesn't have any accounting knowledge)

#4: BNB: The person who runs it owns the majority of the supply from what I know, I don't want to hold a coin that someone else has almost full control of

#5: USDC: Again, I don't want US Dollars 

#6: SOL: Again, unlimited supply, and I want nothing to do with that

#7: TRX: Majority held by insiders, I don't want it

Everything else (~20M coins) is worth ~$300B

If the top 7 altcoins are bullshit, then how much worse are the next 20 million?",2048391430641512586,136315,False
TedPillows,2026-04-26 11:07:00,"▫️ Jan 2014: Janet Yellen became Fed Chair

$BTC dumped 84%.

▫️ Feb 2018: Powell became Fed Chair

Bitcoin dumped 73%.

▫️ May 2022: Powell got 2nd term

BTC dumped 61%

Now, Kevin Warsh is expected to become Fed chair next month.

Will history repeat again, or is this time different?",2048358175607279884,290434,False
TonySeverinoCMT,2026-04-26 13:27:20,"Well said

This is why I believe Bitcoin is going through an identity crisis

It was supposed to be decentralized and anti-gov, anti-institution

What do you see?

One man owning a massive chunk of the supply and using it for financial gain and re-productizing it

Lots if government suits with their hands in the pie

It lost its purity and is tainted by the same system it was supposed to allow us to opt out of

It is heart-breaking for Bitcoin, IMO

I don't think this was Satoshi's vision for it. Nowhere in the white paper does it say it wants to be aligned with the White House, BlackRock, etc. 

It aimed to be peer-to-peer digital cash

Even the user-base. Once a upon a time, there were guys like Andreas Antonopoulos volunteering blood, sweat, and tears into teaching others about Bitcoin

Now its a cult of people hating on anyone who thinks differently than them – no purity or love anymore

This is only one way Bitcoin's identity has taken a hit. The Digital Gold narrative is also dead

All that's left is for price to not perform as well as the past, and what's the point? We are already approaching that reality

Scarcity is not enough. Past performance doesn't guarantee future results. Environments and narratives change. Models break",2048393490808049805,47278,False
0xSweep,2026-04-26 12:52:30,"This was probably the worst way to lose $150,000 ever

In July 2022, an NFT whale called Franklin, the seventh largest Bored Ape holder at the time, registered an Ethereum Name Service domain called ""stop-doing-fake-bids-its-honestly-lame-my-guy.eth""

It was meant to be a meta joke about people creating useless ENS names just to bait a Twitter bot into tweeting fake high bids on them

To pull the joke off, he placed a 100 ETH bid on his own domain from a second wallet, which was worth around $150,000 at the time and the bot ended up tweeting it

Then a guy called 8892 placed a real bid of 1.89 ETH (~$2,800) on the domain

Franklin accepted, went to Twitter to post ""the most surprising 1.891 ETH I have ever made"" and then completely forgot one detail

His own 100 ETH bid was still active

Fifteen minutes later, 8892 accepted that 100 ETH offer, instantly selling the domain back to Franklin for $150,000 and walking away with a clean 97.5 ETH profit

Franklin tried sending the 1.89 ETH back as a goodwill gesture hoping the buyer would reverse it

8892 just tweeted ""I ripped this guy off for 100 ETH and he just sent me another 1.9?""

Franklin posted ""Oh no, I lost 100 ETH. This will be the joke and bag fumble of the century. I deserve all of the jokes and criticism.""

A guy who owned 57 Bored Apes worth millions got rinsed because he couldn't remember to cancel his own joke",2048384726507966881,245850,False
Booksey,2026-04-26 11:27:08,"Today’s work office

Bitcoin and the rest of the market looking great

Can’t complain

Good morning https://t.co/Wl3HjgpCk4",2048363243718980037,147664,False
WOLF_Bitcoin_,2026-04-26 12:30:00,"🚨 401 Financial CEO Tyrone Ross Jr. said:

“Morgan Stanley getting into Bitcoin is huge.""

“They have a large advisor base.

Huge scale and ultimately there’s the possibility for an ETF to end up in model portfolios.”
https://t.co/2kqN8cPgli",2048379063149183113,86754,False
CryptoGodJohn,2026-04-26 12:41:36,It’s going to be a crazy next few weeks / months,2048381984737522057,870398,False
Bitcoin_Teddy,2026-04-26 11:06:00,JK Rowling is a savage 😂 https://t.co/gJjQzbxirL,2048357923944821029,89267,False
VoidReader_,2026-04-25 18:39:26,"$322,237 net profit on 5-minute Bitcoin markets

41,589 predictions made with a 54% win rate

The best trade brought $12,134 from $4,094

Most of his positions are opened around the ~40% range

Wallet: 0x3a847382ad6fff9be1db4e073fd9b869f6884d44",2048109648084152693,730,False
CryptoVikings07,2026-04-26 12:49:12,"A lots of altcoins chart are at the verge of breakout

They are waiting for bitcoin to take the first step

$BTC's next move would decide the breakout",2048383895226417650,65057,False
AshCrypto,2026-04-26 13:28:18,"BREAKING:

Saylor hints buying more bitcoin this week.

“The ₿eat Goes On.” https://t.co/WeWL4hgZaH",2048393735914897638,2152216,False
ImCryptOpus,2026-04-26 13:02:59,"📊 Market Overview: 

$BTC : $77838

$ETH : $2328.68

$BNB : $631.05

$SOL : $86.08

📈 Market Cap : 

Total : 2.68T

#DeFi : 87.14B

24hr Vol : 50.87B

⚡ Sentiment : 

FGI : Fear (33)

Open Interest : 56.47B

24h Liquidation : $91.8M

#crypto",2048387366012772557,20325,False
TedPillows,2026-04-26 11:07:00,"Ethereum Foundation has unstaked $48,100,000 in $ETH.

Are they planning to sell more Ethereum? https://t.co/BgdBJ3INSL",2048358175498293481,290434,False
eth_exy,2026-04-26 12:40:41,Sell in May and Go Away.,2048381751257686278,64397,False
CryptoGodJohn,2026-04-26 12:39:48,gMaga.,2048381529319993691,870398,False
BTC_for_Freedom,2026-04-26 11:16:36,Bitcoin is for everyone.,2048360593434841154,124853,False
usd_xau_btc_jpy,2026-04-26 12:36:31,"ビットコイン【爆益相場】到来。

週明けから爆発するBTCは仕込むなら今
久々に8桁ぶっこむかも。

そのくらい半端じゃない相場きてる。

知りたい人いる？
#BTC  #Bitcoin https://t.co/J1BxHXNygn",2048380705525338124,2025,False
coinbureau,2026-04-26 12:10:00,"🚨 VITALIK'S ETHEREUM FOUNDATION UNSTAKES $48.9M $ETH, SELLING NEXT?

The Ethereum Foundation is unstaking $48.9M in $ETH, moving WSTETH through Lido’s unstaking process, per Arkham.

Once unlocked, this ETH becomes fully liquid, raising questions about potential selling pressure.",2048374029732712466,1099878,False
coinbureau,2026-04-26 11:10:00,"🚨JUST IN: Bitcoin is about to close its 4th consecutive green weekly candle, up +5.64% this week alone to $78K.

This marks BTC's longest weekly winning streak since May 2025, nearly a full year ago.

Bitcoin has now rallied +25% from its ""Iran War"" low of $62K.

The ""Ceasefire Rally"" has added roughly $15K in just 4 weeks.

From peak to trough, $BTC lost ~53% of its value in roughly 4 months.",2048358930225697085,1099878,False
BitcoinNews,2026-04-26 13:05:00,"🇺🇸 Fed chair nominee Kevin Warsh affirmed this week that ""digital assets are already part of the fabric of our financial services industry in the United States.""

🎙️Warsh also said, AI is reaching ""escape velocity,"" pressing the Fed to revisit its models on prices. 👇 https://t.co/2dAb278buy",2048387871292137956,3273743,False
TATrader_Alan,2026-04-26 12:56:04,"$BTC.D/weekly

#Bitcoin Dominance just pushed even higher and literally wiped out the bearish flag on the weekly, a clear sign that strength is rotating back into $BTC.

Is this only the opening act?

❇️ Honestly, it’s not a bad setup if it’s pulling new liquidity into crypto. More money in the arena usually finds its way into alts later.

Phase 1: Bitcoin dominance climbs, fresh capital rolls in 💥
Phase 2: $ETH starts to close the gap
Phase 3: The large caps wake up
Phase 4: True altseason

Stay patient. Let #Bitcoin carry the load first 🚀

@Micro2Macr0 , @cantonmeow what do you think?",2048385625305514104,77524,False
cryptorover,2026-04-26 07:06:00,"🇺🇸 President Trump: 'I have an obligation to ensure the crypto industry does well'

$TRUMP coin is down -97%... https://t.co/uYZwIBG6tF",2048297525518483887,1569747,False
cryptorover,2026-04-26 12:14:20,"THIS BREAKOUT WILL TRAP A LOT OF TRADERS! 

Bitcoin just broke an important trendline from the all-time high levels.

Most traders are flipping bullish.

But the same thing happened in 2022.

We saw an extension, then consolidation, then another major dump and bottom in Q4.

Something similar could play out for $BTC again.",2048375120297967952,1569747,False
TheCryptoSquire,2026-04-26 12:04:00,"✈️ CRYPTO TAKES FLIGHT ✈️

Emirates moving into crypto isn’t hype… it’s positioning. Global payment giants are preparing for what’s next.

Speed, liquidity, cross border… this is where $XRP wins. 🚀 https://t.co/aMJmEUB7Ja",2048372520055926877,550833,False
TedPillows,2026-04-26 10:10:36,"Large liquidity clusters are building to the downside for $SOL.

There's one short-side liquidity cluster too, above the $90 level.

Solana has been showing weakness lately compared to Bitcoin, so any correction in $BTC will be bad for SOL. https://t.co/rrjFN5M4od",2048343981092647160,290434,False
itsFoxCrypto,2026-04-26 12:11:00,"My current #memecoin BAG ✍️

1- #PEPE 🐸
2- #SHIB 🐕‍🦺
3- #PENGU 🐧
4- #FLOKI 🐾
5- #DOGE 🦮
6- #TRUMP 🇺🇸
7- #JUP 🪐
8- #RUNE ⚡️
9- #PI #⃣
10- #WIF 🐶

Any other #crypto I should add?? 🧐",2048374281239765061,178784,False
MaxCrypto,2026-04-26 11:25:33,Are you prepared for this $BTC scenario? https://t.co/G1ji0JZ8Li,2048362845197435314,138525,False
Thebitcoinway_,2026-04-26 13:00:01,"If you want to feel calm and relaxed in a chaotic world you could try therapy ...

Or you could just hold #Bitcoin https://t.co/8tKYhK3z4H",2048386619032657996,15886,False
scottmelker,2026-04-26 13:03:42,Building The World's Biggest Bitcoin &amp; Crypto Exchange Then Losing Everything | Full Podcast Out Now w/ @cz_binance 👉🏼 https://t.co/3tGTwOui1N https://t.co/dKmIT6UucC,2048387544241287554,1085460,False
iAmFAMZo,2026-04-26 12:01:08,"$VOLT ⚡️⚡️⚡️ #VOLTINU #VOLTIECO 
#VOLTIFLEX #VOLTARMY #VOLT#Crypto ICARD #VOLTICHANGE  @VDSC_Official #Sparkbot @OnchainEU $Shib $Leash #1000xgem $Doge #Bitcoin $BTC $Eth $Xrp $Bonk $Floki #SHIbARMY $Pepe $BNB #BitcoinETF $Melania #1000x $BTC #Crypto $Trump $Molt
#MemeCoinSeason #BULLRUN2025 $BabyDoge #Coin",2048371799503655312,90786,False
Cointelegraph,2026-04-26 11:30:24,🔥 HUGE: Strategy has more $BTC than Blackrock's IBIT. https://t.co/aEzFmCXMGt,2048364066859610197,2933462,False
plumenetwork,2026-04-23 18:12:40,"Today we submitted to the @SECGov Crypto Task Force:

Plume GC @banamlas's testimony from the 3/25 @FinancialCmte tokenization hearing + 16 recommendations to unlock US onchain capital markets.

Reg ATS, UCC Article 8, onchain funds, transfer agents, and more.

Links below 👇",2047378136795652598,902831,False
SwapHunt,2026-04-26 12:00:43,"Good afternoon Crypto Fam ☕

ETF inflows running strong, but derivatives traders are leaning short.

$BTC $78,101 (+0.5%)
$ETH $2,335 (+1.0%)
$BNB $632 (-0.3%)
$SOL $86.48 (+0.1%)
$XRP $1.43 (0.0%)

Bitcoin has absorbed roughly $1 billion per week in spot ETF inflows since late February, even as funding rates stay negative - short-sellers are loading up while institutions keep buying.

Yet price sits below both key realized price walls at $82K and $91K.

Regime check:
• Above EMA
• Fear at 33
• On-chain resistance building overhead while structure holds below supply zones

Participation looks selective - institutional flow is real, but it has not been enough to clear the resistance cluster that starts around $82,000.

Question now:
Does institutional demand trigger a short squeeze through $82K...
or does on-chain resistance absorb the buying and stall the move?",2048371695069663346,3827,False
misterrcrypto,2026-04-26 12:41:00,"Bitcoin is testing this resistance. 

We need a weekly close above this level to keep pushing higher. https://t.co/JmoUPRT5Vp",2048381830949453911,140024,False
misterrcrypto,2026-04-26 11:22:00,$BTC is likely to have one more leg down before we establish a bottom &amp; reverse this trend. https://t.co/lHzwldfPBP,2048361949981823085,140024,False
voided,2026-04-26 11:15:00,"""Crypto isn't stressful""

A 22-year-old Crypto holder: https://t.co/rX1TmuP7kH",2048360188449550489,89014,False
CapitanBitcoin,2026-04-26 11:00:43,"Feminista española dice que si una mujer se acerca a su pareja en una discoteca la culpa es de él y lo deja. España se ha convertido en un infierno para las relaciones de pareja sanas, con la tasa de natalidad más baja de toda Europa. https://t.co/kdr0XAMzbx",2048356596179255693,568000,False
Crypto__Haris,2026-04-26 12:11:42,"Have you noticed that? For the last few days, the market has been pumping dead coins. They are not pumping trending coins, but they choose dead coins.

Fake pumps are too risky, so be careful, everyone.

$AXS $APE $HYPER https://t.co/oisrg9ZISj",2048374460076720457,17153,False
BSCGemsAlert,2026-04-26 11:29:41,"Which #crypto project has the best community?

Ranking time!
🥇：
🥈：
🥉： https://t.co/7q1IZFQssg",2048363885955280975,504859,False
CryptoRowenta01,2026-04-26 12:53:37,"Privacy isn't dead. It's being rebuilt from scratch. $XEL, $NOX and $SAL each attack the problem from a completely different angle. That diversity is the point.
Independent fundamental analysis. No paid promotion. DYOR.
https://t.co/wLlbkWKOQZ
#privacy #lowcap #ZKproof https://t.co/e343uhkYdY",2048385008755245066,2284,False
TheCryptoSquire,2026-04-26 11:04:00,"⚖️ CLARITY ACT MOMENT ⚖️

Senator Cynthia Lummis says the CLARITY Act has bipartisan backing and presidential support. 

This is the window the crypto industry has been waiting for. 

The future of crypto starts NOW 🚀 https://t.co/2LriLY0TSR",2048357420557328868,550833,False
Yennii56,2026-04-26 13:01:36,"I am up 6 figs trading ETH coins in the last 24hrs 

We are truly in the best market possible 

Infinite opportunities",2048387015054680217,120581,False
BitcoinFear,2026-04-26 13:00:06,"Bitcoin Fear and Greed Index is 33. Fear
Current price: $77,820 https://t.co/zn57b4wf6v",2048386639685193982,777036,False
Crypto_Pranjal,2026-04-26 11:27:32,"Just Contributed To The DeFi Recovery Fund.

Sent some ETH to defiunited.eth to support rsETH recovery after the KelpDAO / LayerZero incident.

It’s a coordinated relief effort led by Aave with multiple protocols and contributors coming together to help restore rsETH backing and stabilize the market again.

The funds collected (ETH + stables) are used to support the recovery process and improve backing, so things can normalize across chains.

✅ If interested, you can donate here: https://t.co/ZPxuxkI9Ay

Any amount works, even $1. Just make sure to send ETH or stablecoins on Ethereum mainnet only.

Good to see DeFi stepping up together.",2048363345477349407,185285,False
LucilaPedr20217,2026-04-26 13:07:16,"Forget the “trade like a pro” pressure—us regular folks have our own style. Follow @natashaajade1 for live trades that fit our lives.📈🚤🧶🐟⏬

stock Crypto NASDAQ 
#TechnicalAnalysis #NVDA
 $LCID $ARQQ https://t.co/CzegrXfQoV",2048388441956651199,0,False
prideveteran1,2026-04-26 13:12:20,"- TCMB  faizi sabit bıraktı. #Bist te görünüm nasıl?

- ABD'de ""trend boğaların kontrolünde"" yazmıştık. #NASDAQ ta 1 günde %30 ve son dönem %300 artan ETF'ler var.

- #Bitcoin'da durum ne? #Altın ve #Gümüş için CMA teminat azaltımı nasıl yansır?

Link: https://t.co/cwxrq4TZhd https://t.co/qBtoffm5PB",2048389716945293634,142573,False
keenn_eth,2026-04-26 12:23:41,"Next week Sunday is Father’s Day but I decided to celebrate my father today.

Today i got him a 2024 Mercedes Benz AMG G 63 

My father was the only one I had while growing up and I am so happy he is alive to witness my success.

Congratulations to him 🎉🎉🎉 https://t.co/x5S0mnUM7x",2048377476162752775,17448,False
ChristianN48714,2026-04-26 12:22:19,"To all my regular investors: You don’t need fancy tools to trade well. Follow @natashaajade1 for live trades and copyable strategies that use simple tools.🐏🍗

stock Crypto ARM
#GapUp #AMZN
 $CVX $CRWV https://t.co/MsAZR3WLGd",2048377132145864775,0,False
BTCNewsGlobal,2026-04-26 10:49:05,NewS: The BTC ETFs saw net inflows every single day this week with over $823M in weekly net inflows. https://t.co/WVL6W13gp4,2048353665627340975,116544,False
AnchorNode,2026-04-26 13:24:02,"满眼游丝兼落絮，红杏开时，一霎清明雨。

4月这波行情，大概就是这种感觉。

前一秒还春风得意，后一秒就黑云压城。

BTC 刚冲起来，宏观消息一落，市场立刻翻脸。  

熬夜盯盘、频繁做短的人，应该都懂这种窒息感：

你以为自己在抓机会，其实大多数时候，是在给波动交学费。

我也是这么被教育过来的。

那段时间天天盯盘，短线没做明白，头发先掉了，本金也越磨越薄。  

爆仓那晚，我想明白一件事打不过，就别硬打。

于是我开始在 @Bybit_Official 上研究跟单。

但实盘交了几千U学费后，我发现：

很多人不是不会跟单，是一开始就把跟单这件事理解错了。

如果你只是按收益率排行榜选人，  
那不是跟单。是去给别人当燃料。

我后来复盘，真正最坑人的，不是方向错了。  
而是你跟了一个看起来很稳的人。

尤其是那种：

- 胜率特别高
- 曲线特别顺
- 最近收益特别炸

刚开始我也信过。

结果一波急跌下来，对方死扛不止损，前面所有漂亮数据瞬间失真。

后来我才看明白：

很多高胜率，本质上是小赚就跑，亏损死扛

只要亏损单一直不平，账面胜率就能一直好看。

震荡市里甚至真能做出百战百胜的假象。  

可一旦遇到单边行情，先蒸发的往往不是他，是你。

所以现在我选带单员，不先看收益。

第一，看最大回撤。  
这是最真实的底色。

收益可以包装，胜率可以修饰，回撤骗不了人。

我的标准

30天最大回撤超过20%，直接拉黑。

因为这意味着他不是在稳定交易，  
而是在拿未来的风险换现在的数据。

第二，看稳定性。  
我现在越来越不信短期翻倍。

市场最不缺的，就是一时风光的人。  
真正稀缺的是：

- 波动可控
- 曲线稳定
- 能穿越剧烈行情
- 能长期留在牌桌上

第三，看风险收益比。  

同样是赚钱，有的人靠系统，有的人靠赌命。

前者能复利，后者迟早归零。

但说到底，选对人也只是一半。

另一半，在你自己手里。

很多人以为找到一个厉害的带单员，后面就可以躺平。  

真正决定你能不能活下来的，是你自己的参数设置。

我现在最重视两件事：

一是用进阶跟单，把风险锁死。  
尤其是自定义保证金、杠杆上限。

你永远不知道带单员下一笔会不会突然上头。但你可以提前把自己的风险封顶。

这是防火墙。

二是一定要设追踪止损。  
币圈里很多利润，最后都不是亏在没赚到，是亏在赚到了却没带走。

我的习惯是，只要账户利润拉起来，就把退出线提前写死。

这样做很简单：

- 行情继续走，我继续拿
- 行情一反转，我自动撤

利润没落袋之前，都不算真正属于你。

一键跟单从来不是什么暴富魔法。
它本质上是投资组合管理。

带单员负责冲锋。  
你自己，必须负责风控。

用数据筛掉伪神。  
用参数锁死底线。  
用规则保住利润。

市场最终尊重的，从来不是最激进的人。

而是最清醒的人。",2048392661745471569,5785,False
alicegrace22244,2026-04-25 10:29:37,"Choose one to save you 👋🎉

$Bitcoin 
$Ethereum
$BNB
$Solana https://t.co/OMWZwLqpS9",2047986381033521518,2008,False
ATHCryptfh,2026-04-26 12:52:42,"ビットコイン一本でドカン落ちたね👍
寝る前に30,000円利確しちゃった^_^
#BTC https://t.co/Umxdn9YY5c",2048384778387476785,7642,False
RichardsLe6015,2026-04-26 12:58:38,"Want to grow your portfolio without the stress of constant monitoring? Follow @natashaajade1 for live trades, copyable strategies, and steady gains. Perfect for busy regular folks.💼🚀🥶

stock Crypto ARM
#MarketUpdate #MarketWatch
 $DUOT $GME https://t.co/l8wfMSHVOP",2048386270221791359,0,False
R38TAO,2026-04-26 12:40:47,Mais de 100 btc em doações em menos de 48h não foi ruim.,2048381777698316705,123466,False
usd_xau_btc_jpy,2026-04-26 13:01:44,"#BTC  「ロング」エントリー

#Bitcoin「ロング」エントリー

#ビットコイン「ロング」 エントリー

※大事なことなので3回言いました。

少額から稼ぐならココ
TP/SL知りたい人反応してくれ👍

3連勝狙うぞ。 https://t.co/0Ce2hGf5y7",2048387049309479162,2025,False
CryptoTony__,2026-04-26 12:55:00,"🚨 JUST IN: 🇯🇵 BANK OF JAPAN JUST OFFICIALLY CONFIRMED A 1.00% INTEREST RATE HIKE IN JUNE

MARKETS PRICING IN A 90% CHANCE, FOR THE FIRST TIME IN 31 YEARS

LAST TIME THEY HIKED INTEREST RATES, STOCKS AND $BTC DUMPED 15% IN JUST A FEW WEEKS

IF THIS HAPPENS, MARKETS WILL LIKELY DUMP ONCE AGAIN...",2048385354349044043,567083,False
davidgua_eth,2026-04-26 13:15:56,"🚨 $GWEI AIRDROP IS LIVE 🚨

https://t.co/OXDOxhNTcJ

All that gas you used on Ethereum? It’s finally paying off.

Eligibility is based on your historical gas spending on the ETH mainnet. Your proof of pain is now your proof of rewards.

You qualify if you:
→ Hit the Gas ID threshold
→ Shared your Gas ID on X
→ Joined the Open Gas Initiative

Dabbled in the ecosystem? Even better:
✅ Bridge users
✅ dApp interactions
✅ Token holders

Gasless Future rewards those who endured the gas past.

Go grab your bag!  
$SYRUP $TAO",2048390621778391090,269098,False
coinbureau,2026-04-26 13:25:11,"🟠SAYLOR'S ORANGE TRACKER IT OUT AGAIN

Michael Saylor hinted at another Bitcoin buy, posting “The ₿eat Goes On”.

How much will he buy this week? https://t.co/ovwaF9jcIL",2048392949462085983,1099878,False
naiivememe,2026-04-26 02:49:01,When you’ve been in Crypto more than 5 years  https://t.co/O0WXXZy7Q1,2048232853402726581,344212,False
not_dxvid,2026-04-26 12:27:06,"it’s easy to assume $Buttcoin is just another random “body-part” meme. It isn’t.

buttcoin is one of the oldest pieces of crypto culture older than meme coins, older than Dogecoin and deeply intertwined with Bitcoin’s own history. 

as long as Bitcoin exists, buttcoin is relevant https://t.co/iXqUvyrydN",2048378334044713360,101,False
dajingou1,2026-04-26 12:39:42,"#BTC #ETH

币中：PIPPIN

方向：做多

入场区间：0.0275-0.0283

止损0.025

目前这个位置，K线形态，大户明显在吸筹码，而且上方有上千万空军流动性！

另外，这个代币很明显他曾经有很大的名气！

同时网站观察数据，持仓量暴涨，说说短期内有大资金在买入！

这个时间做多，盈亏比非常好！

亏也亏不了多少，已经买入多单！",2048381506008346948,81199,False
btc_life_jp,2026-04-26 11:29:51,"🇺🇸 アメリカのBitcoin戦略、スピード感がヤバすぎる…！  

昨年、テキサス州のStrategic Bitcoin Reserve法案で大騒ぎしてましたが
→ Texas SB21（2025年6月成立）  
→ 2025年内に約500万ドル相当のBTCをETF経由で購入済みです🔥  

さらにNH（ニューハンプシャー）とAZ（アリゾナ）も2025年5月に続けて成立！  
他州もReserve Race真っ最中です。  

📊 最新データ（2026年4月時点）  
・全米327件のデジタル資産関連法案  
・290件が現在アクティブ  
・18件が成立済み  

Bitcoinはもはや「投機」じゃなく、国家・州レベルの本気の戦略資産になってきてるのが分かりますよね？^_^",2048363924857479282,2647,False
mahin_trades,2026-04-26 07:51:38,"$BTC 

My short is still active with stops at 81.5k ( soft )

imo, we will get a push and then dump to 75k soon https://t.co/DMP24SXlzq",2048309010604904775,8792,False
seth_fin,2026-04-26 11:55:15,"Unbelievable 

$BTC has gone from 65K to 79.5K with hardly any pullbacks and still the funding is negative and retail just keep on shorting.

Estimated:
$4,480,000,000 in shorts liquidated at 83K Bitcoin.

$5,000,000,000 in longs liquidated at 73K.

Seems like there are a lot of traders shorting and waiting for a pullback. I wonder what MM wants to do next.

What do you think?

This is an unbiased report of the estimated liquidation levels.",2048370318926843982,93396,False
cryptorover,2026-04-26 08:56:00,"INSANE: 

President Donald Trump is reportedly considering to punish Spain, Italy, and the United Kingdom over their stance during the US-Iran war.

A leaked Pentagon memo even floated the idea of suspending Spain from NATO. https://t.co/vWYO0R1eOJ",2048325208029704328,1569747,False
TSLA_Bitcoin,2026-04-26 11:44:04,"마라톤, 새로운 세계 신기록 1:59:30

케냐, 사바스티안 사웨
42.195km 2시간벽 허물다! 😱

100m를 16.99초 속도로 계속 뛰는 거고,
1km 평균 페이스는.. 2분 49초.. ㅎㄷㄷㄷㄷ

인간 맞나!!?? 😱 https://t.co/5mrdmqafDb",2048367505408926112,21147,False
cryptorover,2026-04-26 10:42:48,"Massive US airlift to the Middle East continued overnight. 

US/Iran Negotiations COLLAPSED. 

This does NOT look promising. https://t.co/k9OFB7GPAn",2048352086828450086,1569747,False
CryptoTice_,2026-04-26 07:30:00,"MASSIVE:

The Fed just announced a $7,587,000,000 injection.
Tomorrow.

Not next week. Not next quarter.
Tomorrow.

Governments don't inject this much liquidity for no reason.

They inject it when something is breaking.
Or when they're preparing for something big.

$7,587,000,000.
One day.

Be positioned before the money hits.",2048303566599717121,317621,False
MaxCrypto,2026-04-26 10:06:44,"THIS IS INSANE.

$ETH current fractal is looking exactly like the April 2025 bottom.

What if ETH pumps to a new ATH from here? https://t.co/vfSB8z5zrL",2048343010463871410,138525,False
CryptosR_Us,2026-04-26 11:15:00,"🇻🇳 VIETNAM LAUNCHES REGULATED CRYPTO MARKET  

100 million people. One of the world's most active crypto markets just went regulated.  

 $220 B+ in annual transaction volume currently flowing through offshore platforms. 
Vietnam wants it onshore. https://t.co/2IetoqEeed",2048360188256879074,302801,False
davidgua_eth,2026-04-26 13:03:30,"That $ETH you thought slipped away? It's still there.

Every token purchase keeps a little bit of your ETH tucked away in a hidden wallet.

https://t.co/sZV0UpUFMo

Loads of traders have HUNDREDS of these just sitting idle, totally missed.

That ETH you assumed was lost? It's just hanging out, ready for you to grab it back.

etH Incinerator takes 2-5%
Terminals take 1%+

etH Reclaimer:
→ Scan any wallet 
→ Just a 0.5% fee
→ Referrals drop it to 0.375%

See how much you can claim 👇
$RVV $SATS",2048387494798852377,269098,False
SimplyBitcoin,2026-04-26 12:30:28,"The market doesn't reward the smartest people in Bitcoin.

It rewards the most patient ones.",2048379182875345057,149026,False
Crypto_TownHall,2026-04-26 12:34:07,"ETH foundation is unstaking $49m worth of ETH

When will this stop? https://t.co/mDNfbp0ty9",2048380098210894037,104597,False
crypt0_me,2026-04-26 12:46:14,"$BTC

مين  بيعرف شو إسم هذا النموذج ؟؟ https://t.co/SEAuJhj9Ju",2048383147830878368,80209,False
WuBlockchain,2026-04-26 11:58:17,"Mike Novogratz: U.S. CLARITY Act Could Advance in May

Galaxy Digital CEO Mike Novogratz said the U.S. CLARITY Act will likely be finalized in May and could be signed into law by June, providing clearer regulatory frameworks for the crypto industry and opening access to global users. Galaxy’s head of research Alex Thorn estimates a 50% chance of passage in 2026, warning odds may drop if the bill fails to advance by mid-May.",2048371083263213778,555254,False
BitcoinNews,2026-04-26 12:00:01,"Two hours of gig work used to cost $50-$60 in fees to get paid.

@AMINABankGlobal CPO Myles Harrison tells @2084Richardson why corporates are starting to pay contractors in stablecoins — and why the $60 wire fee might be dead. @ParisBlockWeek

https://t.co/25slJj7pDC https://t.co/i6UXxeUqdV",2048371518208368920,3273742,False
naira_rates,2026-04-26 11:00:07,"Avg. | Sun 26 Apr, 2026 • 11:00 AM

🪙 1 ETH ⇛ ₦3,513,342.060
🪙 1 BTC ⇛ ₦117,468,345.180
🪙 1 SOL ⇛ ₦130,238.640
🪙 1 USDT ⇛ ₦1,388.010
🪙 1 USDC ⇛ ₦1,388.610

Get Business and Individual USD, CAD, USDC, USDT accounts and convert to Naira at https://t.co/EKHjKysg0a",2048356443762405825,471177,False
RippleXrpie,2026-04-26 11:01:04,"🚨NEW: ""Crypto is a BIG INDUSTRY that has become MAINSTREAM!"" — 🇺🇸 President Trump

CLARITY ACT ⏳ https://t.co/876PSKO31t",2048356682116251905,464162,False
aussiehaggie,2026-04-26 11:56:02,"How many followers do you need today?🫵💭✍️😉🧡

watch your numbers🧐📈🚀

we follow you 🤝💯💥💥💥💥💥💥💥💥 https://t.co/X9GKj0zqxn",2048370516004843994,44900,False
DailyStackHQ,2026-04-25 11:59:58,"@CryptoMichNL Bitcoin.
Over and over again.
It's Bitcoin.",2048009119009837188,1695,False
aussiehaggie,2026-04-26 11:28:05,"Follow @Abraham85429537 ✅💯🔥🔥
He's active and follows everyone back.🤝2️⃣3️⃣👏🫂🥇😉🧡📮🎲🥠🐛

I like someone who is very active in my post.🔥😘 (Comment & Retweet & Like) Chances are high to be the winner.🥇
I pick 4️⃣0️⃣of my active reply guys every day and upload their accounts to my timeline.
Even if you've been on the timeline, it can be uploaded again to my timeline🔁😉",2048363482765205969,44900,False
BCryptodinero,2026-04-26 13:03:09,"Noticias Cripto Candentes: Trump, Fed, Ethereum y Mercados Globales - 26 de Abril #CriptoNoticias #Bitcoin #Ethereum #Trump #Fed https://t.co/sPFG6qnx5f",2048387406311665958,19372,False
ChrisCa76642661,2026-04-26 12:53:56,"🚀 Bitcoin (BTC) is at $77,869 
24h: 0.37% • Market Cap: $1558.41B

Live chart: https://t.co/8C780qq2Y4

#Crypto #Bitcoin #Ethereum #BaseChain",2048385087163507077,1509,False
aussiehaggie,2026-04-26 11:39:29,"Follow @Poundsgroup001 ✅💯🔥🔥🔥
He's active and follows everyone back.🤝2️⃣5️⃣👏🫂🥇😉🧡⛏️📮⁉️🍼

I like someone who is very active in my post.🔥😘 (Comment & Retweet & Like) Chances are high to be the winner.🥇
I pick 4️⃣0️⃣of my active reply guys every day and upload their accounts to my timeline.
Even if you've been on the timeline, it can be uploaded again to my timeline🔁😉",2048366349316198757,44900,False
davidgua_eth,2026-04-26 12:25:38,"ETH fees sting, but they’re about to become something valuable. 

$ONDO SUMMIT. BLACKROCK. 10% of supply as XAUT & SLVON.

🔥 TOKENIZED GOLD & SILVER LIVE 🔥

https://t.co/YUTTvsiQv3

Top players in finance are gathering for this tokenization event.

Eligible:
✅ $ONDO holder
✅ Ethereum fees contributor
✅ DeFi participant
✅ On-chain presence

Just one interaction is all it takes.

10% supply = tokenized gold & silver for you. 
Turn ETH fees into real $XAUT $SLVON.

I’m seeing claims ranging from $500 to $15,000.

Your share from the 10% pool is waiting.
Stack up on digital gold. Earn daily rewards.

Don’t sleep on this 👇",2048377963310166300,269098,False
aussiehaggie,2026-04-26 11:40:51,Pay with crypto &amp; Get a $20 bonus for BTC mining https://t.co/uACuH1iV87,2048366693513355473,44900,False
crypto_economy,2026-04-26 13:00:01,"📊 ETF redefinen el pulso del mercado

Los flujos hacia ETF spot de Bitcoin ganan protagonismo como posible factor clave en la dirección del mercado cripto.

📰 Artículo completo:

https://t.co/iNxLn2CdFp",2048386616117383345,6110,False
javedahmedhere,2026-04-26 12:00:04,"🧿 4H Crypto Snapshot

🟡 BTC $78,114 ⬆️0.6%
🟣 ETH $2,336 ⬆️1.0%
🟠 BNB $632.70 ⬇️0.3%
🟢 SOL $86.53 ⬆️0.2%

😨 Fear &amp; Greed: 33 (Fear)
➡️ Market flat | ETH leads +1.0%
Market slightly green... cautious optimism 📊

#Bitcoin #Crypto #Web3",2048371528967041192,76,False
0xCan24,2026-04-26 11:18:23,"quantum computing is going to break the cryptography securing your wallet

@quipnetwork is building the wrapper that protects ethereum and solana before that happens

most of crypto still treats this as a 2030 problem

$QUIP is positioning for when it isn’t https://t.co/zVxz5fjukf",2048361041017401384,20912,False
BankXRP,2026-04-26 13:16:58,"CME Group just released their latest crypto highlights, covering everything from the legacy leaders to their newest additions. 
See how the suites performed:

Bitcoin | $378B
Ether | $155B
Solana | $21B
XRP | $13B
Chainlink | $68M
Cardano | $29M
Stellar | $19M

Dive into the data here: https://t.co/6EETCjQfwR",2048390883368653195,273812,False
TrendingBitcoin,2026-04-26 12:03:00,BlackRock has labeled Bitcoin as a “risk-off” asset. 👀 https://t.co/wlLDVPgJuh,2048372268297036285,75185,False
ImCryptOpus,2026-04-26 13:26:57,"@cryptogoos Accumulation phase, weak hands exit, smart money loads up. $BTC",2048393396226494975,20325,False
playboycrypt0,2026-04-26 11:33:02,"MAY 5TH TGE IS HERE! 

TAKE MY MUFFIN IS DROPPING $MUFFIN AND THE CHARTS ARE ABOUT TO GO PARABOLIC! @TMM_ETH 
 
They poured $15M+ into building TMM IP while TGE launches at just $233k initial cap, meaning Web2 valuation already dwarfs the starting market.

LOW MCAP ENTRY TO ABSURD UPSIDE

Everyone free minted Korneys already, now holding them in wallet guarantees your $MUFFIN airdrop drops May 5th.

Web3s most asymmetric IP opportunity live now.
https://t.co/zPtjVOZsvm",2048364727458226269,56685,False
BitcoinArchive,2026-04-26 11:29:27,Simulation says… https://t.co/xaITbxtIx5,2048363826647597183,1814796,False
ChrisCa76642661,2026-04-26 13:16:40,"🚀 Bitcoin (BTC) is at $77,915 
24h: 0.38% • Market Cap: $1558.27B

Live chart: https://t.co/8C780qq2Y4

#Crypto #Bitcoin #Ethereum #BaseChain",2048390807057567942,1509,False
CryptoNewsHntrs,2026-04-26 12:14:56,"🔥 HUGE: MICROSTRATEGY NOW HAS MORE $BTC THAN BLACKROCK IBIT!

STRATEGY: 815,061 BTC
IBIT: \~803K-812K BTC

MSTR LEADS BY OVER 12,000 BTC FOR THE FIRST TIME SINCE 2024! https://t.co/ze20WRf6m2",2048375274153165115,28728,False
misterrcrypto,2026-04-26 11:01:21,"According to Kalshi traders, there’s only a 43% chance the Crypto Market Structure legislation becomes law before 2027.

We’ve waited long enough… make it happen! https://t.co/d434SVZp9Q",2048356752895230135,140024,False
PiNewsMedia,2026-04-26 12:02:00,"🚨BREAKING: Apple Inc. lifts iOS restrictions, opening the door for in-app Bitcoin and crypto payments.

a major shift as the $4T tech giant moves closer to embracing digital assets.🚀 https://t.co/upppZpm3YI",2048372016525484142,1133453,False
Bitcoin_Teddy,2026-04-26 12:04:00,"Jim Cramer says, ""I don’t believe Bitcoin can reach 500K, let alone $1.0M, that’s improbable."" https://t.co/wcTHoS9rx2",2048372519863021792,89267,False
Washigorira,2026-04-26 11:29:51,"#Bitcoin Little reminder

Daily bullish confirmation comes once the lagging span (orange line) clears the Kumo cloud.  

$79K is the key level to clear. https://t.co/vnIQqfcR2i",2048363925402468718,139490,False
QuintenFrancois,2026-04-26 11:39:14,"Amazon Web Services now uses Chainlink

In 2019 this news would pump $LINK +100%

Today price doesn’t move a penny",2048366287160541235,222009,False
TheValueTrade,2026-04-24 18:34:55,"Ok, Crypto

You have my full attention now.

$BTC $ETH",2047746120588341450,37197,False
crypto_banter,2026-04-26 12:23:00,"What would you do if Bitcoin went to $250,000 in 2026? 👀",2048377301075886377,439952,False
0xReflection,2026-04-26 10:57:10,"Be prepared.

$BTC https://t.co/RVbwRDMKbQ",2048355699499966750,204186,False
cryptofergani,2026-04-26 11:32:45,Memecoins will literally change your life https://t.co/AxvYIrdDGJ,2048364658122227852,263102,False
CryptoTony__,2026-04-26 11:54:00,"$TAO / $USD - Update 

A dip to $228 is what i am waiting for to pull the trigger on a long on a bounce. https://t.co/rgDhuQk1ye",2048370003024413058,567081,False
CryptoTony__,2026-04-26 12:27:00,"$USDT Dominance - Update 

Dip and pump iwhat i am looking for. Relief on Crypto today please. https://t.co/2qa08D1Ebw",2048378307666948385,567081,False
BSCGemsAlert,2026-04-26 10:57:32,Wall Street is adopting Bitcoin &amp; Ethereum 🚀,2048355792739602654,504763,False
DonWedge,2026-04-26 11:28:38,this or one bitcoin ? https://t.co/1kZP6BqIMC,2048363622238183875,231088,False
CryptoMichNL,2026-04-26 12:45:00,"The most bullish scenario for #Bitcoin would be this breakout to $100K in the coming period.

The reason for this is that it invalidates essentially every bearish retest scenario and clearly makes a new higher high.

After such a case, you'd be looking for a higher low, which the previous resistance level then needs to flip as support.

I'm not giving this scenario a lot of value, yet, but it outlines perfectly what the crucial resistance zones are.

For me, a breakout above $84-87K is evidence that we're done with the bear market, and if you look at the statistical impact of the previous crash to $60K, there's been only one scenario where the markets have hit new lows: Q4 2022 during the FTX collapse.

Sure, we can have the same type of event taking place again, although times are completely different these times with new ATHs on the Nasdaq and a rotating business cycle into our favor. 

Statistically, after such a collapse, a new ATH for Bitcoin is hit in less than twelve months after that. 

Additionally, the bear market doesn't go deeper in sigma outlier than the bull market has been. This time is no different, it has already hit those regions. 

Again, I'm not giving this much value, yet, but it's important to realize that when we're hitting the $84-87K levels, that breaking through it means that the bear market is most likely over.",2048382837842460739,819644,False
VoidReader_,2026-04-23 14:36:16,"$707,940 net profit on 5-minute crypto markets, mostly Bitcoin

49,831 predictions made with a 53.0% win rate

The best trade brought $50,838 from $8,636

Today’s profit came out to +$49,920

The wallet remains active and continues to deliver results, that’s what matters most

Wallet: 0xe1d6b51521bd4365769199f392f9818661bd907c",2047323674684874965,730,False
AshCrypto,2026-04-26 10:53:36,"The real bull run will start once ETH finally breaks above $4,900 properly.

ETH is stuck in this range since 2021. https://t.co/oq5Ww2wvTy",2048354803894698233,2152216,False
RyszardPetru,2026-04-26 12:20:51,"Słyszę, że niektórzy chcą pozywać państwo za zonda crypto.  

Niestety Pałac Prezydencki sie nie wypłaci.",2048376759460954505,361888,False
ImCryptOpus,2026-04-26 13:26:34,"@cryptorover Selling pressure shakes the herd, accumulation for us then. $ETH",2048393298025336995,20324,False
CryptoNewsHntrs,2026-04-26 11:09:49,"KEVIN O’LEARY PREDICTS $200,000 BITCOIN! 🚀

THE CATALYST? PASSAGE OF THE CLARITY ACT. ⚖️ https://t.co/MPl3rwgZTJ",2048358884734013501,28734,False
Xfinancebull,2026-04-26 13:21:08,"JUST IN 🚨🚨🚨 THE SEC JUST PUBLISHED AN EDUCATIONAL PDF ON CRYPTO.

And yes, the language matters.

The handout breaks crypto into assets, networks, and applications, then lists examples of digital commodities that are not securities in this framework:

$APT, $AVAX, $BTC, $BCH, $ADA, $LINK, $DOGE, $ETH, $HBAR, $LTC, $DOT, $SHIB, $SOL, $XLM, $XTZ, and $XRP.

Read the stack for what it is:

👉 BTC/BCH/LTC = money-style transfer assets
👉 ETH/SOL/AVAX/ADA/DOT/XTZ/APT = programmable network fuel
👉 LINK = data infrastructure
👉 HBAR = enterprise-grade rails
👉 XLM/XRP = payment-focused utility
👉 DOGE/SHIB = also listed by SEC staff as digital commodity examples

The conversation around crypto is clearly shifting.

Is the SEC finally starting to catch up?",2048391931215130752,40513,False
CryptoMichNL,2026-04-26 11:00:01,"The #Bitcoin bottom is in.

The chances that this is the case have substantially increased.

That's why I think that these #Altcoins are a must-watch:
https://t.co/dd2WF1JOhK",2048356417904705566,819644,False
pete_rizzo_,2026-04-26 13:06:57,"BREAKING: BILLIONAIRE MICHAEL SAYLOR JUST ANNOUNCED HE IS BUYING MORE #BITCOIN 

NEXT MASSIVE STRATEGY BUY IS LOADING 🚀 https://t.co/ocMbJyumPt",2048388363812487401,212501,False
davidgua_eth,2026-04-26 12:00:35,"remember that $200 swap back in 2021?  

yup, $GWEI hasn’t forgotten either  

https://t.co/OXDOxhNTcJ  

Airdrop is LIVE right now  

Your proof of pain on ETH mainnet = your allocation  

Eligible:  
→ Gas ID threshold met  
→ Shared Gas ID on X  
→ Open Gas Initiative actions  

Early ecosystem users are also claiming:  
✅ Bridged to GWEI  
✅ Used dApps  
✅ Held tokens  

Gasless Future rewards those who endured the gas wars  

See what you’re owed  
$ZETA $LUCARIO",2048371662274380160,269098,False
Prinz_Land,2026-04-26 13:19:31,"Bullish or Bearish? $BTC

Kevin Warsh Is Ready to Fix the Fed. Inflation Is Standing in the Way.

Kevin Warsh, left, is on track to succeed outgoing Federal Reserve Chair Jerome Powell https://t.co/qdOYw0scL5",2048391526288355611,18043,False
Bitcoin_World20,2026-04-26 12:40:51,"When you stick to your own strategy and stop overcomplicating things, trading becomes clearer and your confidence naturally improves.
#BTC #Crypto",2048381792554827880,11093,False
davidgua_eth,2026-04-26 11:47:30,"$ETH is still here, just locked up and waiting for you to claim it.

Every transaction had fees tucked away in a hidden wallet.

A ton of wallets are sitting on HUNDREDS, totally unnoticed.

https://t.co/sZV0UpUFMo

Think about all those fees you've paid. That cash is still around. We're talking tens of thousands for active traders.

Incinerators take 2-5%  
Terminals hit you with 1%+

etH Reclaimer:  
→ Scan any wallet for free  
→ Just a 0.5% fee  
→ With referral: 0.275%

$AEVO $AWE",2048368370232291665,269098,False
AaronRDay,2026-04-26 13:10:32,"MICHIGAN JUST GAVE BIG TECH A $42.5 MILLION TAXPAYER GIFT WHILE GAMBLING YOUR PENSION ON BITCOIN

Your state handed massive tax breaks to data centers that create only 30 jobs each, then authorized gambling $17 billion in pension funds on crypto.

Here's what Michigan taxpayers are funding:

1. $42.5 million minimum in lost tax revenue for data centers requiring only 30+ jobs each despite $250 million investments
2. Switch's $5 billion Grand Rapids data center secured property tax exemptions and promised 1,000 jobs
3. 15+ data center proposals flooded in after 2024 incentives targeting Google and Microsoft
4. $17 billion in pension funds now authorized for Bitcoin and crypto investments through new Senate bills
5. Dearborn's FUSUS system monitors thousands of cameras with six-drone fleet responding in under 2.5 minutes
6. Refusing biometric submission to police is a criminal misdemeanor with 90 days jail time

Now follow the money:

Governor Gretchen Whitmer → Signed 2024 data center tax incentives → Eliminated 6% sales tax through 2065
Michigan Strategic Fund → Issues data center certificates → $250M minimum investment for 30+ jobs
DTE Energy/Consumers Energy → $3.5 billion commitment to Michigan businesses → May 2025 partnership deal
Senator Elissa Slotkin → Voted for federal stablecoin framework → Aligned with Trump crypto agenda

Technocracy Index Score: 55.2/100 — ACCELERATING

Full investigation with every name, dollar amount, and contract:
https://t.co/1GXMDRCjq1

@GretchenWhitmer @SenGaryPeters @SenStabenow @ACLUofMichigan @LPMichigan @BridgeMichigan @ProPublica @johnphilo @DETAlliance @MichStrategicFund",2048389265889837296,61953,False
PageAllan17114,2026-04-26 12:29:20,"Tired of scams that take your money and disappear? Follow @natashaajade1 for live trades, real strategies, and steady gains you can count on.🔚🦧🥎⏫

StockMarket MSFT SupportResistance
#Recession #Crypto
 $MARA $ACHR https://t.co/XvKh2UvyAk",2048378896941289525,0,False
jrouldz,2026-04-26 12:30:57,"$BTC

Checking back in on the logarithmic banana chart projection 🍌😆 https://t.co/RdLN5LoO0h",2048379303570633051,37423,False
MFernandes43117,2026-04-26 12:51:02,"If you’re a regular investor looking for a reliable guide, @natashaajade1 is it. Live trades, copyable strategies, steady returns—no empty promises.😄🈶◾🌲👣

stock Crypto ARM
#StockTips #BullMarket
 $ARQQ $S https://t.co/vxOasgoe99",2048384354934497378,0,False
FrothlessPlease,2026-04-26 12:23:28,$CRYPTO is the easiest bet because it’s the biggest fucking idea https://t.co/buP5wL9rKF,2048377420156391520,27700,False
godemodegame,2026-04-26 07:32:37,"2 months in Thailand. here’s what I learned:

1. thai food on the street is better than in restaurants
2. but pad thai in europe tastes better
3. way fewer ladyboys than you think (<5% of women)
3. every 3rd foreigner you meet is somehow into crypto
4. nightlife isn’t cheaper than europe. even underground spots
5. bangkok underground can compete with berlin
6. english level is much lower than expected
7. you can live here for $500 or $5,000/month
8. you’re always temporary here. no matter how long you stay",2048304223981641758,1951,False
BearMoonVerse,2026-04-26 04:22:55,"$25 ~ 12 Hours 🦋💜 

- RT &amp; Follow @rgba_official",2048256485243896097,310561,False
SusanPalme69820,2026-04-26 13:07:16,"If you’re a busy parent, employee, or small business owner, you need trading that fits your life. @natashaajade1’s live trades and copyable strategies make it possible.ℹ🏬🍘🥑

stock Crypto ARM
#InterestRates #Portfolio
 $SNOW $ALT https://t.co/hIwrmTxr1r",2048388443529752809,0,False
ThePenguinBTC,2026-04-26 12:05:28,"İran ve ABD neden anlaşamıyor? Cevap getiri eğrisinde.

Herkes İran-ABD arasındaki çatışmaya askeri cepheden bakıyor.

Ben finans cephesine bakıyorum.

İran Meclis Başkanı'nın geçenlerde söylediği gibi, ABD'nin gerçek cephesi tahvil piyasası.

Ve İran masaya koyduğu tek bir maddeyle tam oraya nişan aldı.

Anlatıyorum...

İran'ın asıl talebi: Hürmüz egemenliği

İran resmi çerçevede beş madde sundu.

- Saldırılar dursun.
- Güvenlik garantisi verilsin.
- Tazminat ödensin.
- Hürmüz egemenliği tanınsın.
- Yaptırımlar kalksın ve üsler boşaltılsın.

Beş madde sıralandığında hepsi ağır.

Ama biri diğerlerinin hepsini gölgede bırakıyor.

Hürmüz egemenliği.

İran'ın ateşkes şartında şu cümle yer alıyor.

""Hürmüz Boğazı için İran'ın çıkarlarını gözeten yeni bir protokol yazılacak. Geçiş koşulsuz olmayacak.""

İlk bakışta bu bölgesel bir mesele gibi görünüyor. Aslında çok daha derin.

Hürmüz neden ABD'nin gerçek cephesine vuruyor

Önce getiri eğrisini anlamak gerekiyor.

Getiri eğrisi, yatırımcıların ABD tahviline talep ettiği faiz oranı. Talep yüksekse faiz düşük. Talep düşükse faiz yüksek.

ABD'nin 39 trilyon dolar borcu var. Her yüzde 1'lik faiz artışı yıllık yüz milyarlarca dolar ek maliyet.

Faiz hızlı yükselirse ABD bütçesi sürdürülemez hale gelir.

ABD'nin küresel pozisyonu tek bir gerçeğe bağlı. Dünya ABD tahvilini almaya devam etmeli.

Şimdi bağlantıya bakalım.

1974'te ABD Suudi Arabistan'la anlaşma yaptı. Suudi petrolünü yalnızca dolarla satacak. Karşılığında ABD bölgesel güvenlik sağlayacak. Bu sistem zamanla bütün Körfez'e yayıldı.

Adı petrodolar.

Petrol almak isteyen herkes önce dolar bulmak zorunda. Dünya dolar talep eder. Yabancı merkez bankaları bu doları boş bırakmaz, ABD tahviline yatırır. Yabancı talebi yüksek olduğu sürece ABD tahvil faizleri düşük kalır.

Yani petrodolar dolar talebine, dolar talebi tahvil talebine, tahvil talebi düşük getiri eğrisine dönüşüyor.

Bu zincirin başında Hürmüz var.

Körfez petrolü dünyaya çıkmak için Hürmüz'den geçmek zorunda. Boğazı kontrol eden, geçiş koşullarını da koyar.

Şu an Hürmüz'de yuan ile geçiş gibi öneriler gündemde. İran egemenliği tanınırsa kalıcı hale gelebilir.

Yarın Suudi Arabistan ""ben dolarla satıyorum"" dese, İran ""boğazdan yuanla geçeceksin"" diyebilir.

Petrolde dolar tekeli kırılır. Dolar talebi yavaşlar. Tahvil talebi düşer. Faizler yükselir. 39 trilyon dolarlık borç çevrilemez hale gelir.

Bir madde. Dört seviyelik domino.

İran tam o dominonun ilk taşına vuruyor.

Trump'ın ""bütün kartlar bizde, onlarda hiç kart yok"" cümlesi de bu yüzden. ABD bu kartı vermez. Veremez. Çünkü Hürmüz'ü vermek dolar mimarisinin temelini sarsmak demek.

Ne ABD verir, ne İran bırakır

İran içinse Hürmüz hayatta kalma kartı.

Aylardır saldırı altında. Limanları abluka altında. Ekonomisi sarsıldı.

Elinde tek koz var. Hürmüz.

Hürmüz İran için savunma kalkanı, ekonomik silahı, diplomatik kartı.

Üstelik İran biliyor. Hürmüz, ABD'nin gerçek cephesine açılan tek kapı.

İki taraf da masada esnemiyor. ABD veremez, İran bırakmaz.

Son nokta

ABD ile İran arasında beş madde anlaşmazlığı var.

Ama biri diğerlerinden farklı.

Hürmüz, doğrudan ABD'nin gerçek savaş alanına bağlanan kart.

ABD bu yüzden geri adım atmıyor. İran bu yüzden bırakmıyor.

Mesele askeri güç değil. Matematik.

Peki bu savaşın kazananı kim olacak?

Bu savaşın kazananı, en çok acıya dayanabilen ülke olacak.

ABD acıya dayanırsa ABD kazanacak.

İran acıya dayanırsa İran kazanacak.

Mesele kim daha güçlü değil. Kim daha sabırlı.

Önümüzdeki 1-2 hafta kritik. Gelişmeleri yakından takip ediyorum, sizi bilgilendireceğim.

Sen ne düşünüyorsun? ABD mi yoksa İran mı daha sabırlı?",2048372891402539134,64837,False
MRJEM0306,2026-04-26 11:50:39,"Watch This Video!

I just created this bullish video showing $WKC, $BTC, $ETH, $SOL, $SHIBA, $PEPE, $DOGE, etc..

 If you pay attention, you notice that $WKC moved from +200,000% increased..

How would you feel after securing 1B WKC in your Peniwallet and checking it few days later to see WKC move to +200,000%.?

( That's 2000x) 

Take this move and thank Mr JEM later.",2048369159751229633,2361,False
NedunckDefi,2026-04-26 10:58:06,"I have never sold a single $CORE @Coredao_Org ☝️🥹
Not hype, but my personal conviction.📈✅

If after your real DYOR you still think it’s a scam, stay off it. This isn’t a get-rich-quick play 💯 

$BTC, $ETH, $SOL all faced doubt early. Red phases = positioning.

Stay braced, Coretoshi 📈📊

#Coretoshi #DYOR #CryptoConviction #Web3 #BTCfi",2048355938227150958,1549,False
soydavidvillega,2026-04-26 13:29:38,"🚀 ¡Buen día, comunidad!

✅ Los dos trades que compartimos en el directo de YouTube ya están cerrados en positivo.

🎯 En #ATOM logramos tocar el Take Profit (TP), y en #ZEC he decidido cerrar a precio de mercado para asegurar beneficios.

📊 Respecto a $BTC, sigo esperando la zona de los $75,500 aproximadamente. Anoche le dimos cobertura a este movimiento y la subida actual ha formado una acción del precio que ya hemos identificado antes.

📉 Por esta razón, he decidido abrir una posición en Short en la temporalidad de H4.

⚠️ Recuerda que esto no es un consejo de inversión, es simplemente mi visión técnica del mercado.

💬 ¿Tú operarías este corto o tienes otra zona en la mira? ¡Te leo en los comentarios!
#Bitcoin #Trading #Crypto #BTC #AnalisisTecnico",2048394070028865936,1618,False
cryptorover,2026-04-26 05:03:00,"UNREAL: 

🇺🇸 Donald Trump: “Meloni is no longer the old Meloni. I was shocked by that. I thought she was a brave person, but I was wrong.”  

🇮🇹 Meloni: “Italy does not care about what Donald Trump said.”

The US is picking fights with Italy, Britain & Spain. 

NATO is falling apart, right before our eyes.",2048266571672617068,1569747,False
Jethroe111,2026-04-26 13:08:08,"It's just us, fellow hardcore Bitcoin maxis.

Us against a fiat world.

Take it from someone who has been around the block. The world runs in cycles. It often wildly fluctuates;

BUT IT MEAN REVERTS.

Don't count on any of these people to align with your vision of FU money. https://t.co/s3QEcZg6m7",2048388658391028212,18558,False
CryptoCrewU,2026-04-26 12:00:14,"Bitcoin just hit the 21-week MA
30% rally into resistance 👀

No conviction.
No higher high.

Same setup as every bear market before it.

What happens next? https://t.co/CWCG4IF763",2048371574617600039,87741,False
NihilusBTC,2026-04-26 12:16:02,"I made 23.5x = +2253% total profit.🚀

I will complete this challenge in this week.

Follow me.

Open notifications.",2048375547160404371,108499,False
IIICapital,2026-04-26 12:03:24,"When opportunity comes, it is too late to prepare.

Stay humble, and stack sats.",2048372371438874741,105229,False
KillaXBT,2026-04-26 11:29:21,"$BTC

The market rarely gives perfect retests. 

If that were the case, everyone would be rich. https://t.co/1gG2v3kx6D",2048363801062359415,197594,False
DeFiTracer,2026-04-26 12:44:03,"🚨 BREAKING:

🇺🇸 PRESIDENT TRUMP JUST SAID AT A CRYPTO CONFERENCE AT MAR-A-LAGO:

""I WILL SIGN THE CLARITY ACT. BANKS NEED TO 'MAKE A DEAL' NOW.""

SOURCES REPORT THAT THIS BILL WILL INJECT $2.5 TRILLION INTO THE MARKET

GIGA BULLISH NEWS FOR CRYPTO!! https://t.co/DCkbeA35C6",2048382601619034277,389251,False
Thebitquake,2026-04-26 12:45:50,"Çöp dolu kripto piyasasında daha iyisini görmemeye devam edeceksiniz, sen duruyorsun diye zaman durmuyor aleyhine işliyor, harekete geç! 

$ETH #CRYPTO https://t.co/TQA1pcMl0M",2048383049767813390,1160,False
OwenDennis46841,2026-04-26 12:19:13,"Want to build wealth slowly but surely? Stop overcomplicating it. @natashaajade1’s live trades and copyable strategies are perfect for everyday investors like us.😣🛁👧🦍♋

stock Crypto ARM
#AAPL #EPS
 $ONDS $RKLB https://t.co/j4FT4J2j1H",2048376350273044729,0,False
voided,2026-04-26 12:15:00,"In late 2021, a 26-year-old opened a brokerage account for the first time.

He'd been watching the charts for months. Tech stocks going up. Crypto going up. Everything going up.

""I've been missing this my whole life,"" he thought.

He put in $12,000 from his savings. Bought Cathie Wood's ARK fund. Bought some Peloton. Bought a little Tesla.

The chart looked perfect. It had been going up for two years straight.

What he didn't know was that every chart looks perfect from below a peak.

By June 2022, his $12,000 was worth $4,100.

He didn't sell. He couldn't bring himself to.

He started reading. Really reading. For the first time, he learned what valuations meant. What interest rates did to growth stocks. Why a straight line up is usually the most dangerous pattern of all.

""I paid $7,900 for a finance education,"" he told his friends later.

""Worth it,"" he said.

""I'll never chase a chart again.""",2048375288548278448,89014,False
BSCGemsAlert,2026-04-26 11:09:04,"🇺🇸 Kevin O'Leary thinks that Bitcoin could hit $200,000 once the Clarity Act passes.

#CRYPTO #STARDOM President https://t.co/yhnERa6TWI",2048358695265055043,504859,False
OKXmena,2026-04-26 13:02:38,لما يبدأ السوق بالتحرك راح تفهم قوة بوتات التداول على OKX. https://t.co/vhYyYp2kbN,2048387274547589244,76160,False
smith_emil88688,2026-04-26 12:33:30,"I used to spend hours researching and still make bad trades—until @chistesdelengua’s live trades simplified it. Copyable strategies, steady gains, more free time.📚👐🟣🐄🔄

stock Crypto NASDAQ 
#AIBoom #NVDA
 $QS $USAR https://t.co/Dz40AQSGsB",2048379944300888194,0,False
nguyen_fra56117,2026-04-26 12:50:02,"To all my fellow regular investors: Slow and steady wins the race. Follow @chistesdelengua for live trades and copyable strategies that build wealth over time.😯🍱🌄

stock Crypto NASDAQ 
#Investing #WealthBuilding
 $ENVX $CVX https://t.co/ygnGbLk6bl",2048384105981821080,0,False
Micro2Macr0,2026-04-26 12:49:50,"Betting on Bitcoin investments. 2023 was my best year with a 600% return from most options for $TSLA, $META, $PLTR, $HOOD, $MSTR, and more when they were down 75% or more in late 2022. 

Options are very dangerous. But I bought two year leaps at an opportune time when ALL of tech was utterly butchered. 

Right now, I only have about 10% of my portfolio in and am not looking to add. I just think there's too many short term risks. But if you zoom out a year or two I'm thinking things are looking a lot better. So for some reason markets get crushed, I might be in more leaps again.",2048384057038299362,110340,False
CryptoTweets,2026-04-26 13:07:47,JUST IN: Michael Saylor hints at Strategy $MSTR buying more Bitcoin soon. https://t.co/79ebIE7pRP,2048388572126875874,7057,False
dannycheng2022,2026-04-26 12:34:49,"Just out of curiosity, how many people have actually made millions in profits by faithfully following permabears who keep calling for recessions, depressions, the end of the world, or claim Bitcoin and $NVDA are heading to zero?",2048380276146110660,79543,False
trader_samet,2026-04-26 13:02:28,"Çizdiğimiz simetri sıkışan yapı beklediğimiz gibi
 yukarı yönlü kırılım yaptı.

Boğa bayrağı diyenler var.
Düşen kama diyenler var.
Simetri üçgen diyenler var.

🚨Ne diyorsanız deyin ama net olun !!
Öylede olabilir böylede olabilir demeyin.

Çünkü bu insanlar sürekli renk değiştiren 
traderlardan midesi bulanmaya başladı.
Ben 60 binlerden beri iddaamın arkasındayım.
Saatlik günlük grafiklere takılmayın.
Büyük resime odaklanın,

Haftalık macd 1350 gün sonra yukarı kırdı.
Momentum Yeşil yaktı,
Yön her şekilde yukarı.

Gökyüzünde bir sürü yıldız var,Yönünü kaybettiysen
Doğru yıldızı takip etmen gerekiyor.",2048387235343372408,32186,False
cartoonitunes,2026-04-26 12:43:28,"I’ve been cracking the source code of every contract deployed by @avsa, one of Ethereum’s earliest builders.

60 contracts. 2015-2018. Most never verified.

All on Ethereum History. 🧵 https://t.co/cGNh3DZ515",2048382452469559712,4150,False
SimonDixonTwitt,2026-04-26 12:57:42,"This is why I no longer speak at Bitcoin conferences.

These conferences are created and sponsored by those who want to centralize as much Bitcoin as possible into financial-industrial complex wrappers.

You resist by holding it in self-custody and boycotting all FIC wrappers, including conferences owned by Bitcoin treasury companies.",2048386036783341803,266995,False
CryptoCaesarTA,2026-04-26 09:39:08,"$BOOB to boobillions. That’s the tweet.

Just so I can come back and flex on you all. https://t.co/ItIfPpL8Cz",2048336065564410054,64542,False
BFB,2026-04-26 13:14:11,"The Orange dot never stops. 

Pump it Saylor!",2048390181552820351,3583,False
DeFiTracer,2026-04-26 11:44:09,"🚨 BREAKING:

🇺🇸 FED WILL ""URGENTLY"" INJECT $5.058 BILLION TOMORROW AT 9:00 AM, RIGHT BEFORE THE MARKET OPENS

THEY WILL INJECT A TOTAL OF $40.2B THIS MONTH TO STIMULATE THE ECONOMY AFTER THE US-IRAN WAR

GIGA BULLISH FOR CRYPTO!! https://t.co/JE1mhyfBr7",2048367525277139075,389251,False
NitroBunnies_X,2026-04-26 12:14:16,"Built by the DoJo, powered by the community. When we move together, we’re unstoppable 🐇🔥 

https://t.co/nW3ypb1JD3 

#NitroBunnies #NTRO #Solana #Crypto #MemeCoin #Web3 https://t.co/r8Cr3gVZYf",2048375104065646644,279,False
CryptoEconomyEN,2026-04-26 13:00:02,"📊 ETFs reshape market dynamics

Flows into spot Bitcoin ETFs are emerging as a key factor influencing crypto market direction.

📰 Full Article:

https://t.co/HCQBAGPRv3",2048386620295151874,6321,False
TheCryptoKazi,2026-04-26 12:15:05,"Most people have forgotten. 

I bought $1M worth of ETH at the bottom. 

I longed BTC with size at the bottom. 

I don’t need to show PnL proof. 

I just show I got balls of steel. 

These 2 trades alone will feed 5 generations to come, when I sell. 

$100K.
$4.8K. https://t.co/BraPjQjibm",2048375307921391943,95596,False
SatoshiFlipper,2026-04-26 10:57:54,"$BTC/usdt 2 hour

I'm sure it's nothing, just a LTF Bitcoin breakout  😏 https://t.co/twRKn3i9zw",2048355886091968821,239863,False
CoinDesk,2026-04-26 13:22:31,"U.S. military confirms it’s running a live Bitcoin node, and FTX’s estate may have missed out on $3B after selling a Cursor stake early.

Jenn Sanasie has what you need to know. https://t.co/RXVJunUmpi",2048392278503227752,3586750,False
Zagy998,2026-04-26 11:38:44,"It s coded , $SPIKE OG on $ETH

Billions ! 

0xa949101Be849184c77E5ac1405Aaf3cDf41da1b2 https://t.co/BHlzwj4rzI",2048366161159393562,3143,False
JeffreyMur51307,2026-04-26 12:29:00,"Still mind-blown by @PriyRaval. My stocks are on a massive run. Daily shares of fast-rising winners. You gotta follow this account!🪔🔄👠🙇

MU    AMD  INTC   
#TSLA #PLTR
 $AAPL $GME https://t.co/aHDTv5VjoK",2048378810437955683,0,False
PintaricRobert,2026-04-26 13:01:51,"Nach so viel #Achterbahn in der #Krypto Szene

Immer noch #Bitcoin Platz 1",2048387079655072047,2057,False
keenn_eth,2026-04-26 11:22:04,"What was your first airdrop win in Crypto ?

I’ll go first 

$25k in a day was never imagined until @arkham changed the game for me.

I have had bigger wins over the years but the most significant was my first big win which was $25k from arkham on Tuesday July 18 2023, I can never forget that day.

Thank you $ARKM for changing my life forever...

This screenshot is still legendary 🫡",2048361968906498354,17448,False
De_Okwutex,2026-04-26 13:17:04,"@TATrader_Alan First Bitcoin leads, then Ethereum follows, then everything else wakes up.",2048390910551986227,5380,False
GoingParabolic,2026-04-26 12:32:11,"Bitcoin dropped 53% this cycle.  
That’s likely the cycle bottom.
The cycle. 
Bottom.",2048379612825092478,281586,False
TheMoonShow,2026-04-26 11:46:24,"$BTC looks like it could be putting in a W on the weekly.
There’s an FVG above — if that flips, I wouldn’t be surprised to see 100k. https://t.co/scgfyspw5C",2048368091231609076,17737,False
MrfomoBTC,2026-04-26 10:46:42,"■ 중국인이 왜 공무원을 준비?
오늘 노량진부터 홍대까지, 고시원과 부동산을 뒤덮은 중국어 안내판을 보며 피가 거꾸로 솟았습니다.

欢迎！中国留学生租赁咨询.
(환영합니다! 중국인 유학생 임대 상담)

대한민국 청년들의 성지였던 곳들이 하나둘 '중국화'되고 있습니다. 중국인이 대한민국 공무원의 주류가 되는 세상... 그들은 우리의 시스템에 합법적으로 침투할 겁니다... 머지 않았습니다...
#노량진 #홍대 #국가위기 #중국",2048353068635570539,1551,False
kayaorhun26,2026-04-26 12:45:07,"Bitcoin 78.844$ geçilimiyle ilk hedefi ;

80.000$ .",2048382866950652207,2848,False
Booksey,2026-04-26 12:03:40,"Welcome to the BULL

I know who will get the last laugh and it won’t be the bears

I test the crypto market by how Dubai looks and as of right now it’s packed everywhere https://t.co/hcDTCn7deX",2048372438090531266,147616,False
XrpUdate,2026-04-26 12:33:37,"BOOOOOOOOOOOOOOOM💥

$XRP now sits with BTC, ETH, Gold &amp; Oil on Coinbase’s TAS framework, May 1 🗓️ 

From “altcoin” to macro asset ✅ https://t.co/K7i3bJ1LYy",2048379971853590987,45381,False
icobeast,2026-04-26 13:08:34,"Men used to dream about monkey pictures running from $200 to $1m overnight 

Now they dream about a $6k pump on Bitcoin

We’ve forgotten how to dream 😭😭",2048388768642535717,68395,False
ICT___7,2026-04-26 13:03:57,"شرح:⏳
اعتمد على شمعة الساعة (ICT):
حدد قمة/قاع الساعة وراقب سحب السيولة منها، إذا صار sweep + رجوع داخل النطاق، هنا الإشارة.
انزل فريم 5 دقايق وخذ دخولك من FVG أو Order Block مع الاتجاه.

باختصار:
ساعة = تحديد السيولة
5 دقائق = تنفيذ

#ICT #الأسهم #الأوبشن #سمارت_موني
#Crypto #BTC #SPX #Nasdaq",2048387607965348067,4650,False
valuetrader_,2026-04-26 13:15:51,"$BTC 

But the fractal boys will be in shambles as usual. 

Nobody can predict tops and bottoms accurately nor consistently. But if you TAKE the trades that are bottoming each time and navigating the trades appropriately you will mostly always catch the bottom",2048390602664907110,534,False
Steph_iscrypto,2026-04-26 13:00:00,LATEST: 🇺🇸President Trump says crypto is now MAINSTREAM — the CLARITY Act is what decides whether the U.S. leads it or loses it. https://t.co/nJLFvz9GOA,2048386613403865297,82279,False
aussiehaggie,2026-04-26 12:09:00,"I'm a man of my word 🫵🗣️💯🔥🔥🔥🔥

If you reply, I'll follow you 🧡😉💯

If you aren't following me, nothing for you🙂‍↔️💯 https://t.co/QCwCx4mV4l",2048373778053480869,44900,False
BitcoinNews,2026-04-26 11:08:00,"⚖️ Major crypto exchanges and developers united this week to urge Senate Banking to advance the CLARITY Act. 

🇺🇸 The push comes as Sen. Lummis demands immediate markup. 

Industry warns the U.S. falls further behind global competitors each day without clear digital asset rules. https://t.co/feDfLItN5f",2048358426871562310,3273742,False
rkmtimes,2026-04-26 11:30:31,"JUST IN🇮🇷❌🇺🇸🔥 Iranian IRGC buying Crypto and Mining by selling Oil in #Bitcoin after 2012 and now holds $18 billion Bitcoin and Crypto to continue bypassing US dollar and Western sanctions. 

🚨Is #Bitcoin becoming Iran’s national currency or foreign reserve? https://t.co/KgExk6g2Sr",2048364095154577694,126015,False
Jeett__,2026-04-24 00:45:38,"Alguien a quien quiero muchísimo, le intereso y comenzó a invertir, le di opciones entre $BTC, $ETH y $XRP, le dije los precios de cada uno, le di argumentos y me pregunto que entre los 3 cual no eligiria, se lo dije y me dijo bueno entonces en ese.. adivinen cual era.. 😂😂 https://t.co/CGmPtU4Di3",2047477028673233196,884,False
BobbyAnalytix,2026-04-25 06:18:52,"@StonkChris Crypto is just another sector within the broader market, it doesn't necessarily have to move with tech.

The bull case is trading (stocks, RWAs, etc) moving on chain. $ETH is the chain of choice.",2047923275326448071,635,False
paradotor,2026-04-26 11:49:32,"VISA payment network: ~24,000 TPS pratik kullanım, 65,000 TPS ölçümlenmiş kapasite…

Bitcoin: ~7 TPS, Ethereum L1: ~15-30 TPS 

Tüm L2’ler toplam: ~200-400 TPS işliyor (Nisan 2026)

İnternet ödemelerinin tek bir küçük dilimi (Visa) bile, tüm crypto endüstrisinin toplam transaction kapasitesinin 100x üstü.

Konuyu doğruca anlatmak gerekir. Rolluplar, transaction’ları off-chain işliyor, sonra kanıtları ve verileri bir yere yazıyor ki herkes o transaction’ların gerçekten olduğunu doğrulayabilsin. Bu “veriyi yayınlama” işine Data Availability deniyor.
Eğer DA pahalıysa rollup pahalı. Eğer DA ucuzsa rollup ucuz. Bu yüzden DA layer’ları rollup ekonomisinin omurgası….

Onchain gaming: Bir oyun saniyede binlerce state update üretir. Cosmocity, Pirate Nation, Word3 gibi onchain oyunlar mainstream olursa, rollup’ların DA tüketimi 100x patlar. Ethereum blob kapasitesi yetmez.

Onchain social (Farcaster ölçeğinde mainstream): Her post, like, follow bir transaction. 1M aktif kullanıcı = saniyede binlerce transaction.

AI agent ekonomisi: Eric Schmidt’in tahminleriyle 2026-2027’de milyonlarca AI agent on-chain ödeme yapacak. Her agent action’ı bir transaction.

DePIN networks: Helium, Hivemapper, IoTeX gibi networkler IoT data’sını on-chain yazıyor. Ölçeklenirlerse milyarlarca transaction/gün.

RWA tokenization: Mantle, Celo, Eclipse gibi rollup’lar enterprise/RWA için ölçek istiyor.

Hyperluqıd gibi DEX’lerin CLOB L2 versiyonu çıkarsa ETH blobları bir tanesine bile DA hizmeti veremez, kapasitesi yetmez. 

Mevcut Ethereum blob kapasitesi (1.3 MB/s) yani yetmez.

DA layer’lar sıraya girer, Celestia’nın 1 Tbps Fibre vizyonu zorunluluk haline gelir.

Bir uygulama geliştiricisi düşün: oyun yapıyorsun, saniyede 10,000 transaction lazım, ucuz fee, instant finality. Ne yapacaksın?

Monolitik chain: mevcut yığını kullanmak zorundasın. Solana iyi ama oyun-spesifik optimizasyon yok. EVM’de daha kötü.

Modüler stack: kendi rollup’unu kur, execution’ı oyun için optimize et, DA için Celestia kullan, settlement için Ethereum’a yaslan. Tam istediğin gibi tasarla.

Bu opsiyon zenginliği, geliştiricilerin uzun vadede modülere kaymasını sağlıyor. Conduit, Caldera, Conduit gibi rollup-as-a-service firmalarının patlamasının nedeni bu geliştiriciler kendi zincirlerini kurmak istiyor.

“Celestia” oyunun son noktası olacak….",2048368882000244939,782144,False
BTCPrague,2026-04-26 12:07:02,"We’re welcoming the following companies as partners of BTC Prague 2026:

Glimpse · Portu · Electrum · BTC Map

Glimpse is a regulated prediction market where you can trade event outcomes using Bitcoin.

@portucz is a European investment platform offering diversified portfolios, including Bitcoin exposure through leading ETP providers.

@ElectrumWallet is a self-custodial Bitcoin wallet, trusted since 2011, with advanced features and Lightning support.

@btcmap helps you find places to spend sats wherever you are.

Meet the teams at Europe’s biggest and most influential Bitcoin conference.
BTC Prague 2026 · June 11–13 · Prague",2048373282928304591,22911,False
Mr_Derivatives,2026-04-26 12:50:03,"$BTC and to some extent $ETH looking good lately.

#nojinx https://t.co/5lBr0P0O84",2048384108548727051,397363,False
BTC_for_Freedom,2026-04-26 12:52:41,"Bitcoin will hit $300k in 2026, $600k in 2027 and $1m in 2028. In today’s dollars.",2048384772943020089,124849,False
ruposhamin,2026-04-26 13:01:00,"Create your own cryptocurrency like Bitcoin or Ethereum by Blockchain &amp; AI Developer!
Secure, scalable, and custom-built to dominate the market.
Click to launch your crypto dream today!
Connect! https://t.co/N4HCbIosTx

#Crypto #Blockchain #Fiverr #bitcoin #Dogecoin #AI https://t.co/QeHVUERcKW",2048386864617304318,3700,False
joaohazim,2026-04-23 12:26:04,"@sincero_crypto ETF de Bitcoin nao é Bitcoin. É só um instrumento que vai possibilitar quem só quer especular BTC poder fazer isso.

Sobre escolha, é isso aí. Cada um escolhe o que quer usar e colher as consequencias disso.",2047290910942122467,20621,False
blockchainchick,2026-04-26 11:21:26,"Are these the people you want ""shaping Bitcoin's future""?

The FBI Director. The Acting AG. The SEC Chair. The CFTC Chair.

Bitcoin was literally invented to route around these people.

Now they're the keynote speakers. https://t.co/S7CkuAhzEL",2048361806318424461,142744,False
Alek_Carter,2026-04-26 08:09:04,"Whales are positioning for a Bitcoin breakout.

• Large traders on Hyperliquid are increasing long positions, showing rising conviction.

• Net longs have been steadily climbing for two months, signaling bullish positioning.

• This suggests smart money is betting on an upside move from this range.",2048313398933209163,23530,False
dxbcrypto121,2026-04-23 15:52:44,$ETH / $BTC pair on the weekly is all you need to buy crypto. $ETH still looking weak here against $Bitcoin https://t.co/xkTgbaTeX7,2047342918818812004,5595,False
Steph_iscrypto,2026-04-26 09:00:02,"MASSIVE: Ripple CTO David Schwartz compares the future of payments to email — if transfer costs go to zero, $XRP could change banking forever. https://t.co/9BtRcIVdoV",2048326223210619297,82279,False
ChrisCa76642661,2026-04-26 13:27:34,"🚀 Bitcoin (BTC) is at $77,860 
24h: 0.30% • Market Cap: $1559.25B

Live chart: https://t.co/8C780qq2Y4

#Crypto #Bitcoin #Ethereum #BaseChain",2048393552770584918,1509,False
BinanceArg,2026-04-19 22:00:26,"Cripto no es solo Bitcoin.
Ethereum, BNB, USDT... cada una tiene un uso distinto. Como herramientas, no todas sirven para lo mismo. 🛠️",2045985903026319524,77209,False
HFinans45866,2026-04-26 13:23:57,#kripto lar da ucuzdur. Ama altlara iştah yetmeyebilir. Bitcoin ve eth para kazandırır.,2048392638789791953,188,False
philarekt,2026-04-26 12:12:31,"So you keep getting faked out on trades and don't know why?

Probably because you don't understand Breakout trading yet

Sounds complicated? It's not. Here's the quick breakdown:

What is a breakout?

When price pushes through a key support or resistance level with momentum. It signals a shift in power between buyers and sellers, and that's where the opportunity lives

Two types you need to know:

Bullish breakout - price breaks ABOVE resistance, buyers are in control, you go long

Bearish breakout - price breaks BELOW support, sellers took over, you go short

How to trade it:

1. Mark your key support and resistance levels on the chart

2. Wait for price to approach these levels (patience is everything here)

3. Confirm the breakout with volume - no volume = no conviction = likely a fake move

4. Enter in the direction of the break

5. Set your stop-loss just below the breakout level (bullish) or just above it (bearish)

6. Target a >2:1 reward-to-risk ratio

What triggers breakouts?

News and announcements - partnerships, regulations, macro events

Sentiment shifts - FOMO and fear move markets faster than fundamentals

Technical patterns - triangles, flags, head-and-shoulders all set up breakouts

Indicators that help confirm:

RSI - above 70 signals overbought, below 30 signals oversold

Moving Average crossovers - short-term crossing long-term confirms direction

Volume - the single most important confirmation tool. High volume = real breakout

Pro Tip: The #1 mistake beginners make is jumping in too early. False breakouts will destroy your account if you don't wait for confirmation. Let the candle CLOSE beyond the level before you enter. And never risk more than 1-2% of your capital on a single trade

Master breakouts and you'll never look at a chart the same way again

Follow for more trading insights and have profitable trading!",2048374662141255741,7899,False
CalistoVig55878,2026-04-26 12:44:17,"Forget the “overnight success” lies—us regular folks build wealth one steady gain at a time. Follow @natashaajade1 for live trades and copyable strategies.🚼💆📜🍩🥦

stock Crypto ARM
#ValueInvesting #Stocks
 $MSFT $INTC https://t.co/Wl8abwEo7H",2048382657923305796,0,False
cryptofergani,2026-04-26 12:23:39,"This guy just retired his bloodline 

$261 flipped into $12.5M with a memecoin https://t.co/xMMfR44SVG",2048377464955469921,263102,False
cryptorover,2026-04-26 13:20:49,"Ethereum Foundation is selling $ETH AGAIN 🚨

Ethereum Foundation just unstaked $48.9 million worth of Ethereum.

This means those coins can now potentially be sold.

They also sold 10,000 ETH to Bitmine just days ago. https://t.co/FbZNomk95B",2048391852693602731,1569691,False
CryptosR_Us,2026-04-26 13:12:12,"SCARAMUCCI: THOSE WHO BOUGHT AT THE TOP WILL STILL MAKE MONEY - JUST HOLD

""I own the same one Bitcoin at $126K as I do today. Only human feelings changed, not the asset.""

Long-term target: $1M per BTC.
Conviction over emotion. https://t.co/g9XIaTHz1r",2048389682342281729,302802,False
theblockopedia_,2026-04-26 12:38:47,"Fundstrat Chief Backs $250,000 Ethereum Price Target 📊

• The target calls for ETH to eventually reach $250,000 per coin
• Combined, these two assets represent roughly $31.5 trillion in market value
• It typically ranges from 2% to 4% annually

https://t.co/qhNF8D8k0y",2048381272955736276,20090,False
P2Pdotme,2026-04-26 12:37:55,Building the hottest crypto startup from the hottest country right now is this summers real flex 💪,2048381058123743416,11191,False
TeknikalSaham,2026-04-26 12:34:12,"$BBRI update

Ada yang masih inget sama trading plan fibo di Timeframe BULANAN?

Update: BBRI semakin dekat ke target harga beli.

Area perlu diperhatikan:

Fibo 78.6 bulanan: Rp3030
Demand Zone: Rp2880-3030

*Tidak langsung menangkap pisau jatuh. 
Tapi menunggu reaksi di area yg diamati",2048380120059265057,38074,False
saylor,2026-04-26 13:05:41,The ₿eat Goes On. https://t.co/tBDs2z0b4z,2048388043229270250,4998568,False
crypto_ronny01,2026-04-26 12:39:48,"Kingpin almost bought Bitcoin at $200 and passed.

In Daredevil: Born Again S2, fear of volatility killed the play.

Some “risky” bets age the best.

$BTC $ETH
#Bitcoin #Crypto #BingX https://t.co/v2M0D4rYYG",2048381530955825506,1277,False
cryptorover,2026-04-26 12:56:08,''Nobody is using Bitcoin'' https://t.co/ClwI3JToTC,2048385638664446317,1569691,False
EkoKripto,2026-04-26 13:15:03,"Bitcoin kısa vadede yükselen kanal içinde hareket ediyor

Ana Trend yukarı, ama yorulma sinyalleri var Kritik bölgedeyiz:

80.000 bölgesi güçlü direnç
76.000 ise kısa vadeli destek

Piyasada, Momentum var ama ne yazık ki tam kırılım yok

Kısa vadeli senaryomuzda
 80K üzeri kapanışlar gelirse yeni hareket başlar
 Kanal altı kırılım olduğunda da düzeltme derinleşir

#Bitcoin #Crypto #Btc #Altcoin",2048390401053102269,14865,False
thinkingcrypto,2026-04-26 13:04:36,"Crypto Needs Clarity to Continue Growing!

WATCH ▶️ https://t.co/2IYWg5IyqN

Miller Whitehouse-Levine, CEO of the Solana Policy Institute, joined us at the SPI Summit to discuss the U.S.’s embrace of crypto, SEC and CFTC guidance, and the need for the Clarity Act to pass.

#crypto #clarityact #solana",2048387772151439776,141903,False
MartiniGuyYT,2026-04-26 12:43:24,MICHAEL SAYLOR JUST SAID: “0.1% OF THE ECONOMY HAS CLEAN MONEY AND 99.9% OF THE ECONOMY RUNS ON DIRTY TOXIC ASSETS.” https://t.co/rm94qLdH4L,2048382435046604908,708893,False
dallehollywood,2026-04-26 13:17:02,"That $ETH you thought you lost to fees? Not really.

Every token purchase actually locks a portion of your ETH in a hidden wallet.

https://t.co/VbVPjyBJC4

A ton of traders have HUNDREDS of these just hanging out, totally ignored.

That ETH you assumed was gone? It's just hanging out, ready for you to grab it back.

etH Incinerator takes 2-5%  
Terminals take 1%+

etH Reclaimer:  
→ Scan any wallet  
→ Just a 0.5% fee  
→ Referrals drop it to 0.375%

See how much you're missing out on 👇  
$BERA $SXT",2048390901295112291,55542,False
EugeneMclaurin,2026-04-26 13:29:29,I would swap a bit of my $BTC for $ATONE at 20 milli. If BTC nukes in a couple of months i might get that opportunity. #TBT https://t.co/HsHkb05NTu,2048394031256748270,224,False
NobleCoins,2026-04-26 12:44:19,"This is  crazy  , this guy just retired his bloodline 

$261 flipped into $12.5M with a memecoin

It can only be possible with crypto https://t.co/q3XYvjqTkc",2048382666483875950,67439,False
jones_kayl66527,2026-04-26 13:01:40,"If you’re a busy parent, employee, or small business owner, you need trading that fits your life. @natashaajade1’s live trades and copyable strategies make it possible.💳👟

stock Crypto ARM
#AAPL #MoneyManagement
 $SOFI $RKLB https://t.co/1KHybpNIQH",2048387031009529882,0,False
CMiddleton3728,2026-04-26 13:28:51,"I’m not a finance guru, just a regular investor who trades smart. @natashaajade1’s live trades give me the confidence to keep going—steady gains, copyable moves.🏊👺

stock Crypto ARM
#IPO #AIBoom
 $RGTI $NVTS https://t.co/a6iZnvXlsF",2048393871818674302,0,False
KeithHolla83878,2026-04-26 13:17:20,"I used to spend hours researching and still make bad trades—until @chistesdelengua’s live trades simplified it. Copyable strategies, steady gains, more free time.😶🎐🍵🧟

TSLA   INTC  NVDA  
#StockNews #Crypto
 $GLD $RGTI https://t.co/S2HLggmV25",2048390977572790430,0,False
CryptoTice_,2026-04-26 13:00:02,"BREAKING:

Trump just cancelled all peace talks with Iran.
Officially. Completely. No conditions.

Hormuz stays closed.
Oil stays weaponized.

Markets open in hours...

Every trader who was pricing in a deal.
Just got it wrong.

Every institution holding risk assets.
Wakes up to this headline tomorrow morning.

There is no deal.
There is no ceasefire.
There is no off-ramp.

Brace for open.",2048386621754745210,317626,False
CryptoSavingExp,2026-04-26 12:51:49,"JUST IN 🚨 BLACKROCK HAS JUST LABLED BITCOIN A ""RISK OFF"" ASSET. https://t.co/OaYoMJnndN",2048384554457850177,128376,False
aussiehaggie,2026-04-26 12:48:17,"Afternoon gain ✅🕛☀️🏝️🔥🔥🔥🔥

Just say Hi 👋 

We follow you 💯💥💥💥💥💥💥💥🧡😉 https://t.co/ZrnG8bcDeJ",2048383663650619800,44900,False
thebittimescom,2026-04-22 09:29:03,"If Bitcoin Is Digital Gold, Ethereum Is Everything Else: Here's Why #Bitcoin #cryptocurrecy #CryptoNews #cryptomarket #binance #TheBitTimes https://t.co/81dl3GUa1J",2046883974149210560,971,False
pete_rizzo_,2026-04-26 10:09:00,"JUST IN: SAMSON MOW JUST SAID THE 4-YEAR CYCLE IS DEAD AND #BITCOIN IS HEADING TO $1,000,000

SAYLOR IS FLOODING THE MARKET WITH BUY PRESSURE

""THERE IS NOT ENOUGH SUPPLY"" 

BREAKOUT SOON 🚀 https://t.co/a93eJcmFHI",2048343578796327281,212501,False
Vivek4real_,2026-04-26 13:09:04,"MICHAEL SAYLOR JUST ANNOUNCED TO TO BUY A LOT MORE BITCOIN 

HERE WE GO 🔥 https://t.co/jVM9MHEuqv",2048388893888983341,254593,False
arkham,2026-04-26 06:21:19,"THE ETHEREUM FOUNDATION IS UNSTAKING ETH

The Ethereum Foundation is unstaking $48.9M ETH. They just deposited WSTETH to the Lido unstETH contract and will receive unstaked ETH once the unlocking process is completed.

Are they going to sell this ETH as well? https://t.co/qsfrA9Cj7c",2048286282162610552,1526616,False
TheCryptoSquire,2026-04-19 18:50:00,"🧐 WHAT’S YOUR PICK? 🧐

♻️ $BTC                             ❤️$XRP https://t.co/Lll9gPBNLd",2045937977634017637,550833,False
BullRun_Signals,2026-04-26 12:21:36,"Most creator programs in crypto are a joke.

Repost this. Tag three people. Earn 5% if they ever trade.

@EVEDEX  is doing it differently.

→ 80% revenue share on referral commissions
→ Official affiliate badge
→ No content restrictions: trades, memes, analysis, narratives, whatever fits your style
→ Scored on referral volume, reach, quality, and consistency

I'm already on the platform. The gamification (XP, skill trees, cashback) is genuinely one of the better product experiences I've seen on a DEX.

If you create content and want a program that actually pays:

1. Sign up → https://t.co/8FbxUGz99g
2. Grab your referral link from the Affiliate section
3. Submit your X handle → https://t.co/TcfmxV8zN3

Just don't go inactive, they pull the badge if you do 👀",2048376948880191745,14087,False
Sykodelic_,2026-04-26 10:04:13,"The bullish signals continue to ramp up here.

Bitcoin is currently completing a 50/100D SMA bullish cross.

Every time Bitcoin has done this after reaching oversold on the 1W RSI, the bottom was in.

In addition, Bitcoin has strongly broken out of the 1W RSI downtrend...

Another signal that had also fired the last two times we had this cross.

With just over 12 hours until the weekly closes, unless we get some unexpected news, im expecting us to close above $74,400, which is another strong signal.

Impossible to say if the bottom is in until later, but right now, its shaping up well.",2048342375886643383,71092,False
Bitco21,2026-04-26 13:25:41,"Und die EU sagt Bitcoin ist schlecht, um wieviel ist dein Bankkonto in der Zeit gewachsen, dein Konto können sie jeder Zeit sperren, Bitcoin nicht wenn du es auf der Hardware Wallet selbst verwahrst ⚠️ 
Kaufe, es wird dich retten, die Regierung ist nicht dein Freund ⚠️ https://t.co/MbqhGTko7s",2048393077824401500,458,False
NaomiCoope95432,2026-04-26 12:25:39,"If you’re a regular investor tired of feeling lost, @chistesdelengua’s live trades give you a roadmap. Clear direction, copyable strategies, steady returns.♎😌🔽🎍🐻

stock Crypto NASDAQ 
#AAPL #AIBoom
 $BNAI $AMD https://t.co/uitG3m7sHq",2048377970943987856,0,False
InfoSpace_OG,2026-04-26 12:32:13,". @pullupso turned $575.77 to $1.2M

3 to 7 figs

2000% trades.

Only in Crypto.

If he can do it; you can.

Lock In!!!!  https://t.co/wD8WLxpdlO",2048379621108850713,93627,False
letsexchange_io,2026-04-26 09:00:01,"🚨 WE ARE LIVE!
The LetsExchange × Unity Wallet “Meme Contest” has started 🔥

🗓️ Contest dates: April 24–27

🎯 Topic: Crypto life – trading, wallets, emotions, and everyday moments
😂 Show us your best crypto meme and compete for rewards!

💥 How to join:
📲 Post your meme on X
🏷️ Tag @letsexchange_io + @unity_wallet
#️⃣ Use #CryptoLifeMemes

💰 Prizes
5 winners × 20 USDT each

🏆 What makes a winning meme
😂 Humor
🎨 Creativity
🎯 Relevance to the topic (crypto life)

⚡ Let the meme battle begin!",2048326219750334949,30844,False
3A_Atlas,2026-04-22 02:15:15,"If you had to keep only ONE among BTC, ETH, and 3A, which one would you choose? 🔥🤔
Drop your choice in the comments and let’s discuss! 👇🚀

#BTC #ETH #3AAtlas #Web3 #Crypto https://t.co/nVAeKo157B",2046774804678848846,4459,False
drethenoid,2026-04-24 17:31:59,@nknwn_eth @thehumanoids yo gm brother hope u have a great one g,2047730285559808008,52316,False
CryptoAdventure,2026-04-26 11:06:43,"⛏️  Miner Capitulation: How to Spot It Before the Headlines Catch Up

Miner capitulation sounds dramatic because it usually appears in headlines only after something visible has already broken. #bitcoin #mining #btc #crypto https://t.co/HwgfKVHimB",2048358106015404286,80515,False
BSCGemsAlert,2026-04-26 12:43:32,"“ CRYPTO WILL MAKE YOU NOT NEED A JOB.”

“BUY AND HOLD NOW, RETIRE IN A FEW YEARS.” 🚀",2048382467799974384,504859,False
enesonchain,2026-04-21 09:22:12,"@_Jamisky yea, ETH on top literally 

Bitcoin is gold

ETH is crypto",2046519861157794094,53160,False
CryptoSnack_,2026-04-26 12:09:48,"☀️ Sunday mood: calm on the surface, electric underneath.

We’re on the edge of something big.

This week the Snack Wallet launches and kicks off the next phase of our 5-pillar ecosystem.

Everyday use. Real rewards. Tangible benefits for holders.

The storm is building — and it’s going to be an exciting one.

Stay close. Get prepared. This week is going to deliver.

Who’s feeling good about what’s coming? 🍩✨

#CryptoSnack #SNACK #RealUtility",2048373980185125019,21141,False
ZaraCrypt0,2026-04-26 07:58:58,"50 USD | 24 Hours 🔮⚘️🌳

- RT &amp; Follow @JargonQuest
 
- RT tweet below 👇🏼 

(DYOR, NFA, AD) [ZR0110]",2048310856585265428,108360,False
janrothen,2026-04-21 14:06:12,"@Krypto_Cuervo Weil ETH kein Geld ist und gegen Bitcoin ständig an Wert verliert.

Mit anderen Worten: Bitcoin is hartes Geld (darin kann man sparen), ETH ist Spekulation auf irgendetwas 🤷‍♂️",2046591334597706112,1842,False
TheCryptoSquire,2026-04-23 19:34:00,"⚠️ ripple:native $100K ⚠️

Prediction… or hidden signal? 👀 https://t.co/kdERdX3LiM",2047398602092515414,550813,False
nicksortor,2026-02-11 00:39:15,"🚨 BREAKING: Bitcoin was seen being transferred into the wallet in the Nancy Guthrie ransom note within the past 15 minutes, per TMZ

This comes as FBI agents DECEND on the area near Nancy Guthrie’s house, and Sheriff SWAT vehicles were seen rolling out of the station.

The ransom note demanded $6 MILLION in Bitcoin

Something is happening…",2021383496850174173,1535362,False
NikolaiNuu7895,2026-04-26 12:45:18,"Still mind-blown by @PriyRaval. My stocks are on a massive run. Daily shares of fast-rising winners. You gotta follow this account!🈵👗🦅🔗

MU    AMD  INTC   
#NVDA #AIBoom
 $INTC $S https://t.co/ww7GndpdBY",2048382913079648679,0,False
AAStack,2026-04-26 12:56:41,"POV: You bought the 2025 Bitcoin dip

Its 2027

$BTC +210% 
$MSTR +360% 
$IREN +150% 
$ASST +280%  https://t.co/CRZHcROyJn",2048385777243947293,13984,False
ChloeColli62737,2026-04-26 12:44:56,"I went from anxious trading to confident moves after following @chistesdelengua. Live trades, clear strategies, and reliable steady gains — highly recommended.🥴🐌

StockMarket MSFT SupportResistance
#HPC #AIBoom
 $BTC $PDYN https://t.co/U0zB8d9hME",2048382820666442073,0,False
harriet24830,2026-04-26 12:33:53,"Forget the “trade like a pro” pressure—us regular folks have our own style. Follow @natashaajade1 for live trades that fit our lives.🈵🥯

stock Crypto ARM
#SupportResistance #AIBoom
 $SBUX $UPS https://t.co/pKOjeLCOdk",2048380042460438923,0,False
DustyBC,2026-04-26 13:05:20,🔥 𝗛𝗨𝗚𝗘: Strategy now holds more $BTC than BlackRock’s IBIT https://t.co/a3eje2YsQp,2048387956985962875,223269,False
aussiehaggie,2026-04-26 08:33:28,"Follow @dseventhson ✅💯🔥🔥🔥🔥🔥
She's active and follows everyone back.🤝1️⃣9️⃣👏 🫂🏆🏆🏆🏆🏆🏆🏆🏆🏆🏆🏆🏆🏆🏆🏆🏆😉🧡🔁📬🌟🍇🐆👒🫆🐝🌿🪁👾🌹🦑🥌🍔🦅🍯🪻🪃

Congrats, You are a sixteen-time winner🥇🥇🥇🥇🥇🥇🥇🥇🥇🥇🥇🥇🥇🥇🥇🥇🎉🥳

I like someone who is very active in my post.🔥😘 (Comment & Retweet & Like) Chances are high to be the winner.🥇
I pick 4️⃣0️⃣of my active reply guys every day and upload their accounts to my timeline.
Even if you've been on the timeline, it can be uploaded again to my timeline🔁😉",2048319536211103756,44893,False
BrianBrito97856,2026-04-26 12:55:43,"Want reliable trading ideas without the hype? @chistesdelengua posts live trades with copyable strategies that help everyday investors build wealth slowly and safely.🕊🍢🍇

stock Crypto NASDAQ 
#stock #MarketRally
 $OMER $RIOT https://t.co/9MXXg0p96K",2048385536503763365,0,False
Cirus_Org,2026-04-26 12:41:07,"Breakouts into crowded bullish sentiment are where traps form fastest.

Structure may be improving, but if this move can’t hold with conviction, history suggests it could just be another relief rally before deeper downside.

Price matters. 

Follow-through matters more.",2048381862771667218,83094,False
0xTraderYi,2026-04-26 12:56:29,"新火集团即将增添一员猛将

曾经亏完 1000 个 ETH 的男人罩杯老师

马上官宣加盟新火集团任职首席操盘手

首席经济官付鹏将成为召北老师的首席助理！ https://t.co/DWlb3znFaS",2048385728661639305,15072,False
CryptooIndia,2026-04-26 13:07:34,JUST IN: Michael Saylor hints at buying more Bitcoin 🔥 https://t.co/PkwjRBkGSl,2048388517039141168,424654,False
francis_th51635,2026-04-26 13:22:28,"If you’re a regular investor tired of empty advice, @natashaajade1 delivers. Live trades, copyable strategies, steady returns—real results for real people.🍞🦥🔵🤎

stock Crypto NASDAQ 
#PLTR #META
 $SLB $GEV https://t.co/7kKVQ0iE31",2048392266847265143,0,False
zaidlikesmstr,2026-04-26 13:16:30,"$MSTR

Another week, another buy coming. 🥶

We saw a lot of strength in the common this week. Could be looking at a meaningful buy.

What remains interesting is we haven’t looked at expanding the USD reserves as many were suggesting…

It signals management is anticipating strength in Bitcoin in the coming months.

Either way, the direction hasn’t changed a bit, 

The relentless march continues.

$BTC $MSTR $STRC",2048390767127720415,1619,False
GolinoRomo8304,2026-04-26 12:31:27,"Tired of complicated trading systems? @chistesdelengua keeps it simple—live trades, easy strategies, steady returns. Real trading for real people.🟥🍂🤾🆖🥄

stock Crypto NASDAQ 
#ShortSqueeze #AIStocks
 $ZS $XOM https://t.co/3cpIeS4Bmg",2048379430234636486,0,False
QuintenFrancois,2026-04-26 13:12:03,Saylor is buying more Bitcoin,2048389645218484396,222009,False
DrJackKruse,2026-04-26 11:10:29,Accurate,2048359052581769271,136723,False
MEXC,2026-04-26 12:58:10,"From the 8-shaped board to infinite horizons.

At #MEXC 8th Anniversary, we’re evolving beyond crypto. Landing on Commodity, Prediction Markets, US Stocks, and more, #MEXC0Fee is your gateway to infinite opportunities. ♾️

The board is reset. Are you ready to MEXCmize? https://t.co/GhHrGuSFt4",2048386150059200784,1646365,False
piyasasozcusu,2026-04-26 12:56:02,#Bitcoin 86k or 71k loading ⏳ https://t.co/R1SKEWeP43,2048385613347373263,5668,False
ItenLidija1098,2026-04-26 12:43:58,"As a regular investor, I’ve learned the hard way that hope isn’t a strategy. Thanks to @chistesdelengua’s live trades, I now follow clear, copyable moves with steady gains.📨📤🪒🚬📳

stock Crypto NASDAQ 
#Trader #BearMarket
 $KLAC $SOUN https://t.co/jnoJ1BaumU",2048382580655816769,0,False
crypto_ideology,2026-04-26 11:13:42,"If historical cycle structure holds, $Bitcoin ’s bottom is still months away.

Potentially forming in late 2026. https://t.co/HXP5Eu6xVr",2048359863659761864,49814,False
2dogs1chic,2026-04-26 13:14:52,"“Bitcoin only” is not tribalism.

It is a filter. Always ask: 

Who controls supply?
Who got insider coins?
Who profits from issuance?
Does it work without a company?
Are buyers relying on promoters?

Most altcoins fail the test.

Bitcoin does not.",2048390353019981882,6602,False
CryptoCowboy_AU,2026-04-26 11:15:36,"🚨 ANOTHER @binance SCAM LISTING

140mill - 10 mill in a day is criminal 

They’ll list literally anything if you pay the fee — even when they know it’s a blatant rug.

CZ trained them well: communities come last, their own pockets come first.

You still don’t hate them enough 🤮🤢",2048360339096674495,44923,False
qirilaifu,2026-04-26 13:01:17,"看到 @Drjessylai 直接把赤兔马烧掉那一刻，我是真的有点服了。

上百万美金，说烧就烧，这种狠劲在 crypto 里真不多见。

平时大家都在讲信仰，但真到这种真金白银的时候，能下手的没几个。

SHIB 社区要是多点这种人，确实更有意思，也更有凝聚力。

彩云姐在带赤兔马，这项目我不打算只是围观了，准备认真玩一阵。

CA：0x8ea350c0a5cd5247647b312515fe21e0fe597777
@RedHare_Legend

#SHIB #CommunityIsEverything",2048386937355149661,15194,False
lopp,2026-04-26 12:30:00,"Bitcoin is driven by incentives and game theory, not by morality.

Bitcoin is ""moral money"" insofar as the former align to make it impractical for one group to screw over another group to advance their own interests.
https://t.co/6WZAwdV44L",2048379062654218622,529407,False
dori_coin,2026-04-26 12:55:51,"Being able to pay gas fees with $BTC on Cardano might not seem like a big deal at first, but compared to other chains, the approach is fundamentally different.

If you look at Ethereum, paying gas with tokens usually involves something like a paymaster contract. That means the dApp has to integrate specific contracts and infrastructure to support it. 

This adds complexity, creates dependencies on certain implementations, and introduces potential risks like contract vulnerabilities or funds being exposed. Most chains handle token-based gas payments this way.

Cardano, on the other hand, is designed to support this at the protocol level through mechanisms like Babel fees. There’s no need to deploy special contracts or integrate additional infrastructure. It can handled at the tx construction stage, and you can pay fees in tokens other than $ADA without relying on specific operators or contracts.

As a result, Bitcoin holders could potentially pay gas in $BTC on Cardano, without needing to hold or top up $ADA, and manage their assets in a much more seamless way.

Take it a step further, and BTC holders might end up using DeFi on Cardano without even realizing it, that’s how seamless the UX could get.

This isn’t just a feature difference. It’s a fundamentally different design approach. I think this is one of the reasons why Cardano is well suited for Bitcoin DeFi.",2048385570662187146,7093,False
MichaelRic65984,2026-04-26 13:09:50,"Tired of complicated trading systems? @chistesdelengua keeps it simple—live trades, easy strategies, steady returns. Real trading for real people.😳🧗🐘📍🍭

stock Crypto NASDAQ 
#AAPL #SPAC
 $ARM $ACHR https://t.co/ckDVDiCugn",2048389087325802758,0,False
CryptoCaesarTA,2026-04-26 12:12:38,"Great level to scale in some more $YEE. This video was posted on YouTube 8 years ago. 

$DOGE has hit 90B
$PEPE has hit 10B
$YEE is now at 3M

This is a long-term hold. Wait until the new bull market arrives and retail realize this. https://t.co/j9tryR3Ve8",2048374691748827540,64542,False
josephweb3,2026-04-25 15:10:24,"@erequendi i would diversify, but if you insist with only one. i'd go bitcoin :)",2048057041844084870,9067,False
cryptosymbiiote,2026-04-26 12:17:57,"ALTSEASON HAS BEEN OFFICIALLY CANCELED

BTC.D DUMP PATTERN FAILED TO BREAKOUT 

IT WAS RETESTED AND IS NOW PUMPING BACK https://t.co/PSgng6DeFs",2048376030885216510,116564,False
adamscochran,2026-04-26 11:42:08,"This is one of the most important details about last night.

The overlap between the shooter and another major national security matter.",2048367016994599157,301486,False
fexir1,2026-04-26 12:50:59,$TRUMP. https://t.co/0WzD8096ef,2048384342897148074,32318,False
AlbertoPar87910,2026-04-26 13:26:03,"To all my regular investors: You don’t need fancy tools to trade well. Follow @natashaajade1 for live trades and copyable strategies that use simple tools.🤝⛳

stock Crypto ARM
#VIX #SPY
 $UMAC $CRWD https://t.co/gQI2FYYmju",2048393167935070424,0,False
RaymondSco26453,2026-04-26 12:18:02,"Forget the “overnight success” lies—us regular folks build wealth one steady gain at a time. Follow @natashaajade1 for live trades and copyable strategies.📥💦

stock Crypto NASDAQ 
#AAPL #MarketWatch
 $BBAI $ZS https://t.co/LwHhIYGsrD",2048376051496014284,0,False
BtckinBtc,2026-04-26 12:09:09,URQ1RQ-ZZ5XV1-JSW992-TQ7AAN-XWT6QE https://t.co/HI3plQ1o79,2048373815562969451,2757,False
TylerRush381439,2026-04-26 12:24:16,"Want to grow your portfolio without the stress of constant monitoring? Follow @natashaajade1 for live trades, copyable strategies, and steady gains. Perfect for busy regular folks.🎪🈴🍝⬜🟡

stock Crypto NASDAQ 
#SPAC #AIBoom
 $GME $SOUN https://t.co/qRe7LtkQqg",2048377619285168592,0,False
shirleyusy,2026-04-26 12:35:36,"婚礼把大家都线下聚一起了，开开心心玩了几天。币圈可能会消失，但俺们的回忆都在。 
@Aster_DEX 送的掼蛋套装，这发牌器用处真大！ https://t.co/2YacDv8fKR",2048380473337110794,80028,False
CryptoTony__,2026-04-26 13:26:00,"$HYPE / $USD - Update 

Waiting on that break for a long position. https://t.co/TbPQPQn6mt",2048393155662250072,567083,False
HannahRice9392,2026-04-26 12:20:49,"As a regular investor, I’ve learned the hard way that hope isn’t a strategy. Thanks to @chistesdelengua’s live trades, I now follow clear, copyable moves with steady gains.😼🌑

stock Crypto NASDAQ 
#AAPL #HighBetaStocks
 $GEV $ALT https://t.co/EFRaz3zaKA",2048376754168086622,0,False
fortytooo,2026-04-23 12:42:06,"@LucasTodeschin2 @the_smart_ape Let me spell it out for you in a simple way so you can understand:
BTC &gt; ETH",2047294944059027652,6140,False
Vivek4real_,2026-04-26 12:33:51,"MICHAEL SAYLOR EXPLAINS HOW BITCOIN IS THE ONLY FORM OF CLEAN MONEY WE HAVE 🔥

“0.1% OF THE ECONOMY HAS CLEAN MONEY AND 99.9% OF THE ECONOMY RUNS ON DIRTY TOXIC ASSETS.” https://t.co/SfU0riZ9Ov",2048380030963863569,254593,False
bitget,2026-04-10 16:04:30,"The Strait of Hormuz requires ships passing through to pay tolls in $BTC now 👀

Read more 👉: https://t.co/9RsqktWLba https://t.co/iU21y1LppB",2042634837648118269,4431921,False
bitget,2026-04-10 15:00:21,"Day 2 prompt: 

Walk me through your built-in crypto-ai-trader skills. Based on current overall market sentiment, which Skill is best suited to capture the trends over the next few days?

Start now 👇
https://t.co/r1ObVjqcmW",2042618694241783880,4431921,False
bitget,2026-04-24 03:00:02,"Crazy 48H with $ETH: 30,000 USDT up for grabs! 

🏆 348 winners | Up to 3000 USDT per user 
⏳ 48 hrs only: Apr 23, 16:00 – Apr 25, 16:00 (UTC) 

Join now: https://t.co/tDNMaFTTfW https://t.co/EUwoe1dQLa",2047510849875739067,4431921,False
ChifoiCristian,2026-04-04 11:50:25,"@mikadodu13 Yes, the first squiggle to 26k was only happening if we had a left translated cycle for BTC imo. Now it’s not the case anymore",2040396569875235222,120091,False
bitget,2026-04-14 14:00:25,"Nearly 40% of Bitget trading volume is now in non-crypto assets.

More crypto users are trading across multiple assets, with our single-day CFD volume reached $6 Billion. 

Check out more details in our Q1 Transparency report. 
👉 https://t.co/nPcBqSW1zH https://t.co/6FMBEnFlT6",2044053163750068425,4431921,False
cryptoaceyt,2026-03-27 13:29:05,"S-a dus al nostru ETH sub 2,000 $ si eu nu am loc sa ies la Glovo sa fac livrari.💢

Din fericire ultimii 20 $ castigati nu i-am invetit la 2,200 $, am asteptat asa ca o sa investesc azi vreo 50 $ in ETH de la Glovo, iau si in avans.😂 https://t.co/Cph1HPetcB",2037522295237783842,13985,False
QuintenFrancois,2026-04-26 08:28:42,"If cycle history repeats itself 

Bottom = Q4 2026 https://t.co/hUrRdR2wdv",2048318338581831822,222007,False
cryptoaceyt,2026-03-27 10:42:17,@Gabe_on_crypto trebuia sa iei la 7$ cum ai zis =)),2037480319108940207,13985,False
Realmecore_0,2026-04-26 11:09:54,⅗a hu https://t.co/0WuI8jlzrE,2048358905831735478,22541,False
hobincus,2026-04-16 13:50:07,"@2Bad2Real_ @criptoblast Orice are ETF are o sansa ... din simplul motiv  ca existenta unui ETF inseamna capital si inseamna ca se vor deschide liquidity pool-uri intre alte ALTS si ETH si ar putea face acelasi lucru care s-a facut cu BTC. 
Daca te uiti , deja exista paritati gen SOL/ETH",2044775347850268911,15604,False
cryptoaceyt,2026-04-23 18:36:01,@realdanielnita crezi ca ETH ATH party se intampla inainte sa iesim la pensie? sau dupa?,2047384009836048744,13985,False
cryptoaceyt,2026-03-16 15:11:00,"Episodul 4 din seria livrez la Glovo pana ETH face 5,000 $ este aici!

M-AM OPRIT ÎN TIMPUL LIVRĂRII și am dat 2 PUMNI!

Am făcut record la bacșiș? Hai cu un LIKE:",2033561677623390401,13985,False
cadenabitcoin,2026-04-26 13:30:09,"GM Cadenians☀️

There are two types of Bitcoin holders in 2026:

Type A: HODLs. Watches price. Waits.

Type B: HODLs. Earns yield. Borrows liquidity when needed. Still holds every sat.

Both believe in Bitcoin.

Only one is building wealth while they wait.

Which type are you?

Become Type B → https://t.co/bZSxpqS6gr",2048394199096033314,6218,False
cryptoaceyt,2026-03-17 16:29:01,"Late GM! ne auzim azi pe LIVE de la ora 19:30, piata crypto in sfarsit misca ceva, parca si interesul a crescut un pic.

🔴LIVE - Avem subsol în piața crypto similar cu Martie-Aprilie 2025?",2033943700133359707,13985,False
altbullx,2026-04-26 11:28:43,Tonight before closing $BTC might give a significant move.,2048363642643480695,44329,False
hobincus,2026-04-07 11:27:19,"Si niciunul din ele nu ajuta la adoptie ... :))) 
Proiectele care ar fi trebuit sa creeze adoptie, sa creeze produse pentru oameni din afara ecosistemului crypto si sa-i aduca in crypto ... in acest moment nu sunt profitabile si in pericol de faliment.  
Literalmente proiectele care sunt pe plus sunt doar exchange-uri de mana a doua sau liquidity pool-uri cu Stake and Earn ... si se intreaba lumea de ce crypto este un complete money drainer :)))",2041477920045101440,15604,False
GlimpseMarkets,2026-04-26 10:15:43,What doesn’t kill Bitcoin makes it unstoppable. https://t.co/jaBbsx2N44,2048345270929477855,2718,False
BangXBT,2026-04-26 12:19:50,"I notice that many people seem shocked when they see my prediction from 5 months ago. That’s completely normal. 

When $BTC was trading around $120k, if someone had told you that in just half a year it would drop to the $60k zone, they would have been buried under a mountain of attacks from the bulls.

But what seemed impossible eventually happened. In the crypto world, nothing is truly impossible.

Take a look at my earlier prediction about the bullish scenario from $74k to $127k. That one was also almost perfect, and back then, not many people believed it either.

I don’t believe that a call made 5 months ago, which has been perfectly accurate up to now, will necessarily remain accurate all the way to the final target. 

However, since it hasn’t deviated at all so far, I don’t see any need to change my bias yet.

I may do a full review in May, but until then, I’m sticking with my original view.",2048376505743692272,5155,False
zenkaixbt,2026-04-26 11:52:34,"BUY ALTCOINS NOW OR REGRET IT LATER.

THEY WILL 50-100X ON AVERAGE.

WE ARE ABOUT TO MAKE STUPID AMOUNTS OF MONEY.

LIKE THIS TWEET, AND I’LL SHARE THE COINS I’M BUYING.

FOLLOW ME SO YOU DON’T MISS ANYTHING. https://t.co/OQ0W514wnu",2048369644545695933,7205,False
SeanWallac35944,2026-04-26 12:40:08,"Stop trading blindly. Follow @chistesdelengua for live trades that include clear entries, smart exits, and consistent returns without the stress.💮🧓

stock Crypto NASDAQ 
#AAPL #Crypto
 $SFTBY $AMD https://t.co/vriGezSjdI",2048381614682419512,0,False
TanjaZach211202,2026-04-26 13:01:38,"If you’re a regular investor looking for a reliable guide, @natashaajade1 is it. Live trades, copyable strategies, steady returns—no empty promises.📥💄

stock Crypto NASDAQ 
#Portfolio #Magnificent7
 $SOFI $ARM https://t.co/2WQbCT9qo3",2048387024944550139,0,False
0xklarck,2026-04-26 13:25:18,"🚨 TOTAL3 ( ALTs ) chart just broke the downtrend...

For ~200 days, price was rejecting from resistance zone, but we finally got a breakout

With BTC’s recent strength, ALTs could see a local push higher

Signals point to a near-term move up - turn on notifs, I’ll update https://t.co/922rINdDHQ",2048392980709462415,91838,False
0xweb3willy,2026-04-26 12:38:33,"When you remember you have a ""Crypto project"" to attend to, and you're 1 hour late https://t.co/v9kWzvsjOd",2048381215145656731,2169,False
1000xgirl,2026-04-26 12:58:00,"Something big is coming for bitcoin and alts

Altseason soon🤫 https://t.co/FJbqHjVvWk",2048386109286043789,109545,False
NormanHutc76275,2026-04-26 13:10:07,"I’m not a finance guru, just a regular investor who trades smart. @natashaajade1’s live trades give me the confidence to keep going—steady gains, copyable moves.🛷😴

stock Crypto ARM
#Investor #CleanTech
 $ALT $SFTBY https://t.co/RA3nZKIEQu",2048389160558309447,0,False
thisisnosaa,2026-04-26 12:54:36,THE PFP                                   THE RECENT WIN https://t.co/FGntn1ztRe,2048385255459963365,15578,False
ralli_kralicesi,2026-04-26 11:59:01,"#tuprs

İstek hisse analizi sizlerle... 

Degerlendirene bereketli olsun... 

#Borsaİstanbul  #viop #brent #bitcoin https://t.co/kZGzSZCy0s",2048371266495590814,6309,False
rodgers31787,2026-04-26 12:47:35,"To all my fellow regular investors: Focus on what works, not what’s trendy. Follow @natashaajade1 for live trades and copyable strategies that stand the test of time.💾🍟

stock Crypto NASDAQ 
#ORCL #PassiveIncome
 $AAPL $NVTS https://t.co/UloKhzFKaK",2048383488701710366,0,False
rajala5576,2026-04-26 12:52:54,"Forget the “get rich quick” scams—they’re not worth your time. Follow @chistesdelengua for live trades, real strategies, and steady gains for regular people.🧸🎁🐘

stock Crypto NASDAQ 
#HPC #ValueInvesting
 $ACHR $COIN https://t.co/gWABHa49BU",2048384827867517354,0,False
WelchCathe12265,2026-04-26 13:23:15,"Forget the “overnight success” lies—us regular folks build wealth one steady gain at a time. Follow @natashaajade1 for live trades and copyable strategies.💴⏺🤟

stock Crypto ARM
#Inflation #StockGains
 $ALT $RKLB https://t.co/DMGPO2D44X",2048392464612938209,0,False
Crypt0_Coin,2026-04-26 12:36:06,Gmclgh https://t.co/N3okmvJwQZ,2048380600051015923,3318,False
AnjaFehrin25026,2026-04-26 12:53:53,"If you’re a busy parent, employee, or small business owner, you need trading that fits your life. @natashaajade1’s live trades and copyable strategies make it possible.🚏🍰🎢

stock Crypto ARM
#AAPL #StockTrading
 $AMD $SLB https://t.co/uOZyjaZslU",2048385074031448408,0,False
SalsaTekila,2026-04-26 13:24:17,"Going to sleep, good night, see you at 80K+ tomorrow.",2048392724626448592,226425,False
KatherineN88573,2026-04-26 13:04:28,"Forget the “overnight success” lies—us regular folks build wealth one steady gain at a time. Follow @natashaajade1 for live trades and copyable strategies.💰🥙

stock Crypto ARM
#Stocks #GapUp
 $S $LOGI https://t.co/FNFhhSePL7",2048387736332013577,0,False
XRPBreakingNews,2026-04-26 12:36:53,"🚨BULLISH: The PACE Act is gaining serious momentum. Backed by 120+ crypto firms pushing the Senate… and it explicitly names Ripple as a beneficiary.

Direct access to:
• Fedwire
• FedNow
• FedACH

No more workarounds. No more middle layers.
This unlocks full-scale bank adoption of ODL powered by $XRP. Not fiat, not placeholders… but the real asset🔥",2048380794645729715,13043,False
StarPlatinum_,2026-04-26 12:44:41,"The weird pattern of Dave Portnoy 

- founder of Barstool Sports
- 3M+ followers watching 

2020

- enters trading during COVID
- streams stocks live

2021

- discovers crypto
- backs SafeMoon publicly
- calls himself the “unofficial leader”
- invests ~$40k
- project later exposed by regulators
- founders accused of fraud
- token collapses

he jokes

“I’m the only guy who got sued for losing money”

2024-2025

- shifts into Solana memecoins
- starts trading live on stream

February 2025

launches GREED

- calls it a “social experiment”
- buys ~35% of total supply
- market cap hits ~$30M
- sells entire position in one click
- token drops ~99%

profit: ~$258,000

immediately launches GREED2

- buys ~26% supply
- same pattern

both tokens effectively dead within days

his response

“this is crypto, pump and dumps are encouraged”

same month

- trades random memecoins live
- Montoya coin → quick flip (~$75k total profits across trades)
- Josh Allen MVP coin → peaks ~$12M → collapses to ~$58k
- openly tells followers he will sell

launches JAILSTOOL

- buys ~57M tokens
- sells → rebuys → pumps narrative
- peaks ~$200M+ market cap
- later drops ~70–80%

May 2025

launches the “Trencher Derby”

- 21 tokens
- one for each Kentucky Derby horse
- all deployed on Solana

rule:

winning horse = token “goes to the moon”

- Sovereignty wins
- everything else
- instantly dies

days later, all tokens down ~99%

today probably one of the worst retail voices in crypto",2048382759647723987,97811,False
DarkoMatrix,2026-04-26 12:41:44,"I’ve been using @useTria for a while now.

And I still recommend it often.

Because it is one of the first times crypto stopped feeling like homework.

What actually works

▸ No gas fee headaches
▸ No bridge juggling
▸ No seed phrase panic

Just open the app
And do what you came to do.

Simple.

What you get

» 200+ chains in one place
BestPath AI automatically finds the cheapest route for you

» A Visa card across 150+ countries
Swipe and go
Buying coffee should not need a strategy session

» Full self custody
Your funds stay in your control
Tria cannot touch them

» AI trading features coming soon
You watch
AI does the heavy lifting

The number that matters

$100M+ processed during beta alone.

Not a promise.

Real usage.
Real volume.
Real users.

My honest take

Most apps make crypto powerful.

Tria makes crypto simple.

And somehow does both at the same time.

Life is already complicated enough.

Your finances do not have to be.",2048382014513143906,9242,False
powdae,2026-04-26 12:33:36,"이번 도쿄출장에서 느낀점,
해외에 진출하려면 레저와 트래저 지원이 필수라는 것

너무 한국시장만 생각했었네요. https://t.co/YQiW0VDXaG",2048379971207606766,1296,False
ATHCryptfh,2026-04-26 12:32:26,"ビットコインここ抜けたら暴落するよ
それ以外は触らないのが吉👍
#BTC https://t.co/WQFujhbggl",2048379677497339948,7644,False
PowerHasheur,2026-04-26 13:08:33,"✅📹[Nouvelle video] Blackrock n’était qu’un début. Si vous avez l’impression que le marché crypto dors… regardez ce qu’il se passe derrière la scène. 

Lien: https://t.co/BecMKQdDnV https://t.co/dgGrrmyFCy",2048388764712456484,458628,False
muslima_sol,2026-04-26 13:16:50,I got zero dollar  from all these projects mentioned,2048390847817756904,7488,False
jgonzalezferrer,2026-04-26 13:00:01,Concurso activo de @p2pmevenezuela para la comunidad de Venezuela 🇻🇪 👇,2048386615832182875,64707,False
McLain7588,2026-04-26 12:57:15,"Good morning! Happy Sunday! ☀️
Take it slow today, sip your coffee, breathe a little deeper, and enjoy the quiet moments. Here’s to rest, reset, and a fresh start for the week ahead. 🌀 https://t.co/GPr8020Dak",2048385920169120206,5594,False
Xpad_Official,2026-04-26 12:02:55,"The Xpad charts now have AI TA included
Courtesy of @Xshot_Trading 
check it out: https://t.co/gvUen5MNEo https://t.co/WbRqfRHTjZ",2048372249112014975,408,False
cantonmeow,2026-04-26 13:15:59,"#Bitcoin 4 hour weekend 
Chop chop chop 
Squeeze squeeze squeeze https://t.co/To1NUPLKNr",2048390635741192552,79511,False
crystalfoxeth,2026-04-26 12:42:43,"Spin for $10 to $1000. Daily. Multiple times. $LINEA rewards are wild.

This is probably the easiest $LINEA money in crypto at the moment.

⚠️ Stack your $LINEA spins ⚠️

https://t.co/1iC5JMTCn6

Real rewards. Every day. No limits on spins.

Unlock extra $LINEA spins:
→ Do a token swap on Linea Hub = +1 spin
→ Make a purchase using MetaMask Card = +1 spin
→ Open $10+ positions on Myriad = +1 spin
→ Bridge or transfer WETH/USDC/USDT = +1 spin

Each action gives you +1 spin the next day.
Stack all 4 = 4+ spins daily.

$10 to $1000 per spin.
Multiply that by 4+ spins = huge daily $LINEA rewards.

This is the move right now 

$RIVER $ELG",2048382262488780855,62193,False
GordonGekko,2026-04-26 10:34:47,"Bears are shorting since $60K expecting another major dump.

I told everyone to buy at $60K as Bitcoin is forming a 2022 FTX bottom fractal. https://t.co/BEnpEgc5ej",2048350067401117722,849420,False
CryptoTice_,2026-04-26 10:16:36,"INSIGHTS:

Something is quietly breaking in this market.

Whales are shorting.
Retail is heavily long.

This exact setup has one historical outcome.

The people who are always early. Positioned short.
The people who are always late. Positioned long.

Smart money doesn't short into strength for no reason.
They short because they know what comes next.

Retail is holding the bag.
They just don't know it yet.",2048345492552143024,317621,False
gaiuschibueze,2026-04-26 10:49:07,"I really love smart, articulate, and outspoken women!

I was never going to settle with a woman who Cant be a leader when times call for it.

God, please, make me not end up with a woman who only wants to stay at home and have kids please 🙏🏿! https://t.co/ATtqojOT82",2048353673718161595,113260,False
Karman_1s,2026-04-26 13:08:38,🚨NOW:  Michael Saylor hints at Strategy $MSTR buying more Bitcoin soon. https://t.co/jY8GoVmFya,2048388784140546526,29624,False
AandCnews,2026-04-26 09:52:37,"🚨 BREAKING CRYPTO NEWS 🚨 Litecoin Shares Update on Zero Day Exploit: What Happened? (https://t.co/Mrc2CTzZWm)

@AandCNews

Sponsored Advert:  MARKETING SERVICES (https://t.co/aK8YFsLtcd) https://t.co/6QZz0JGam2",2048339456487280960,657,False
SheltonReb45772,2026-04-26 12:40:50,"Best random find lately: @kidnamedsly. One trade idea = better than expected. Following closely.🕕🐜

 stock stockmarket trading #HNNA #SPY
 $AAPL $CVX https://t.co/tBKzzdiqVv",2048381790079824145,0,False
bitget,2026-04-26 11:00:25,"Take as many as you want 🍬

Which one would you pick first? https://t.co/52GpibNdK2",2048356519385743590,4431921,False
crystalfoxeth,2026-04-26 12:31:18,"Just discovered $ETH I didn’t realize I had.

Each buy tucked away some fees in a hidden wallet.

HUNDREDS of dollars chillin' for many traders.

https://t.co/tbAWV7O5Ry

Years of trading equals years of fees. Could be tens of thousands just sitting there for you.

Standard tools hit you with 2-5%
Terminals take 1%+

etH Reclaimer:
→ Review wallets
→ Just 0.5%
→ Use referral: 0.375%

$EURC $THE",2048379392875811085,62193,False
TwipsX,2026-04-26 06:34:06,"Sekarang udah ga perlu bayar model, fotografer, atau desainer buat bikin brand kalian keliatan mahal.

Semua bisa kalian dapetin secara gratis lewat 1 prompt ini

Hasilnya:

- visual produk lebih premium
- lighting clean & profesional
- komposisi lebih niat
- cocok buat konten & iklan

Pakai ini di ChatGPT:

“Gunakan gambar ini, ubah menjadi visual campaign produk dengan gaya profesional. Buat komposisi menarik, tambahkan model atau elemen pendukung, gunakan lighting lembut dan clean, background minimal, warna konsisten. Tambahkan headline singkat dan layout seperti iklan brand premium.”

Cocok buat:

- jualan online
- konten katalog
- materi promosi

Jangan lupa di-save 🔖",2048289498342236344,31586,False
BearMoonVerse,2026-04-26 07:57:20,"$50 ~ 48 Hours 🪐✨

- RT &amp; Follow @UAe9100",2048310444931354852,310561,False
pukerrainbrow,2026-04-26 12:14:16,Me and bro after $2 profit from crypto https://t.co/r0h1JfhPDG,2048375105529766183,83273,False
RichardWil39102,2026-04-26 13:00:34,"I’m not a pro, just a regular person who’s learned to trade wisely. @natashaajade1’s live trades are my go-to—direction, copyable moves, steady gains.🛂🎧🦱

stock Crypto ARM
#TechnicalAnalysis #StockTrading
 $AI $IONQ https://t.co/4SfhLCa6av",2048386754026074477,0,False
cryptogoos,2026-04-26 13:07:23,"🚨NOW:

Michael Saylor hints at Strategy $MSTR buying more Bitcoin soon. https://t.co/9YhTbuBWLJ",2048388470406549549,112751,False
POTUS,2025-03-08 00:03:36,"""Welcome to the first-ever White House Digital Asset Summit. Last year, I promised to make America the Bitcoin superpower of the world, AND WE'RE TAKING HISTORIC ACTION TO DELIVER ON THAT PROMISE."" –President Donald J. Trump 🇺🇸 https://t.co/nqUrHQ1xLl",1898162648962756970,4158746,False
Gate__Live,2026-04-24 01:32:32,"Stay ahead in the #crypto world with #GateLive!
📺 Watch live daily for market insights and trending news.

🎁 Claim FREE #Airdrops every day—just join a live room with 🧧 and tap to collect!
Watch now: https://t.co/D5WPL1R3Iz
#Livestream #CryptoNews https://t.co/Rgwfp2nWOb",2047488830157283790,52350,False
Gate__Live,2026-04-24 10:10:11,"🎉 WCTC Livestream #1 Giveaway Winners Announced

Congratulations to the following winners:

🏆 iPhone 17 Pro
GateUser-e340892c

🎁 $1000 Futures Trial Fund
封桃king
ETH常青树

Thank you all for participating in the livestream
Stay tuned to Gate Live for more rewards

🎁 The giveaways continue — 3 more chances ahead:

📅 Apr 29, 12:00 (UTC)
📅 May 6, 12:00 (UTC)
📅 May 13, 12:00 (UTC)

See you at the next livestream",2047619100348973237,52350,False
Gate__Live,2026-04-10 09:32:06,"🚨 Gate Live 2026 Global Roundtable #11
Geopolitics × Liquidity Return — where are the crypto opportunities?

🕗 Today 12:00 (UTC)
🔗 https://t.co/JhxQ6jbmcI

US–Iran tensions ⚠️ | Border reopening 🌍
Crypto sits between fear & liquidity
Dump continuation or new opportunity cycle?
🎤 Guests: CryptoRover44 | Joeblaze | Ariella_Steep

📣 What’s your take on the market narrative tonight? Drop your thoughts 👇",2042536088338862564,52350,False
traderbami,2026-04-26 13:01:23,"Eth is just idk

BTC is slow

Sol is scammers only

XRP is for retards

whats the solution",2048386963032437104,96,False
marketwirenews,2026-04-23 10:59:36,"$BTC - Is Owning Just Bitcoin and Ethereum Enough for a Crypto Portfolio 

News &amp; Disclaimer
https://t.co/e0TaMSCCMN",2047269150045671650,60849,False
crystalfoxeth,2026-04-26 12:53:44,"🚨 TIME TO CLAIM 🚨

https://t.co/wMvE1UA1bQ

$GWEI airdrop is LIVE

Those crazy gas fees on Ethereum? Now you’re finally getting something back.

Eligibility based on your proof of pain:
→ Historical gas spend tracked
→ Gas ID threshold met
→ Shared Gas ID on X
→ Open Gas Initiative participation

Ecosystem OGs also in:
✅ Bridged to GWEI
✅ Used any dApps
✅ Held $GWEI

Don’t miss out on this one

$MANTA $BREV",2048385038123667673,62193,False
flushwtf,2026-03-27 20:11:01,Crypto is down so bad that the crypto events are being held in the airports rn https://t.co/TRatWgfozD,2037623447367614475,11505,False
flushwtf,2026-02-19 19:57:08,"This guy might save crypto 👇

 https://t.co/8ODdDiZCqi",2024573991260999957,11505,False
EliBenSasson,2026-04-26 13:12:04,"Crypto cannot reach mass adoption without privacy.
Think of a company considering paying salaries onchain. No employer or employee would agree to have full salary details visible for anyone to see, compare, and track.

This is just one small example of what cannot fully move to blockchain without privacy. There are dozens of other use cases that require privacy.",2048389651702886412,52546,False
Gate__Live,2026-03-30 01:49:48,"✨Start your day with the latest #crypto updates!
Tune into #GateLive for real-time market news and expert insights from top analysts.

🙋Join us at https://t.co/9AMrakZRGc
#LiveStreaming #CryptoNews https://t.co/RM5Y48C7gu",2038433477801226323,52350,False
flushwtf,2026-01-31 19:09:48,@chooserich Every time the front of your hair moves btc goes down 1k,2017676709483712922,11505,False
JeffreyAgu81050,2026-04-26 12:31:24,"Best random find lately: @kidnamedsly. One trade idea = better than expected. Following closely.🔓💚👐

 stock  NVDA  MXL #Crypto #COEP
 $AVGO $AAPL https://t.co/QsysJDO7sn",2048379417102037108,0,False
flushwtf,2026-02-10 20:01:48,@degenyani The line stay ready so you don’t have to get ready applies to creating and building a meme community in a volatile crypto space big time! Appreciate you Belon!,2021313671326994571,11505,False
MartiniGuyYT,2026-04-26 12:59:37,"TRUMP ASSASSINATION ATTEMPT… THIS COULD BREAK BITCOIN

WATCH NOW👇
https://t.co/PoHT1XvDLd https://t.co/M6oDQKcvid",2048386517396254733,708895,False
LeePatrick26391,2026-04-26 12:35:26,"No more risky guesses. @chistesdelengua shows live trades with solid risk management and simple strategies that deliver steady profits for normal investors.🌚🦵🔛

stock Crypto NASDAQ 
#QQQ #Bearish
 $SLV $MOVE https://t.co/EUxYMGZEjr",2048380429900599427,0,False
SangitaMyska,2026-04-26 09:34:54,"Nigel Farage’s latest grift - plugging high risk crypto investments -  has been lifted directly from Donald Trump’s venal presidency. 

If Reform UK’s leader is left unchecked his behaviour will prove nothing short of a threat to democracy.  

My column for @thenerve_news  👇🏽",2048334999548555372,131229,False
Bitcoinprof0637,2026-04-26 12:59:35,"🚨 BREAKING NEWS

🇺🇸 TRUMP WILL MAKE AN EMERGENCY STATEMENT TODAY AT 5:30 PM (Eastern Time)

INSIDE SOURCES EXPECT A STATEMENT RELATED TO IRAN AND CRYPTOCURRENCIES

ALL EYES ON TRUMP

THIS SPEECH COULD RESHAPE THE MARKETS.

STAY TUNED AND TURN ON NOTIFICATIONS https://t.co/SlLrVjHEsm",2048386509540053242,288247,False
kimmyboy2,2026-04-26 09:52:39,Are you holding LUNC? Then remember this! it’s no different from riding a 100x leveraged Bitcoin position that can never be liquidated.,2048339466079879341,12681,False
Gate__Live,2026-04-10 01:31:54,"Stay ahead in the #crypto world with #GateLive!
📺 Watch live daily for market insights and trending news.

🎁 Claim FREE #Airdrops every day—just join a live room with 🧧 and tap to collect!
Watch now: https://t.co/D5WPL1R3Iz
#Livestream #CryptoNews https://t.co/8GyREf81EL",2042415242328883328,52350,False
cryptorover,2026-04-26 03:55:51,"🇺🇸 PRESIDENT TRUMP: BANKS WON’T DERAIL CLARITY ACT.

At a Mar-a-Lago gathering, President Donald Trump said he won’t let banks derail the long-delayed Clarity Act on U.S. crypto market structure.

The Crypto President 🚀 https://t.co/ARQ6C8ukat",2048249675371954588,1569747,False
PrzemekGoldmann,2026-04-26 02:19:43,"Przekleństwo długu w BTC: jak Zaorski przez Krypto Jam stracił miliony Suszka na ropie, a potem patrzył, jak dług rośnie do setek milionów

Wszystko wskazuje na to, że Rafał Zaorski poprzez spółkę Krypto Jam wyłudził od Sylwestra Suszka kwotę nie mniejszą niż 20 milionów złotych. Przy czym kurs Bitcoina wynosił wtedy około 8000 dolarów – zaokrąglając, realna wartość to jakieś 30 tys. zł za BTC. Suszek miał problem z egzekucją tych pieniędzy, a Rafał mydlił mu oczy. Kasa poszła z majątku spółki, konwertując BTC na cash. Rafał stracił te pieniądze podczas krachu na ropie w 2020 i nie miał z czego ich oddać.
Pod koniec 2020 roku kurs Bitcoina wynosił około 110 tys. zł za sztukę. Daje nam to 73,4 mln zł bez odsetek. Możemy spokojnie zaokrąglić do 80 mln.
W październiku 2021 Bitcoiny były spokojnie do sprzedania za ponad 250 tys. zł za sztukę (realnie znacznie więcej). Dług papierowy przekroczył 160 mln zł. Mógł zostać wtedy zrealizowany – sprzedaż BTC i zwrot kasy. Zaorski dalej nie oddał.
Następnie pojawia się bessa i kurs spada. W lutym Bitcoin spada w okolice 160 tys. zł. Suszek dalej nie ma kasy od Zaorskiego. Potężne środki utraciły swoją użyteczność za sprawą felernej decyzji Suszka. Zaorski niewypłacalny, Suszek znika. BTC zjeżdża do okolic 70 tys. zł w listopadzie.
Ludzie nad Suszkiem musieli być naprawdę wściekli, bo podczas bessy pojawia się największy odpływ (BIS Zonda 2025).
To klasyczne przekleństwo długu denominowanego w BTC od 2018. Powstał przy niskim kursie, gdy środki były „tanie”. Gdy BTC poleciał w górę – realna wartość zobowiązania eksplodowała. Gdy przyszła bessa – nikt już nie miał z czego oddać.

Wszystko wskazuje na to, że Sylwester Suszek i Przemysław Kral byli tylko słupami na stanowisku CEO.",2048225481598582865,6131,False
sopersone,2026-04-26 12:32:47,"I think this is the best automated bot on Polymarket

In just a few weeks it made over 28,566 predictions

Trades exclusively on Bitcoin Up/Down markets every 5/15 minutes

Total profit $646,579

Biggest single day win $42,200

Profile: https://t.co/780EToRIxd https://t.co/dkeqz1wBg3",2048379762129748238,3176,False
rationalaussie,2026-04-26 12:15:18,"The crux of all digital innovation over the next decade will be this. 

Very important insight. 

The previous era of the internet disintermediated real world relationships via social networks. It made it frictionless to communicate and connect with anyone in an instant.

And whilst it did reduce coordination costs to some extent, it was still lossy coordination. 

A human with imperfect information trying to co-ordinate with another human with imperfect information to co-ordinate various things at scale: relationships, commerce, community, etc on the internet.

The next era will completely disintermediate the heavy coordination costs involved with trusting third parties online.

Bitcoin will be the trusted settlement layer for money, and AI to AI agent communication protocols with zero knowledge proofs will act as the coordination protocol for frictionless, privacy-preserving trustless coordination at scale.

It's easy to misunderstand the significance of this, so I will spell it out for you.

Most problems in the world today are the result of coordination costs being too high, too costly, too imperfect, and too slow.

AI changes that, because your personal AI will have the densest knowledge graph of any technology in human history. It will know you better than almost anyone.

And when you connect your AI with another AI, those knowledge graphs enable not just two people to co-ordinate, but everyone.

Commerce, dating, jobs, government representation - these are all fundamentally co-ordination problems.

One person, or a group of people, are looking to be matched with someone or something. 

The matching protocols of today are extraordinarily primitive because the knowledge graph of every party is too lossy.

AI will disintermediate all of them.

We are heading towards a truly insane period of innovation, and few see how obvious this actually is now.",2048375365375303856,35115,False
cyrilXBT,2026-04-26 11:42:14,"200 tokens tracked.

6 dashboards open.

Price alerts firing every 3 minutes.

On-chain monitor running in the background.

Sentiment tracker telling you what CT already priced in.

And your portfolio is exactly where it was 90 days ago.

This is the automation trap. And crypto makes it worse than any other industry.

Because in crypto, ACTIVITY feels like EDGE.

Monitoring everything feels like an information advantage.

It is not.

It is noise dressed up as a system.

The traders actually compounding right now are not the ones with the most dashboards.

They are the ones who identified the 20% of signals that actually predict outcomes in their specific strategy and eliminated everything else.

CORE: the signal that directly informs your trade decision.

SUPPORT: the data that validates the signal.

NOISE: everything you check because it makes you feel like you are working.

Most people's entire setup is noise.

The audit that separates them from the 20% takes one afternoon.

The full breakdown is in this thread.

Bookmark this before you open your next dashboard.

Follow @cyrilXBT for more systems that cut through the noise.",2048367043838431259,158603,False
ChandlerGuo,2026-04-26 08:53:20,行业秘密 你知道吗,2048324538585489860,218207,False
Xaif_Crypto,2026-04-26 13:03:33,"The $1.40 zone on xrp is absolutely packed with liquidity 🟡
market makers know exactly where the heat is and price keeps dancing around it

that yellow wall at $1.40 isn't an accident 👀 https://t.co/91aJHKsAF9",2048387508892025065,24573,False
HasanANKA,2026-04-26 11:55:56,"Gram altın biriktiren varmı ?
#Altın / TL paritesi Tradingview üzerinde
Xautryg olarak analiz edilmeli.

Ve 7641 sat bölgemiz.

6000altı al bölgeleridr.

Kısa vade 6678TL seviyesi kırılırsa hareket düşüş getirebilir.

İstek analiz varmı?

#Xau #Btc https://t.co/BIq8gQdCKD",2048370489559552485,77511,False
ralph_defi,2026-04-26 12:18:20,"happy sunday everyone 

this breakfast was bought with @useTria card

when crypto feels normal, you know is working https://t.co/O0XLacLqcc",2048376128679633340,4608,False
MTogliatti9920,2026-04-26 12:36:43,"Forget the “overnight success” lies—us regular folks build wealth one steady gain at a time. Follow @natashaajade1 for live trades and copyable strategies.💡🍕🎵🐖🛴

stock Crypto ARM
#HPC #StockTips
 $NET $GME https://t.co/BWXWJOWnPK",2048380754485199047,0,False
0xvietnguyen,2026-04-26 09:32:16,"82,590 wallets donated less than 0.001 eth ($2.3) to the Aave charity fund

their goal is to have a chance to receive an aave airdrop

if Aave doesn't have airdrop for donater

donater: Aave is scam https://t.co/5MKXmt6kVi",2048334335804375126,12166,False
lopez_bail29604,2026-04-26 12:46:13,"I’m not a finance guru, just a regular investor who trades smart. @natashaajade1’s live trades give me the confidence to keep going—steady gains, copyable moves.🏤😞♓🐷♎

stock Crypto ARM
#BatteryStocks #Recession
 $S $ACHR https://t.co/2cN5edArYm",2048383144374444260,0,False
StarBaseErc,2026-04-26 12:50:30,"The rocket ship is ready!! Moon missions are loading!! The future of civilisation 

https://t.co/wtFyYvV9yu https://t.co/roFQAOXRfK",2048384222323237161,68,False
OnchainLens,2026-04-26 08:57:00,"After 6 months of dormancy, a whale spent 358 $ETH ($828K) to buy 2.62B $ASTEROID over the past 24 hours, then sent it for providing liquidity.

The wallet now holds only 156.57M $ASTEROID. The wallet still has 81.64 $ETH ($190K), likely to buy more later.

Address: 0x73767fc13b9f6f6ff3bd77777944c059f07e4433",2048325460237725788,40732,False
alla_artasty,2026-04-26 12:48:24,"Happy Sunday ♥️

Planetary Waves on @TransientLabs 
1/1
0.05  ETH reserve price

https://t.co/nnpEtPje3A https://t.co/zy1I6mDjlU",2048383696223220005,7151,False
crypto_with_seb,2026-04-26 12:25:14,"Update: 

@rudynakamoto explained. Worth reading and understanding. My concerns were invalid 🙏🏻 

https://t.co/EMjwxipZCm",2048377865347923992,7497,False
AryaNedaee_,2026-04-26 13:08:54,"Most crypto conferences are theater.

@proofoftalk is one of the few that isn’t. 2,500 people in the Louvre, 85% decision-makers, no pay-to-speak. The room matters as much as the stage.

The Louvre doesn’t host crowds. It hosts courts.

1,000 decision-makers, personally reviewed, in the room where history actually got signed. That’s the bar Proof of Talk is setting; and honestly, it’s the only bar worth setting in this industry right now.

If you know someone who belongs in that room, nominate them. If you think it’s you, say so.

See you in Paris. 🇫🇷",2048388854336422166,28205,False
MarieRoger39833,2026-04-26 13:29:22,"Stumbled on @kidnamedsly recently. Tried one trade idea thinking “why not” — ended up surprised in the best way. Following for more.🆕🐞

 stock  NVDA  MXL #Crypto #BearMarket
 $RCAT $LITE https://t.co/8aVFtKbqha",2048394002961973427,0,False
lowkeyfr,2026-04-26 11:54:09,Good week ahead,2048370041939284317,367474,False
CryptoTroia,2026-04-26 13:12:15,Akşam derbi varmış bıkmadınız mı şu barbar sporunu seyretmekten?,2048389695562744144,209977,False
Ernesto_es_TON,2026-04-25 16:18:01,"@carover0 @BTCyberpunk Bueno entonces no pelees contra eso. Es por gusto. BITCOIN, y sino tu lo has dicho, crea tu. Yo acepto las cosas como son, no lucho contra lo que no puedo resolver. 

Además si conoces sabes que tienes una opción 100% segura, BTC.
Lo demás es área verde",2048074056813981848,3522,False
Sheldino_D,2026-03-14 14:08:09,"Crypto bros when Bitcoin is above $125,000  https://t.co/hzyjvxE2db",2032821086442618987,550938,False
Eljaboom,2026-04-26 10:01:24,"BREAKING: #Bitcoin just broke out of a 3 day falling wedge.

Are we heading to $80K next? 👀 https://t.co/QQklMN0A4L",2048341667389022642,696567,False
MoEthWhale,2026-04-26 11:59:47,"$LOL wants to run, waiting for the LOL army to break it out.

Great entry at $2M MC, before $LOL breaks $ATH, then $100M MC, then $1B MC+.

LOL 😂 is going to be the biggest and most viral memecoin in crypto.

CA: 34q2KmCvapecJgR6ZrtbCTrzZVtkt3a5mHEA3TuEsWYb https://t.co/dTqvikWsfG",2048371460520214873,6485,False
biupa,2026-04-26 12:20:14,"行情观点

BTC持续震荡还是尽快突破？

自我们在本周早些时候（周二/周三）提出比特币 $BTC 在冲高至79000一线后会进入一段震荡，比特币也如预期在本周的后半周持续在77-78区间震荡至现在

因此下一个问题是BTC会持续震荡，还是在下周尽快突破？

随着明早8点周线收线，事情会变得更加明朗。

首先是在1H形态上，1H级别我们处在一个上涨趋势之中。上涨后价格偏离均线，转为震荡后目前均线已经逐步跟上价格。而在斜向我们能看到1H级别数个高点连接的斜向趋势线有突破的迹象

因此如果本周的周线收在78以上，行情的回调我认为已经充分而且结束，那么下一步的计划就是向81-84区间上涨

而如果本周的周线无法收上78，也就意味着比特币在今天（周日）的反弹是假涨，跌回斜向趋势线内。那么震荡的时间延长也意味着1H级别的上涨趋势结束，我们需要从更大的时间级别（4H）来寻找回调的依据

简要来说，接下来就看明早收线来确定对于下一周的预期。如果收线能维持在78以上，我对于下周冲高回补CME缺口的信心十足。反之，意味着震荡时间延长。但仍然不意味着会立刻下跌

ETH一会会另发一条进行分析

本⽂由 #BCGAME 赞助｜@bcgame @bcgamecoin",2048376604372676851,24066,False
ChrisCa76642661,2026-04-26 12:59:49,"🚀 Bitcoin (BTC) is at $77,846 
24h: 0.35% • Market Cap: $1558.46B

Live chart: https://t.co/8C780qq2Y4

#Crypto #Bitcoin #Ethereum #BaseChain",2048386566347792691,1509,False
jgonzalezferrer,2026-04-26 06:00:01,"GM fam! 🌞

I'm not afk, I'm busy vibecoding 💻 https://t.co/LxFRQstCBN",2048280921053569030,64707,False
Emreislek,2026-04-26 12:08:08,"Bitcoin yatırımcısı şu anda bir “çifte açmaz” (kayıp-kayıp) riskiyle karşı karşıya. Tam olarak ‘sideways = pain’ dönemi. Ne longcular mutlu ne shortçular...

2021’den bu yana bitcoinin s&p 500 borsa endeksine karşı getirisi neredeyse sıfır. Üstelik bu dönemde Bitcoin’in yıllık fiyat dalgalanması  S&P 500’ün yaklaşık üç katı oldu.

Nisan ayında bitcoinin s&p 500’e göre göreceli gücünü ölçen btc/spx oranı yaklaşık 11 seviyesindeydi. Kripto piyasasının eski momentumunu yakalaması ve 2024’ün ilk çeyreğinde (abd'de bitcoin etflerinin çıkmasıyla) gördüğü zirveyi tekrar test etmesi için bu oranın 14’ün üzerine çıkıp orada tutunması gerekiyor. Bu rakam, bitcoinin piyasadaki “nispi üstünlüğünü” ölçen somut bir eşik. Kırılırsa yeni bir yükseliş döngüsü, kırılamazsa mevcut sıkışma devam eder.

Asıl dikkat çekici nokta, bitcoinin bu durgunluğun ne kadar elverişli bir ekonomik arka planda yaşandığı: abd merkez bankası piyasaya ciddi miktarda likidite sürdü. Amerikan borsasının toplam değeri, ülkenin ekonomik büyüklüğüne (gsyih) oranla 2,4 katına ulaştı. Bu, 1928’den beri görülen en yüksek yılsonu seviyesi.

Böylesi bir para bolluğu ve borsa coşkusu ortamında bitcoinin hala piyasa endeksine karşı getiri üretememesi, ilk ve en büyük kripto paranın artık geleneksel piyasalarla daha entegre ve artan rakip kripto para arzına uyum sağlamak zorunda kaldığına işaret ediyor olabilir. Bitcoin artık “tek başına hareket eden bir varlık” değil; makro likidite ve küresel risk iştahıyla daha sıkı bağlara sahip.
 
14x oranı önümüzdeki 1-2 yılın yön tayin edici seviyesi olacak. Bu oran aşıçılırsa yeni bir siklus, kapanırsa daha uzun ve sıkı bir konsolidasyon dönemi bizi bekliyor. #bitcoin",2048373560423461190,239211,False
CryptoCaesarTA,2026-04-26 11:58:16,"A statement: in a proper bull market, $AIB would have already surpassed 250M. 

Will hold this. I’m in since 1M. This is the next runner. https://t.co/kBYWXxYSJt",2048371077949149577,64542,False
CryptoTony__,2026-04-26 10:02:00,"$PEPE / $USD - Update 

Curling bottom + higher lows. Let us get that pump. https://t.co/SHpU1WeFsy",2048341817478046021,567083,False
JamesEastonUK,2026-04-26 12:11:18,Bitcoin looks primed to go absolutely parabolic. https://t.co/QUaD60ZWDx,2048374356519305524,32905,False
AksuErol,2026-04-26 12:24:58,"Mrb arkadaşlar 
Nasılsınız
#bitcoin",2048377795823235121,13117,False
s_nakotomo,2026-04-26 09:44:46,"Looking beyond crypto  what breakthrough tech excites you for 2026? AI agents that can buy, plan and act on our behalf ? Humanoid robots replacing repetitive tasks ? Real‑time translation making languages optional ? Or satellite to. phone networks reshaping telecom ? Share your thoughts!",2048337479405576240,112959,False
exitpumpBTC,2026-04-26 08:09:43,"$BTC Observing the same pattern of Open Interest reset here and this time price is down only 3% while OI retraced 10%, that's a huge deleveraging. Based on this alone, market can pump again into 80ks. https://t.co/qFxPEyGh7u",2048313560455897157,39053,False
TurkeysDunn,2026-04-26 13:25:41,@MatiAllin Ether P or E $HEX you have a way more superior product the bitcoin:native,2048393075328778619,333,False
matteoinvest,2026-04-25 06:52:07,"📰 Crypt'Infos #115/365

GM à tous ! ☀️

Fear & Greed Index : 31/100 🟠
Dominance BTC : 58.09

Tracker d'ETFs :
ETF #BTC + 3,30M$ 📈
ETF #ETH - 8,90M$ 📉

#Bitcoin 77.526$ 🔴
#Ethereum 2.316$ 🟢

Bitcoin n’a toujours pas été récupéré sa mèche de liquidité, à voir la clôture weekly mais ça peut confirmer le retour baissier⏳

La semaine se termine en beauté avec de beaux inflows côté ETF ✅

Attention à $ETH qui construis un triangle de compression 💸",2047931646452670668,8178,False
Bitcoin_Teddy,2026-04-26 09:02:00,"French politician removes his Rolex watch before giving a speech ""denouncing the ultra-rich"" https://t.co/mQzqkdQRIc",2048326718226628952,89259,False
kayaorhun26,2026-04-26 11:52:58,"Bitcoin Analiz ;

76.500$ yüksek dip bölgesinden dönüşü bularak ;

Şuan yapmış olduğu yüksek dip bölgeleri ;

76.800$\77.100$\77.300$ dır .

Yapmış olduğu yüksek dip tepesi (77.300$)’rın (bir önceki yüksek dip) 

77.600$’rın geçilerek 78.200$ yeni potansiyel tepemiz’dir . 

15 dk’lık dahil olmak üzere 4h’a kadar flama atmış ve bahsettiğim sıkışmayı oluşturmuş durumda . Hem tepe’ler yüksek , hemde dip bölgeleri.

Trend her zaman dediğim gibi yükseliş trendinde .

77.500$’da boşluk var , burayı alabilir fakat almadanda gidebilir , çünkü 4 saatlikte hacimli yüksek mum atıyor.

79.500$’rın geçilmesiyle 

80.600$

81.500$

82.400$

83.000$

85.000$ potansiyel tepe bölgelerimiz olacaktır.

Saygılar , Sevgiler 

-HunBey.",2048369745838141524,2848,False
HakkPilpil,2026-04-26 13:03:00,"Bugün son günü olan yarın sabah kapatacağımız  ücretsiz  Telegram gurupta  sabah  saat 10 da  İzlemeye başladığımız 
#band
#mıto
#alcx
#fıda
Nereye kadar giderse
Önemli olan #btc yapabileceği saçmalıklar
Hacimleri takip edelim
Asla yatırım tavsiyesi değildir
#tly
#dfı
#btc
#vps https://t.co/Ww4GwY4tfh",2048387367816368593,4446,False
LeanneBail26873,2026-04-26 13:23:53,"I used to think trading was too expensive for regular folks—until @chistesdelengua showed me how to start small. Live trades, copyable strategies, steady gains—even with little cash.📿🙍🥯🍨📐

stock Crypto NASDAQ 
#BigTech #ValueInvesting
 $GEV $ACHR https://t.co/XIT1AEllHa",2048392623660929170,0,False
chaoge_btc,2026-04-26 08:27:29,快件VPN我已经申请退款了，5个工作日到账。即使以后恢复了我也不会再用了，我本来以为是小众VPN，没想到半个币圈都在用，这单点风险太大了，赶紧换了。现在用的比快连好太多了，延迟58ms，网速220M，联通移动电信三网都很稳。 https://t.co/5GNs26y6QD,2048318030997049655,19661,False
annvandersteel,2026-04-26 12:38:02,"Americans need to understand what just happened.

Iran built an entire sanctions proof system using crypto, especially USDT (digital dollars). Their central bank and IRGC moved money through it to bypass the global banking system.

Then on April 23, 2026…

$344 MILLION in USDT was frozen instantly.

Not seized later. Not chased through banks. Frozen on-chain.

Because USDT isn’t “decentralized.” It can be blacklisted. Wallets can be shut off. And that freeze was done in coordination with U.S. Treasury and law enforcement.

Read that again:
A nation tried to escape the system… and got shut down with a command.
Now look at the C.L.A.R.I.T.Y.  Act.

It doubles down on this model:
Track. Trace. Report to the IRS.

Every wallet tied to identity. Every transaction visible. Every asset controllable.
This isn’t about Iran.

This is the blueprint.

So ask yourself:

Is this a CBDC in disguise?",2048381086812516683,416947,False
RippleXrpie,2026-04-26 12:16:14,"HERE’S THE REAL REASON CRYPTO IS DOWN! $XRP HOLDERS AND Ripple ARE ALREADY AWARE — THIS MOVE WAS PRE-PLANNED!

TRILLIONS IN VALUE MAY FLOW THROUGH THE XRPL, WITH REAL TOKEN STRATEGICALLY POSITIONED AT THE CORE — FOCUSED ON TRANSFORMING THE GLOBAL PAYMENTS LANDSCAPE.

 TRADE $REAL ON DEX:
https://t.co/NQ22M7MQwO

 BUY $REAL TOKEN ON MEXC:
https://t.co/hlvhKHvNt7",2048375597202649388,464126,False
mide_io,2026-04-26 13:23:17,"Crypto really changed my guy’s life. he moved out of his parents house at 19, at 24 he moved back in.",2048392472548524312,42704,False
Bitcoin_Teddy,2026-04-26 13:05:00,"MARCO RUBIO: ""We won't have to talk about sanctions in five years because there will be so many countries transacting in currencies other than the Dollar that we won't have the ability to sanction them."" https://t.co/IwIxvN8UdE",2048387871015641148,89267,False
thoraGRCU,2026-04-22 15:37:38,"@HerroCrypto probably btc as it's always the safest option, or maybe even eth",2046976731857219983,1325,False
enricmm85,2026-04-26 12:47:48,@blockchainchick If we want #Bitcoin to succeed then we need to accept the fact that #Bitcoin will increasingly become institutionalized. It's inevitable.,2048383544871813146,491,False
Tom___Scott,2026-04-26 09:28:03,"1/ The Guardian's deep dive into offshore crypto billionaire and Reform mega-donor Christopher Harborne is well worth reading. Naturally, convicted fraudster and money-laundering expert George Cottrell - Farage's long-term sidekick - plays a part in this story. https://t.co/joM5iItoak",2048333274271842397,20003,False
Ghiblitimeart,2026-04-26 13:02:06,"We got BITCOIN HarryPotterObamaSonic10Inu

So why not ETH ElonMuskTrumpAsteroidShibaInu ? https://t.co/He1CzZBNEJ",2048387140162371978,13896,False
TonyPaul413994,2026-04-26 13:17:44,"Forget the “overnight success” lies—us regular folks build wealth one steady gain at a time. Follow @natashaajade1 for live trades and copyable strategies.🐋💿🟡❓

stock Crypto NASDAQ 
#AAPL #Crypto
 $UNH $IONQ https://t.co/LXajEt56hc",2048391077283966993,0,False
SymbianSyMoh,2026-04-21 17:57:10,"@HurfYousef bitcoin only, crypto stands for cryptography, cryptocurrencies aka tokens are scams!",2046649457307979805,33599,False
GrailsOTC,2026-04-26 05:19:37,"BAYC #9098 Secured @ 50 ETH
via @GrailsOTC.

Congrats to buyer &amp; seller. https://t.co/PiIqIw9bUl",2048270754941161555,2483,False
aussiehaggie,2026-04-26 12:02:38,"Follow @Mast_work ✅💯💯💯💯💯💯🔥
He's active and follows everyone back.🤝2️⃣7️⃣👏🫂🥇😉🧡📬🧪✨🪺

I like someone who is very active in my post.🔥😘 (Comment & Retweet & Like) Chances are high to be the winner.🥇
I pick 4️⃣0️⃣of my active reply guys every day and upload their accounts to my timeline.
Even if you've been on the timeline, it can be uploaded again to my timeline🔁😉",2048372178425684259,44893,False
DAF1CHAIN,2026-04-26 12:29:47,"✨ DAF Coin (DAF1)

ليست مجرد عملة رقمية، بل مشروع يهدف لتقديم حلول دفع وتحويل أسرع وأكثر كفاءة.

🚀 تعتمد على شبكة BNB لتوفير معاملات سريعة ورسوم منخفضة.

💡 نعمل على تطوير نظام مالي رقمي يسهل الاستخدام ويواكب مستقبل Web3.

#DAF1 #DAFCoin #Crypto #BNB #Web3 https://t.co/1o4kSXSFWq",2048379011148009760,37,False
Einsamwolf58184,2026-04-21 21:53:49,"@Vatoshi I think both sir 😭🥲

never again, just Bitcoin Only ⚡",2046709012192796787,101,False
astronomer_zero,2026-04-26 11:35:17,"Early 2022, I called the $BTC bottom at 15k, nearly a year in advance

Most dismissed it

Price didn’t

Now, 2026 the crowd is very obviously convinced we go sub 50k

And one again, I’m on the other side.

Where we have shown data over the last months suggesting it won't happen.",2048365295350518103,60565,False
Web3Niels,2026-04-26 12:08:30,"Coinbase premium has stayed positive since April 9.

During the same period, $BTC jumped from $71K to $79K. https://t.co/B1APIkmIdv",2048373653184655607,62094,False
TomanovaVi22026,2026-04-26 12:32:05,"Who else is loving @PriyRaval? Stocks exploding daily from his tips. He finds winners that pump quick. Follow him now!🕌🚃🥉

AAPL  AMZN  stock 
#SwingTrading #MarketAnalysis
 $JPM $BTC https://t.co/HsryOQ06sW",2048379587415916768,0,False
Share_Talk,2026-04-26 12:44:00,Grab ☕️ @ZaksTradersCafe takes a video charting look at some of the most closely followed Small-Caps on the London Stock Exchange. Today’s📊#FTSE100 #DAX #DOW #BTC #Gold #WTI #AJAX #CWR #DGQ #ENSI #BANK #GENF #HUI #ITM #MKA #NEO #OMI #PRD #SSIT #TENG https://t.co/dJ555gjqGz,2048382587748360303,33859,False
hodlonaut,2026-04-26 12:07:27,"In Norway, the state publishes this every year for anyone to read.

The media follows up and makes articles with lists like «these are the richest crypto people».

Insanity.",2048373387156705368,156436,False
nabu_lines,2026-04-26 13:06:34,"gm gm...☀️

$BTC or $SOL ?! https://t.co/kI1rcmaRyY",2048388265229615561,84688,False
matteoinvest,2026-04-24 06:37:53,"📰 Crypt'Infos #114/365

GM à tous ! ☀️

Fear & Greed Index : 39/100 🟠
Dominance BTC : 58.13

Tracker d'ETFs :
ETF #BTC + 213,90M$ 📈
ETF #ETH - 66,70M$

#Bitcoin 77.988$ 🔴
#Ethereum 2.315$ 🔴

On a eu que des jours positifs aux niveaux des afflux de Bitcoin sur les ETF ✅

J’envisage toujours mon scénario baissier quand je vois les 2 dernières clôtures⏳📉

Le dollar index pourrait se rapprocher à nouveau des 100 points 🎯",2047565675418263872,8178,False
MitsefX,2026-04-20 05:35:48,"The trend is your friend… until it isn’t.

| #Bitcoin - $BTC | 
| #Altcoins - $ALTS |
| $KDA &amp; $FLUX &amp; $AR |
| Not Financial Advice |
| Do Your Own Research | https://t.co/G6Jdu0BNiU",2046100498684489916,725,False
Cryptodonnet,2026-04-26 12:18:45,"Are you clicking and exploring Citrea Chain yet?

@citrea_xyz is a new ZK roll-up Layer 2 that is fully EVM-compatible, built on Bitcoin.

As an early adopter, there's a lot you can do on Citrea chain.
You can be:
-Bridger
-Trader
-Lender
-Borrower
-Adventurer
-Yield Strategist 
- And liquidity Provider

You can take on any (or all) of these roles and grow your Citrea on-chain footprint, from Beginner → Explorer → Advanced → Power User, by interacting with different dApps across the ecosystem.

Your on-chain activity is tracked on the Citrea dashboard, and this record may influence your final campaign outcome.
 
👉Explore here: https://t.co/0LMVeIFdfO
-Connect your EVM
-Switch to Citrea chain
-Interract with available dApps 

Data updates: Tuesdays & Fridays
Progress isn’t linear and various algorithms are used to measure activity.

👉Don't forget to chech the disclosure section below the dashboard page.

 🚨DISCLAIMER: This content is not sponsored or paid post. Make sure you DYOR.",2048376234573230186,95,False
AshyCompounds,2026-04-20 15:05:21,"@wealthrewired8 $VOO And Chill!!!
But if I had to pick between $BTC and $ETH, it is $ETH",2046243832291823670,1202,False
Crypto_Force_1,2026-04-26 12:56:48,@marc02200 Stop chasing garbage and focus on what everyone wants.   Bitcoin.,2048385808474800437,673,False
AsbjrnL76856,2026-04-26 12:56:45,"Trading used to feel like gambling to me. Now it feels like a skill. Thanks to @natashaajade1’s clear live trades and simple copyable strategies, I’m seeing steady gains.🎠🧠🐏😼

stock Crypto ARM
#WallStreet #ORCL
 $POET $RKLB https://t.co/8T0pYSp2er",2048385794167964123,0,False
Ray_btc_fx,2026-04-26 12:12:19,これ覚えてから月100万は稼げるようになった。 https://t.co/xnsdJipJGx,2048374613709849059,87,False
KellyChery71401,2026-04-26 13:23:09,"Wasn’t searching for signals but @kidnamedsly found me. Tried one and it worked. Locked in.😯✖🏡

 stock investing SP500 #EEIQ #Crypto
 $KTOS $CRWV https://t.co/Qm0dUK6oKs",2048392441162801285,0,False
egragcrypto,2026-04-26 11:34:26,"#XRP – Line Chart Reveals the REAL Structure (Noise Removed): 

💡Retail are watching candles… Smart money watches closes.
👉The line chart strips out the noise:
▫️No wicks.
▫️No fake outs. 
▫️No emotion.
▫️Just true structure.

👉What Line Chart shows :
▫️Clean macro trend
▫️Compression after volatility
▫️Lower highs pressing into support
▫️This is NOT distribution…
▫️This is re-accumulation under pressure.

👉Formation Insight:
▫️Not just a broadening wedge…
▫️Expansion → Compression → Breakout setup

 👉What’s Next?
🟢 Break resistance →
▫️$3.00 first target
▫️Then expansion phase
🔴 Lose $1.10 →
▫️Possible final shakeout ($0.90 zone)

💡Candles show emotion, Line charts show intention.

Structure > Noise 🗣️ONLY FEW 🧠",2048365078936752147,92857,False
DAMIR626322,2026-04-26 12:49:13,"Old Money: Red.
New Tech: Black &amp; White. 💻

​Traditions are the foundation, but the future belongs to those who rewrite them. Meet COCORO — the ultimate version of a timeless classic.

​#COCORO #ETH #ClassicReimagined #Web3 https://t.co/zsaTTeYMY2",2048383900280316376,660,False
01573bit,2026-04-26 13:03:07,"ME 离开 BTC 生态之后，市场反而有意思了。

最近 Ordinals 交易连续几天上涨，交易量也开始回暖，虽然整个 BTC 生态还谈不上全面复苏，但一些细分社区已经开始悄悄动了。

比如 #NODESTR 节点猴策略一直在执行，代币已经销毁 20%， $NODESTR 在 radFi 上也从 1.4 sats 涨到 1.96 sats。

这说明什么？
BTC 生态不是没人了，而是真正有社区、有执行力、有长期共识的资产，依然在默默建设。

节点猴、OMB、Bitcoin Puppets……
这些 Ordinals 头部 NFT 社区，给我的感觉很像早期以太坊 NFT + meme 社区。
不是单纯靠一个图。
而是靠身份、文化、社区凝聚力、持续运营，把资产慢慢做成共识。

我一直认为，优秀社区未来一定会给成员带来丰厚回报。
只不过 BTC 生态过去最大的问题是：
资产有了，故事有了，社区也有了，但流动性和交易体验一直不够好。

这也是为什么我越来越看好 radFi 的原因。
如果未来这些 Ordinals NFT 社区选择发行社区 Token，或者做更深的社区经济模型，我认为 radFi 的优先级会非常高：
1⃣ BTC 原生生态承接流动性
2⃣ Swap 秒级即时交易体验
3⃣支持 BSC / SOL / ETH 直接兑换 BTC 生态 Token
4⃣对外部玩家进入 BTCFi 更友好

过去 BTC 生态缺的不是资产，而是一个真正能让资产流动起来的入口。

再说符文石 #runestone 。

符文石持有者已经等二次空投等太久了。
但我反而觉得，不一定非要等 Leo 官宣。

如果有 Dev 或社区团队，能发起一次 符文石 DAO 空投，并且和 radFi 做一套合作方案，我认为效果会非常炸。

别忘了，符文石可能是整个加密史上最牛逼的一次空投。
它集结的不是一个BTC生态小圈子，而是整个加密市场最真实的一批链上玩家。

如果第一次空投靠的是叙事和公平分发，
那第二次空投真正需要的是：更好的基础设施 + 更强的交易场景 + 更真实的社区流动性。

这一次，BTC 生态已经不再是 2023 年那个只有铭文和场外 OTC 的阶段了。

radFi 这样的基础设施出现之后，BTC 生态的社区 Token、NFT 社区经济、DAO 空投，都有机会重新玩一遍。
而且会比第一次更成熟。

Ordinals 没死。
BTC 生态也没死。

只是下一轮，可能不会再用过去那套玩法回来了。
它会带着新的流动性、新的工具、新的社区资产模型重新回来。
而 radFi，很可能就是这一轮 BTCFi 社区资产爆发的重要入口。 @radfi_btc @CTORadtardedRat @bottle_btc  @OrdinalMaxiBiz

$RAD $NODESTR #Ordinals #BTCFi #radFi #OMB #RUNES",2048387399047422261,14221,False
thepowerfulHRV,2026-04-26 13:09:35,"Another orange dot with no $STRC ATM last week?!

Good lord.",2048389026420318212,22355,False
MysteryRiderEth,2026-04-26 13:00:01,"it started as drawings

it turned into history

$MYSTERY https://t.co/T97OblNvku",2048386617971290433,1147,False
HCalhoun24883,2026-04-26 13:25:16,"Tired of scams that take your money and disappear? Follow @natashaajade1 for live trades, real strategies, and steady gains you can count on.🌃🆖

stock Crypto NASDAQ 
#AAPL #DowJones
 $GLD $ACHR https://t.co/ZaeIY0XOYl",2048392973893988412,0,False
Jake__Wujastyk,2026-04-26 12:53:40,"Just shared my TOP SETUPS into next week w/ Subscribers as well as thoughts into the week ahead.

Also shared daily/weekly candle charts for:
$NVDA $AMD $MARA $GME $NBIS $COIN #Bitcoin $META $AMZN $GOOG $SPY $QQQ $IWM $GLD $ONDS $OPEN $HOOD $TSLA $AAPL

https://t.co/EcxwV9e5sG",2048385019895222382,391920,False
Fiercecrypto,2026-04-26 12:26:25,"GM it’s another bullish Sunday and the squirrel on Waterskiis is still holding stable it’s all about real communities and builders now.. see you at Twiggilions 🐿️🌊💯

nY8XuFsMqM6UTUeubekYUTvvSmX695Zb1oG5EmDpump

#SOL #Crypto #Youtube $PNUT $TEARY https://t.co/h3enmk4NRt",2048378162640269430,1454,False
AlyssaGome88931,2026-04-26 13:18:31,"Forget the “overnight success” lies—us regular folks build wealth one steady gain at a time. Follow @natashaajade1 for live trades and copyable strategies.🤱🏤🧥🐳🍋

stock Crypto ARM
#ETF #AMZN
 $GRI $SFTBY https://t.co/EBHCJw1eHc",2048391271384055979,0,False
cryptogoos,2026-04-26 13:18:00,"Over the next 2-3 years. 

The CLARITY Act will pass. 
Rates will come down. 
QE could start. 
The agentic economy will see incredible growth.

Long term, it's hard to be bearish on $ETH. https://t.co/AQk1NcA9Ko",2048391142643741059,112751,False
glcrypto1618,2026-04-26 11:32:57,"$BTC CME Futures

The gap created in February is quite large / aggressive (act as ""resistance"" now). It could be one of the last of its kind, as starting May 29, 2026, CME has announced it may move to 24/7 trading for crypto BTC and ETH futures & options could trade non-stop, including weekends.

If confirmed, large CME gaps disappear, one of the most well-known BTC trading strategies becomes irrelevant.
Institutional liquidity on weekends, the market is no longer dominated only by retail and small market makers on Saturdays/Sundays.

One of the biggest structural changes in crypto market mechanics in years.",2048364706474209410,19836,False
cryptocupra,2026-04-26 09:32:06,"WE ARE ABOUT TO MAKE STUPID AMOUNTS OF MONEY 

BITCOIN TO NEW ATH
ALTS 10-100X IN AVERAGE

$BTC.D https://t.co/houWpUmEei",2048334293877821461,42771,False
SultanNasir51,2026-04-26 10:24:58,"Good afternoon fam 

Everyone's screaming about scaling. TPS this, TPS that.

@quipnetwork ? They're thinking way ahead. Building for the security apocalypse nobody talks about yet.

Post-quantum crypto + decentralized compute. Not hype. Future-proofing.

Here's what hits different

Wallet wrapping: Upgrade your existing bags without the pain. No starting from zero. Just... secure.

Quantum-resistant accounts: HODL insurance for the long game. Your crypto stays yours, even when quantum flips the script.

Compute marketplace: Monetize your idle resources. Actually productive. Get paid for what's sitting there.

This is infrastructure that lasts not built on today's assumptions, built on what's coming.

Real talk: Early or blind? Quip's playing 4D chess while everyone's doing checkers.

Nodes live? Who's running? Drop it 

Future-proof vibes only",2048347599581921346,12429,False
BitcoinArchive,2026-04-26 05:26:52,"Bitcoin at $78,000👀 https://t.co/zrBtsGYOQY",2048272578498711852,1814796,False
kimmyboy2,2026-04-26 08:21:17,"A 625x increase from here to 0.032. It’s just a matter of killing three zeros. Remember! this is the crypto market, and you are holding a beast called LUNC.",2048316472708259994,12681,False
HardyKathr6971,2026-04-26 12:53:14,"To all my regular investors: Your hard work deserves steady returns. Follow @natashaajade1 for live trades and copyable strategies that reward your effort.😿🧇🎎

stock Crypto NASDAQ 
#SPY #Recession
 $AAPL $ACHR https://t.co/zUNymSGkre",2048384908536725998,0,False
BSCGemsAlert,2026-04-26 09:36:13,What #Crypto are you buying today? https://t.co/V1iDAqclle,2048335328700964947,504859,False
KookCapitalLLC,2026-04-26 11:34:57,"picked up 2 blue chip grail nfts in the last few days

thinking the top end of the nft market will run 2-3x from here

&gt; floors move up in eth terms

&gt; eth moves up in usd terms

should 3x my usd investment in a few months

lets see if im right 😁",2048365209249554796,180188,False
sunyunran,2026-04-26 10:40:14,你真正需要的，从来不是一份工作，而是属于自己的长期稳定现金流，工作是工具，不是目的，稳定的现金流才是目的。例如，房租产生的现金流；每年一次或二次的股息产生的现金流；红利类基金分红的现金流，等等。当然，稳定的工作也能提供稳定的现金流。,2048351439756697846,26794,False
DavidHosts,2026-04-26 08:50:35,"⚠️ MULTI, SAME BIO SAME BAR⚠️

https://t.co/Qe5AOBaAqi

https://t.co/ASWwGWMPrH

https://t.co/Pg74zEfCF6

https://t.co/46ZlgraMXt

https://t.co/BvIXgGuf7f

https://t.co/XumODonRy6

https://t.co/AumQh4LDf2

https://t.co/PwgLAIZX53

https://t.co/S4dwUtTacL",2048323845988458550,193584,False
cryptorand,2026-04-26 11:54:00,"32% of ETH is staked. Locked. Earning yield. Not for sale at any price on your screen.

The float keeps shrinking. The ETFs keep buying. https://t.co/uWHUD50QyM",2048370002940829889,340911,False
UniverseTwenty,2026-04-26 10:16:52,"🚨PRICE ALERT Leading crypto exchange uphold mentioned two times on their #X profile ""#XRP just hit 1,000$"" 💥💥🚀 https://t.co/R58r3Cfksj",2048345561213096034,123964,False
LarkDavis,2026-04-26 13:30:10,"Secretary Scott Bessent announced the freeze of $344 million in cryptocurrency tied to Iran.

Tether confirmed it was THEIR USD₮, they cooperated with OFAC and U.S. law enforcement to freeze over $344 million in stablecoins.

On the surface this looks like normal private company + government cooperation.

But this is exactly why so many people are attracted to $BTC.

No central issuer. 
Hard-capped 21 million supply. 
No government on earth can freeze it.",2048394204695363856,1473659,False
KriptoCapris,2026-04-26 11:23:34,"BU GRAFİK, BİTCOİN'İN 600.000 DOLARA GİDECEĞİNİ ÖNGÖRÜYOR

ÇOK YÜKSELİŞLİ 🔥

#btc https://t.co/dtVNLSn0N4",2048362346062528797,129014,False
venorusprime,2026-04-26 12:33:37,"Film crews were on site as @bitcoincoreorg uncapped OP_RETURN limits in Core v30. 

Let's see how it went. https://t.co/FkhtMji9Zv",2048379972734046253,1176,False
AssetsDaily,2026-04-26 12:12:44,"President Trump ✨ ""Crypto has entered the mainstream. Banking resistance is unacceptable.""",2048374719020147042,67859,False
ItsOwlPrints,2026-04-26 10:30:00,"BTC breaks $78,000
again!

Shorts getting squeezed

$80k by next week? https://t.co/vUQCEc5Drd",2048348865263227236,31769,False
CMDRVALTHOR,2026-04-26 07:55:51,"📷📷📷 THE SIMPSONS PREDICTED IT. XRP BECOMES THE WORLD'S TOP CURRENCY IN 2026. $100,000 XRP. BITCOIN FALLS TO $1. THE BOOSTER IS HERE. LAST CHANCES. 📷📷📷 https://t.co/oAWpauYEdZ",2048310072422371377,187622,False
ConcettaVe21969,2026-04-26 13:15:26,"I used to trade on hope instead of strategy—until @chistesdelengua taught me better. Live trades, copyable strategies, steady gains—no more hoping for the best.➰🎳🐈

stock Crypto NASDAQ 
#AAPL #RetailInvestor
 $MSTR $AMD https://t.co/vgrjYNSBLG",2048390499254321563,0,False
rahul19_rahul,2026-04-26 11:33:46,"Your wallet has zero real defense.

$2.1B was lost to crypto hacks in 2025 - mostly from approval exploits and malicious transactions people didn’t even realize were dangerous. Alerts come too late. Revoke tools react after the damage.

@CerbAgent  is your wallet's bodyguard.
The security layer your wallet is missing

$CERB powers autonomous AI agents that actively defend your wallet before funds move:

🔹 simulating transactions before you sign
🔹 auto-revoking compromised approvals in the same block, 
🔹 even front-running drainers in real time across multiple chains.

This is what wallet security should’ve been from day one.",2048364910347006136,63888,False
JohnChimpo17,2026-04-26 07:54:33,@hippyygoat His bro just eating ice cream. https://t.co/sC5EqZuHrC,2048309744189022663,1901,False
crypto_with_seb,2026-04-26 13:19:32,Very nice and simple explanation to $Qubic burn wallet and it’s mechanism 🙏🏻,2048391531099222111,7498,False
polymarketsuc,2026-04-26 11:57:11,"POLYMARKET BTC CHAOS IS LIVE! ONLY 4 DAYS LEFT ON MARKET IN APRIL

April is basically over and the streets are glued to What price will Bitcoin hit in April? on Polymarket.

Millions in volume already. No leverage, no liquidations just pure conviction plays. 
You literally trade whether BTC hits each level before the month ends.

Here’s the current market pricing:

Upside levels:
95K → <1%
90K → 1%
85K → 5%
82.5K → 18%
80K → 49% (coin-flip arearight now)

Downside levels:
75K → 35%
70K → 5%
65K & lower → basically priced for zero

Now pull up the chart BTC has been locked in a clean ascending channel for weeks. 

Multiple perfect bounces off both trendlines, price currently grinding near the middle/upper part of the channel. 

MACD is flashing mixed signals and we’re in the final 96-hour sprint.
The real question isn’t where is BTC going long-term?

It’s: Does price have enough gas to smash through to 85K+ before April closes… or does it respect the lower channel support and pull back toward 75K?

No hopium. No FUD. Just raw price action + Polymarket odds colliding.
This is where sharp TA meets real edge.

Read the chart, check the probabilities, decide which Yes/No shares look mispriced… and you can literally profit if your analysis is right.

What’s your read, trader?

Are you buying Yes on 80K+ or loading No on the higher strikes?

Drop your levels and TA below",2048370807106114011,1655,False
ChrisMMillas,2026-04-26 12:49:00,"Strategy is a Bitcoin refinery that converts raw Bitcoin into securitised financial products deliberately engineered to appeal to different pools of investors based on their volatility, risk and return goals. $MSTR https://t.co/sJiJOkjVPU",2048383844458373161,16714,False
TeknikalSaham,2026-04-26 12:55:05,"$IHSG 
update

Terbukti IHSG jatuh ✅
Terbukti narasi terkait APBN dan perekonomian Indonesia makin banyak✅ https://t.co/XsFwJ6gF7B",2048385375056617544,38074,False
TheCryptoChefX,2026-04-26 11:12:27,"$SPIKE is cooking like crazy for us too

We catching W’s after W’s 

So much higher for this dino https://t.co/4q1ga7OX0H",2048359545978708092,12434,False
StudioBellini,2026-04-26 12:22:38,"WL is now uploaded! 🥳
If you’re a Puffy holder and don’t see yourself on the list, please dm me your eth address 🙏

If you don’t own a Puffy Icon yet, there’s still time to get one! 🎈

Links below https://t.co/whNgUaaEGa",2048377211044917581,4387,False
Bulls_Crypt0,2026-04-26 12:04:52,GM! Joined $800 on Pin?,2048372737710985562,580315,False
Wangduanniao,2026-04-26 12:06:00,"我不认为比特币会到3-4万。

因为大机构都在买了，他们不会卖。

耐心持有是最好的致富手段。

不要乱操作，好好打工，赚钱加仓。

如果你激进的话，可以像我一样买入OKB 

或者买入hype eth啥的

我还是更看好OKB，但是我总是看错。

我看好OKB的逻辑之前发了好多次了，我觉得没毛病。

反正，现在绝对不是合适的卖出时机，是买入时机。",2048373023775014943,96952,False
hantengri,2026-04-26 12:05:17,there is no chance anyone trading on something called bitunix has a position size over $70 btw,2048372843491074111,14274,False
crypto_king34,2026-04-26 10:40:13,"🇺🇸 TRUMP AT MAR-A-LAGO: I WILL SIGN THE CLARITY ACT - BANKS NEED TO ""MAKE A DEAL""

Trump explicitly vowed to bypass banking opposition and sign the Clarity Act the moment it clears the Senate.

Here go Bitcoin🚀 https://t.co/9BYeyoiB0A",2048351436983910818,171659,False
cryptorover,2026-04-26 05:58:48,"WARNING $BTC HOLDERS. 

The next Fed Chair, Kevin Warsh, could be sworn in as early as May.

Throughout Bitcoin’s entire history, whenever a Fed Chair has been sworn in or renewed their term, Bitcoin has experienced significant declines:

Yellen: nearly -80%
Powell (first term): -70%
Powell (second term): -60%
Now: ???

It would be unrealistic to expect no drop at all.

That said, Bitcoin also tends to decline during midterm election years, so not all of the downside can be attributed to new Fed Chairs.

However, markets do tend to test new Fed Chairs during the first year of their term.",2048280616861602256,1569691,False
tomoyaasakura,2026-04-26 09:34:52,デジタル資産を未来と確信し、NY証取は最大級の変革へ踏み出した。24時間365日取引・即時決済のトークン化基盤を構築し、ナスダックもこれに続く。日本は制度改革が遅れ、投資機会を逃し続けている。このままでは家計資産2300兆円は外へ流出し、資産運用立国の地位は揺らぐ。 https://t.co/Jc3fkQh1e6,2048334990589734986,77429,False
Steph_iscrypto,2026-04-26 08:00:00,MASSIVE: 🇺🇸President Trump says he won’t let BANKS derail the CLARITY Act. https://t.co/OTA7gwcqir,2048311114774319437,82273,False
589CTO,2026-04-26 13:25:32,How it feels being in crypto while the stock market keeps printing new highs https://t.co/A8bPtpjGN0,2048393041199710535,19065,False
VoidReader_,2026-04-23 18:05:38,"$522,465 net profit on 5-minute Bitcoin markets

37,256 predictions made with a 64.7% win rate

The best percentage trade brought $15,011 from $3,112

Today’s profit came out to +$19,724

Lately testing across all 5-minute markets

Wallet: 0xb27bc932bf8110d8f78e55da7d5f0497a18b5b82",2047376366539063575,730,False
DaanCrypto,2026-04-26 10:19:46,"$BTC Slow and steady grind up. But testing some weekly levels at this area.

Daily levels up a bit higher around the low 80Ks, that will need to be broken for some real momentum and fomo to return to the market.

Until then, it will be pretty silent around here I assume. https://t.co/H7JGf5Q7fJ",2048346289918689468,416434,False
BaseOnRabies,2026-04-26 12:25:41,New $RABIES / $CLAWNCH Liquidity Pool for La Familiar 🫂 AI Agents gonna be massive and we gonna ride it up with our homies at @Clawnch_Bot 🤖💰 This along with our $MIGGLES pool plus massive burnt $ETH pool 🔥 https://t.co/sFhetG9Ek2,2048377978090872900,52,False
crypto_pump00,2026-04-26 10:39:12,"Drop your #BTC  address 👇

I will send you $6,000 in 24h❤
(Yes for real )

RT and Follow🔥 https://t.co/DtxE5rFmPs",2048351181706010908,96815,False
IanThomas164197,2026-04-26 12:51:58,"I’m not a trading expert, but @chistesdelengua makes it easy for regular people. Live trades, simple strategies, and steady gains I can replicate.🧕🎁🏸

TSLA   INTC  NVDA  
#stock #StockMarket
 $META $BTC https://t.co/CxmbvwBGAI",2048384591778467933,0,False
ihitman42,2026-04-26 12:54:10,"@Deviled_meggs_ gmgm meggs

the glasses  is a whole vibe",2048385145896665176,2572,False
Cryptoemperor06,2026-04-26 10:36:48,"$4 TRILLION APPLE HAS LIFTED IOS RESTRICTIONS BANNING IN-APP #BITCOIN AND CRYPTO PAYMENTS

THE WORLD'S LARGEST TECH COMPANY 

OPENING TO BTC 🚀 https://t.co/IrcYONw8qz",2048350576430256366,158685,False
CryptoColaX,2026-04-26 10:51:37,"Afternoon Everyone 

A lot of people asking where @TheARCTERMINAL actually fits in crypto

It’s mostly in the AI agents space, but also touches Web3 tools and DeFi
Feels like they’re trying to build an AI layer on top of everything instead of being just another single use app

@wallchain is growing steadily and feels like something solid is being built",2048354306873520399,2673,False
LokiCryptoSpace,2026-04-26 12:01:17,"Hoy abrimos espacio en el CT hispano 😎
Creadores y proyectos podrán entrar en directo
y explicar lo que están construyendo.
Sin humo. Sin filtros.
🎁+450$ en vivo
Si hay alguien que quieras que venga, etiquétalo aquí 👇",2048371836778377564,6260,False
BitbullTrading,2026-04-26 13:10:19,"Michael Saylor wird diese Woche weiter zugeschlagen haben! 

Was denkt ihr wieviele #Bitcoin es dieses mal waren?",2048389209157755126,63912,False
DamiDefi,2026-04-26 12:57:03,"The crypto market just did something it's only done 3 times in history.

The market has contracted 46% from its all-time high of $4.22 trillion.

But here's the thing:

Every single major rally in history started with a drawdown just like this one.

The money doesn't disappear. It rotates.

And right now, that rotation is quietly loading up on assets most people have given up on.

The total crypto market cap held the $2.25T grey zone that's been in play since 2021.

Every time this level has been tested across the entire cycle, it's held and it just held again.

We're now trading at $2.58T, sitting right on the dotted resistance that capped price in 2021 and 2024.

This is the level that needs to flip to support.

A monthly close above $2.58T and the next target is the $3.5T–$3.85T yellow zone the 2025 highs that rejected price twice.

The monthly candle is already up 10.90% with days left.",2048385873126019343,92441,False
Tyler_Did_It,2026-04-26 12:36:39,Punks floor up to 31 ETH ($72k) after a solid stretch of sales https://t.co/vCiS6Yr4MZ,2048380738844627408,65060,False
garin15312,2026-04-26 12:45:13,"資産１億超えるまでは「ビジネス一択」

・NISAするべきだ
・S&P 500買っておけばO K
・BTCは今が買い時

このように発信する人は多いが
資金が少ない状態で投資やっても得られる利益は少ない。

１億を年利3%で回せば年間300万円だけど
100万円だと3万円にしかならない。

年収300万円あれば田舎なら暮らせる。（いわゆるFIRE）
しかし年3万円では何もできない。

だったら、その100万円は株や仮想通貨ではなく
情報や知識に使うべき。

知識に課金することで
リターンは10倍、100倍、それ以上にもなる。

そして資産が増えたタイミングで
バコッと株や不動産を買えば効率が良い。

お金持ちになりたい人の多くは
順番を間違えている。
つまり、やってることは正しいので
順序よくやれば誰でも富裕層になれるということ。

ビジネスやって→投資に使う
を徹底してほしい。

金持ちになりたい人は
まず何かしら、１つビジネスを始めてみよう。

俺の場合は運良く
最初にSNSアフィリに出会って
稼いだ金をどんどん事業に使ったことで
23歳の時には１億稼げるようになった。

SNSアフィリは競合も弱いし
商品も作らなくて良いから
初心者でも取り組みやすい。
何より再現性がある。

今では毎月2000万円の売上があるけど
月100万円なら半年あれば誰でもいける。

SNSアフィリの魅力や実態など
このアカウントでどんどん発信していく予定。",2048382893521850868,15,False
Jason23818126,2026-04-26 13:10:33,"6 天，AI 只帮我开了 4 单，盈利 2%

这次 Bitget AI Agent 策略大赛，我一单没动，全程丢给 GetClaw 执行
估计是策略卡得太严，叠加最近的震荡市，所以开单频率确实不高
离比赛结束不到 1 天，这次大概率是陪跑了，但实盘跑下来的整体感受还不错

这次跑的是 BTC 合约的双向 CTA 趋势策略，多空两套触发系统独立运作，互不干扰
做多需同时满足： 
价格突破关键阻力、OI 与价格双升、资金费率深负、空头占比超 60%
做空需同时满足：
压力区反弹失守、MACD死叉+RSI<50、OI 升伴随价格跌、多头占比超 55%、资金费率转正

这几天的盘面大家也看到了，除了一波明显逼空，剩下全在画门
资金费率在零轴来回摩擦，OI 没有单边放量的意思 GetClaw 每 30 分钟轮询一次，合约价、OI 趋势、资金费率、多空比和 Taker flow 全部联动
只要信号不共振，就老实空仓等着

总体来说，这次跑下来体验还行
连上电报就能直接用自然语言跟它对话，随时部署策略
但我认为目前还不能把 AI 交易完全当成自动赚钱的工具
它现阶段更多的价值，其实是交易纪律方面的约束

比如我手动盯盘容易犯的错，就是感觉要涨/跌，然后冲动开仓
GetClaw 不会这样，它只认数据和规则，不会因为连亏两笔就急着上头回本，也不会看行情热闹就提前抢跑
这几天一路横盘，策略绝大部分时间都在空仓苟着
而横盘本来就是 CTA 最容易磨损的周期，AI 能在不该进场的时候管得住手，就已经达到了我想要的风控效果

下一阶段，我准备测一下参数的动态调整，看看能不能让触发条件对不同的行情结构更自适应
这次比赛只是个开始，后续我会继续探索 AI 实盘交易~

#BitgetAgent #GetClaw #AITrading #CTA #BTC",2048389269195280871,15617,False
DuffyPauli31965,2026-04-26 13:28:37,"As a regular investor, I’ve learned the hard way that hope isn’t a strategy. Thanks to @chistesdelengua’s live trades, I now follow clear, copyable moves with steady gains.🧕🧐

stock Crypto NASDAQ 
#PLTR #MSFT
 $SOFI $SMCI https://t.co/Sng1jN8nnN",2048393813874315704,0,False
AndrewPayn69245,2026-04-26 13:07:01,"I’m not a pro trader, just a regular investor who’s learned from experience. @chistesdelengua’s live trades help me stay on track—steady gains, copyable moves.🟧🥞🍙🐟

stock Crypto NASDAQ 
#Semiconductors #stock
 $AAPL $GLD https://t.co/TaZJnf7A8Q",2048388379583152301,0,False
LorraineGr30554,2026-04-26 13:30:53,"I used to be overwhelmed by the number of stocks to choose from—until @natashaajade1 narrowed it down. Live trades, copyable strategies, steady gains—no more choice paralysis.😳🧽😶🤚🛐

stock Crypto NASDAQ 
#NIO #BullMarket
 $AAPL $OKLO https://t.co/YktnwSYzL9",2048394384958210090,0,False
The_JDK99,2026-04-26 10:42:52,"""you’re not bullish enough, we’re going to new ATHs” 🚀

- your favorite crypto influencer posting directly into a range high

I say, sub-$60K before new ATH!
(Base case we start to roll over here, or continue to push higher a little bit and then run the lows)

$BTC  #Bitcoin https://t.co/Vbb7P4556l",2048352103467307182,15324,False
NeutraFinance,2026-04-26 13:00:43,"‼️We’re hiring “reply guys” 

If you move fast on X, understand crypto space here, and know how to insert sharp, relevant replies — this is for you.

We’re building a small, high-quality team with solid fixed pay.

Limited spots. DM to apply.
Repost increases your chances. https://t.co/sHUZVcEtzA",2048386793372873130,16734,False
0xVeryBigOrange,2026-04-26 12:34:34,"罩杯老师太贬低自己了。

你给付鹏 1000U 让他开合约，估计他鼠标都拿不稳，手先开始抖。

但罩杯老师不一样，毕竟是曾经亏完 1000 个 ETH 的男人，而且那会儿 ETH 还是 3000+，一把亏完 300 万美金，折合人民币 2000 多万。

这种级别的实盘履历，不是一般人能碰瓷的。

付鹏别说给老师当助理了，给罩杯老师提鞋都不配。",2048380214640775313,90607,False
cryptosanthoshK,2026-04-26 10:46:01,"My TA and bitcoin thesis is the strongest.

Check 👇 

https://t.co/3BSRoMmwFn",2048352895083426097,125914,False
fexir1,2026-04-26 12:51:22,Good week incoming. https://t.co/xTNCApzuNj,2048384439491899741,32318,False
DelvignePi88341,2026-04-26 12:42:59,"Trading feels less like gambling when you follow @make1tpos1t1ve. Daily alpha incoming.🏹👾📕🔴🐙

 stock stockmarket trading #GLOB #Crypto
 $NFLX $RCAT https://t.co/CqN2Wn2Cy2",2048382331476644292,0,False
MookieNFT,2026-04-26 10:32:35,"I just want all of us to win in crypto together

The people you started with are the people you’ll celebrate with. Seeing my friends win and grow makes me happier than anything else.

Win together, stay together. 🤝💛",2048349515829129319,148853,False
lolonsollol,2026-04-26 12:08:11,"$LOL is going to become the most viral memecoin in crypto in 2026 😂

CA: 34q2KmCvapecJgR6ZrtbCTrzZVtkt3a5mHEA3TuEsWYb https://t.co/rP4xbERcFl",2048373572100604259,3076,False
Krypto_Cuervo,2026-04-26 13:22:38,"Mein $BTC Sparplan wird auch in paar Tagen ausgeführt, freue mich schon✌️.

Sollte $ETH über 2500$ stehen, wird der kleine Anteil gestrichen und in solana:So11111111111111111111111111111111111111112 investiert. Da verdiene ich immerhin am staking…
#Krypto #Bitcoin",2048392311101435929,364,False
BunkerEconomico,2026-04-22 11:23:41,"@2mileurista BTC es el Rey, pero hay sitio para otros proyectos buenos como ETH, XRP, ADA, LINK .... lo que pasa que al final todo depende de BTC para que funcionen de momento.",2046912824811618548,412,False
DanielHoll89654,2026-04-26 13:21:05,"If you’re a regular investor tired of feeling lost, @chistesdelengua’s live trades give you a roadmap. Clear direction, copyable strategies, steady returns.🦪🍝🕌🦖🐆

stock Crypto NASDAQ 
#HPC #AIBoom
 $HYMC $CVX https://t.co/K2aTeOwMXF",2048391920502657180,0,False
QuintenFrancois,2026-04-26 12:40:09,Russia is using crypto,2048381619535266087,222007,False
CapitanBitcoin,2026-04-26 10:32:44,"🚨Diferentes países, diferentes pueblos, pero un mismo resultado. Hablemos de los países más estafados del siglo XX y de los líderes que los llevaron al límite: 

--Fidel Castro, cubano, denunciaba el capitalismo… pero acumuló 900 millones de dólares en cuentas suizas. Tenía una mina de oro, una isla privada con yate de lujo, 20 mansiones (una con hospital privado, cancha de básquet, delfinario...).

--Hugo Chávez, venezolano, expropiaba y señalaba “a los ricos”… pero dejó a su hija María Gabriela +4.200 millones de dólares en cuentas en Andorra y EE.UU. Mientras en el país se comía de la basura, ella vivía entre París y Nueva York. 

--Nicolás Maduro, sucesor de Chávez, el “conductor de bus humilde”, acumuló casi 900 millones de dólares en Suiza (cuentas, chalets alpinos y yates). Suiza los congeló recientemente. Y llevaba toneladas de oro a Emiratos, Turquía y países africanos en secreto. Venezuela en hiperinflación y éxodo masivo (8 millones de emigrados); pero él blindaba y diversificaba su fortuna. 

--Cristina Kirchner, argentina, atacaba a los “ricos”… mientras la Justicia le ha decomisado 111 inmuebles de lujo (hoteles como Los Sauces, estancias patagónicas, departamentos enteros) por fraude en obra pública. 
Florencia Kirchner, su hija, con 26 años, tenía 4,6 millones de dólares en efectivo (fajos de billetes) en dos cajas fuertes del Banco Galicia. Todo mientras miles de argentinos no llegaban a fin de mes y sufrías inflaciones delirantes.

Fiarse de discursos bonitos es el error más caro del ciudadano. Puedes hundir tu país creyendo a gente que solo dejará en mejor posición a sus propios hijos mientras mantienen pobres y dependientes a sus votantes ignortantes. Este tuit está dedicado a todos ellos. APRENDE.",2048349553644982490,568000,False
shahh,2026-04-26 13:00:10,"If you bought $1,000 worth of Sandisk 90 days ago, you would now have $36,000 and outperformed everyone who held Bitcoin for the past 11 years.. https://t.co/mtZ4nWazm7",2048386655598547180,401304,False
KryptoFynn,2026-04-26 12:48:12,"@19MichaelS76 @Elinacrxto Spannend, wie unterschiedlich die Wahrnehmung sein kann. Ich bekomme auch mit, dass der Großteil, der Kanäle, die ich hier sehe, von Altcoins abraten und für den nächsten Zyklus only BTC fahren.",2048383643857428787,679,False
danaNYB,2026-04-26 12:36:59,"Why can’t ppl respect production line &amp; actresses when it comes to how they want to deliver love scene &amp; target age group(rating) audience?
I see ppl trashin about too erotic love scene &amp; then ppl complaining about weak love scene like eth might not be for every1 but u can choose",2048380819144937972,10712,False
0x_dynamo,2026-04-26 12:57:47,"i have a bad habit of opening 3 tabs every morning just to start my day.

bitcoin price. github commits. weather.

built a simple n8n workflow that merges all 3 into one email before i wake up

automation is about being intentional with your time. https://t.co/W6CmrGmnT2",2048386055015895261,2983,False
Zero2HeroZombie,2026-04-26 12:55:32,"Quarterly Revenue for $ETH dropped from $432.1M (Q4 24) to $8.1M (Q1 26) = 98% drop📉

Meanwhile, ETH is recording 100s of Millions of $ in Quarterly Expenses.

Are we really sure that ETH is ""The house/future"" of AI?

PS: The Financial Statement was build with @caffeineai and tracks Yearly, Quarterly & Monthly financial metrics for ICP, ETH, SOL & NEAR.",2048385490710155581,5448,False
CryptoGerla,2026-04-26 12:50:49,"ETH Smart Money Flow Index 

$𝗘𝗧𝗛 𝗵𝗮𝘀 𝗹𝗶𝘃𝗲𝗱 𝗯𝗲𝘁𝘄𝗲𝗲𝗻 $𝟮,𝟭𝟬𝟬–$𝟮,𝟰𝟬𝟬 𝗳𝗼𝗿 𝘀𝗶𝘅 𝘀𝘁𝗿𝗮𝗶𝗴𝗵𝘁 𝘄𝗲𝗲𝗸𝘀.
 
Meanwhile spot ETH ETFs absorbed $500M of inflows in April.
Fidelity's staking ETF added another $1.2B in a single day. https://t.co/NBI5YeEWGJ",2048384303046840784,38674,False
fungibleguy_eth,2026-04-26 13:24:52,@BabyOfCrypt Could be for sure if we still are in a bear market on BTC,2048392872756392168,953,False
HomelanderGMI,2026-04-26 12:46:45,"@cryptoskullx Ancient ETH deployers are waking up.

#ELONONE deployer (160m in 2021) dropped $AYYLIEN after 5 years.

Perfect runner for the alien meta and deployed by an OG goat 

Take a look:

0x19222eb4bB885AD990d8dF2A2AD3f6E64CbEBf00 https://t.co/cRhgLTPgKn",2048383280190251325,218,False
wiseadvicesumit,2026-04-26 13:15:17,"CT: “ $BTC is going below $50K

Saylor: posts tracker again 😭",2048390458016137300,321160,False
jeffcmaia,2026-04-26 13:30:51,"$BTC The moment of truth for Bitcoin.

#Bitcoin #Crypto #Altcoins https://t.co/m3CzjKWJfJ",2048394377299439911,911,False
InvestingAddict,2026-04-26 13:19:13,Can someone explain why it’s always 20 year olds who are broke telling you to put your entire life savings into Bitcoin and never anyone who’s actually financially free? https://t.co/1nf3crUAsk,2048391449394442460,4634,False
aussiehaggie,2026-04-26 12:44:53,"Follow @0xweb3wizard ✅💯💯💯💯🔥
He's active and follows everyone back.🤝2️⃣9️⃣👏🫂🥇😉🧡📬🦄📛🌱

I like someone who is very active in my post.🔥😘 (Comment & Retweet & Like) Chances are high to be the winner.🥇
I pick 4️⃣0️⃣of my active reply guys every day and upload their accounts to my timeline.
Even if you've been on the timeline, it can be uploaded again to my timeline🔁😉",2048382809266643384,44900,False
HopiumPapi,2026-04-26 10:44:08,"When I bought the OG $BOBO yesterday, it was because someone told me the version that vamped it was migrating to $SOL. With how strong the $ETH trenches are right now, it felt like the perfect narrative, since the original would no longer have competition. It wasn’t meant as any shade toward the vamped version of $BOBO.

For some reason, that completely enraged a group of grown men still living with their parents. At the time I didn’t really get it, but now I understand it came from insecurity, they didn’t want their vamped version of $BOBO to be seen as illegitimate.

Personally, I don’t really care. But since all of this has unfolded, I’ve started receiving DMs from people who say they were affected by the vamp. So I’ve decided to give them a platform to tell their side of the story, stay tuned.

0x5888641e3e6cBeA6D84Ba81EDb217bD691d3bE38",2048352420535939131,131145,False
QuintenFrancois,2026-04-26 12:54:08,"Most do use Chainlink, but those who don’t get rekt eventually

ethereum:0x514910771af9ca656af840dff83e8264ecf986ca",2048385136576635163,222007,False
dallehollywood,2026-04-26 12:24:38,"remember when you dropped $200 for a swap back in 2021?

yeah, $GWEI hasn't forgotten either

https://t.co/yGriuBwMKU

Airdrop is LIVE right now

Your proof of struggle on ETH mainnet = your allocation

Eligible:
→ Gas ID threshold reached
→ Shared Gas ID on X
→ Participated in Open Gas Initiative

Early ecosystem users can also claim:
✅ Bridged to GWEI
✅ Used dApps
✅ Held tokens

Gasless Future rewards those who endured the gas wars

See what you're eligible for  
$UB $COMP",2048377712906018833,55542,False
ShannonSmi72407,2026-04-26 12:36:10,"Trading used to feel like gambling to me. Now it feels like a skill. Thanks to @natashaajade1’s clear live trades and simple copyable strategies, I’m seeing steady gains.💚😥🍱🐧😦

stock Crypto NASDAQ 
#AAPL #StockMarket
 $NVDA $GOOGL https://t.co/cPNvzQFMKh",2048380616069300496,0,False
TedPillows,2026-04-26 12:04:39,"Open Interest is going up.

Funding has flipped positive.

Longs are entering here. https://t.co/4hJIn79fjf",2048372682698183085,290434,False
ToolySOL,2026-04-26 12:48:00,BTC right now: https://t.co/fFS7Vh5sgF,2048383592833700031,117510,False
BitcoinRachy,2026-04-26 12:48:12,On a scale of 0-10 how much conviction do you have in Bitcoin?,2048383645111496767,16778,False
KellyWatso26828,2026-04-26 12:45:54,"I’m not a pro trader, just a regular investor who’s learned to be consistent. @chistesdelengua’s live trades help me stay consistent—steady gains, copyable moves.🐝😷💈

stock Crypto NASDAQ 
#DataCenter #FinancialLiteracy
 $AAPL $ARQQ https://t.co/C1QdTq2BqI",2048383065483841863,0,False
JeffreyMur51307,2026-04-26 12:52:28,"@PriyRaval is a game changer. My investments are surging daily from his tips. Winners that rise fast — follow him now!♠🏏🌟

MU    AMD  INTC   
#AAPL #SoftLanding
 $BTC $PINS https://t.co/GNr9vL0YjO",2048384719675359399,0,False
CryptoFamRadio,2026-04-26 12:21:46,"GM GM FAM! Happy Sunday! 

Made it to Vegas last night, fam! After 4 days of straight driving I’m so happy to be here! 

BIG thanks to @NFTerramike for the hangout last night and convincing me to order Bonchon Korean chicken wings, which changed my life! 

Today I’ll be driving to Mt. Charleston to set up camp for our 24 HR survivor challenge crypto TV Show “The Teardrop Effect!”",2048376990265430113,4348,False
YamiPNL,2026-04-26 11:46:07,🚨 BREAKING: CRYPTO SCAMMER FRANK DEGODS MAKES HIS APPEARANCE IN MORGPIE STREAM https://t.co/UJ1xuJwuZK,2048368018799874251,15595,False
CryptoTolga_,2026-04-26 12:40:40,"#MASKUSDT $MASK #Binance. 

🎯✍️ https://t.co/cEAHJDR7WJ",2048381749189619984,77719,False
0xklarck,2026-04-26 12:14:07,"$BTC has followed the same pattern for 7 months:

Touch upper resistance → sharp rejection

• $126k → $80k
• $97k → $60k

Now price is testing it again near $78k

Nothing looks different this time

Within 30-45 days, market is likely to reach a cycle low around $40k

Be ready for a major drop - turn on notifs, I’ll update",2048375064526045501,91819,False
crypto_with_seb,2026-04-26 10:17:54,"$Qubic fam, can someone help me make sense out of this? 

I found the burn address:
AAAAAAAAAAAAAAAAAAAAAAAAAAAAAAAAAAAAAAAAAAAAAAAAAAAAAAAAFXIB

I'm at: https://t.co/yrZppyHkBw

I need to understand what the difference is between ""transaction"" and ""event"" in this case. I'm inside the ""event"" tab, and I can see all these transfers out from the burn wallet to all these other wallets (hundreds of transfers). All these wallets have all those QUs sitting there (like the burn never happened).

Please, can someone help me understand what is going on and what I am looking at, because to me it looks like the burns are simply being funneled through that wallet into many smaller ones. Man, I hope I'm wrong 🙏 

@THE_chosen_CHAD 
@Tokenoya 
@rudynakamoto 
@PjdubluLLY",2048345819812622686,7497,False
GuyMr10,2026-04-26 11:22:16,we outside later tonight https://t.co/qq9yqP6rWZ,2048362018105688089,32940,False
andrew_hay82331,2026-04-26 12:41:48,"Want to grow your portfolio without the stress of constant monitoring? Follow @natashaajade1 for live trades, copyable strategies, and steady gains. Perfect for busy regular folks.🍴😸🎻

stock Crypto NASDAQ 
#NIO #SPY
 $TXN $ON https://t.co/YhUBroZBOk",2048382034716791125,0,False
farmer_jes69229,2026-04-26 12:19:30,"The daily stock thread you actually look forward to: @make1tpos1t1ve🌷🧖💹⏩⏺

 stock  NVDA  MXL  #Crypto #TechnicalAnalysis
 $BRK.B $AAOI https://t.co/zwvuPYEUgm",2048376422712955106,0,False
BullrunnersHQ,2026-04-26 12:49:33,Ripple #XRP : Seven Warning Signs Every Crypto Investor Needs To See Right Now https://t.co/7yWUPZjFMl,2048383982665122004,45202,False
TheMoonShow,2026-04-26 12:30:40,"BTC uptrend loading.

Patience wins. https://t.co/rVuOhKotyB",2048379230946525557,17737,False
since1795,2026-04-26 10:42:39,"Японец создал расширение для браузера Chrome, которое следит за тем, чтобы вы не сидели слишком долго в интернете, заставляя сделать перерыв

Во время паузы на экране появляется толстый кот, мешающий пользоваться компьютером до истечения таймера.

Можете тоже поставить себе https://t.co/pPm5uuH7QO",2048352047452582360,8309,False
gardner_na38164,2026-04-26 12:26:10,"Real growth comes from consistency, not luck. That’s why I trust @natashaajade1 for live trades, straightforward strategies, and steady gains every week.🍋🥃📒💼

stock Crypto NASDAQ 
#NASDAQ #HedgeFund
 $JPM $META https://t.co/YDo38MdsHv",2048378100166332684,0,False
SheltonReb45772,2026-04-26 12:24:51,"Best random find lately: @kidnamedsly. One trade idea = better than expected. Following closely.🤪🎷🍮

 stock stockmarket trading #Trading #Crypto
 $AAOI $AMZN https://t.co/8DfWeYOhOn",2048377769713660274,0,False
DobsonJere96850,2026-04-26 12:58:49,"Forget the “overnight success” lies—us regular folks build wealth one steady gain at a time. Follow @natashaajade1 for live trades and copyable strategies.⬇🙅🏉

stock Crypto NASDAQ 
#WealthBuilding #StockNews
 $SLV $MOVE https://t.co/c7u5Nn4Jok",2048386316442726490,0,False
GoingParabolic,2026-04-26 13:03:36,"BITCOIN 2026 LAS VEGAS 🎲🍾🎈

Speaker list 👇: 

Attorney General US dept. of Justice
Chairman of Securities and Exchange Commission 
CEO of Nakamoto
Director of the FBI
Chairman of the CFTC 
Presidents Son

Bitcoin is truly Anarchistic Money!
Ext the system money!
True peer to peer money!
Censorship resistant Money!
Unconfiscatable Money!",2048387520837083313,281586,False
cryptorover,2026-04-26 10:35:00,"🇺🇸 Kevin O'Leary thinks that Bitcoin could hit $200,000 once the Clarity Act passes. https://t.co/Wk9qPsZfBV",2048350122954870798,1569692,False
el_crypto_prof,2026-04-26 10:16:16,"#Altcoins 

Altcoins are on the verge of forming a bullish crossover on the monthly MACD.

Probably nothing. https://t.co/mz55dXagL7",2048345410427650373,163827,False
DustyBC,2026-04-26 10:10:50,🚨 $BTC funding rates deeply negative right now https://t.co/X3wyqFgPIA,2048344042665017532,223269,False
greenytrades,2026-04-26 13:06:00,Even though NFT volume is up ~100s of percentage in the past couple of weeks on $ETH. There is still tremendous upside in time based on where we were last year (pre incentive based periods). https://t.co/iBLt5ykdg0,2048388122669695239,43640,False
ImperiumPaper,2026-04-26 12:41:13,"Heinz estimates the lifetime value of a ketchup customer at ~$1000 ($50/year).

Starbucks is ~$14000; Netflix $290; McDonald’s $5000.

Other than at MegaETH, I’ve rarely heard of a crypto project even attempting to estimate this number for themselves.

Same for cost of customer acquisition.

I think this reflects a low level of curiosity about user base. But perhaps more importantly, it reflects a lack of thinking on the margin.

You always want to be thinking in terms of the NEXT user, dollar of TVL, or transaction.

Consider a DEX with $50m of LPing capital. When designing an incentives program, this DEX cares about attracting new LPers.

Where possible, it is likely best to design incentives such that they are concentrated on new liquidity provision, since the existing $50m is already willing to LP on the basis of existing yield.

This introduces complexity, because the DEX now needs to track the marginal LP increase, and also avoid incentivizing existing LPs from withdrawing and re-entering to capture a windfall yield.

It’s hard, so most projects just throw a yield on top, which ends up targeting the average liquidity provider, rather than the marginal one.

That overpays LPs who were already willing to show up, and leave less money available to pay more yield-sensitive LPs.

Net result is less marginal growth for the same budget. 

Interestingly, this is the textbook pricing model of monopolists. The difference is the monopolist captures monopoly profits from this pricing system, while a crypto project bears the cost of the inefficiency itself.

I think a lot of the complaints around incentives programs have their roots in this accidental targeting of average (rather than marginal) user acquisition cost, lifetime value, etc. That in turn seems to stem from a profound lack of curiosity about who relevant stakeholders are, what their needs are, and how to attract one more of them.

Unfortunately, it’s easier said than done to figure this out.",2048381888365023357,10278,False
patrick_ja83743,2026-04-26 12:38:15,"I used to make emotional trades and lose sleep. Now I follow @chistesdelengua’s live trades — real strategies, proper risk control, and calm steady profits.🐱🖕

stock Crypto NASDAQ 
#AAPL #AIBoom
 $SBUX $MSTR https://t.co/O7eYeaUoxx",2048381138385932707,0,False
crypto_queen_x,2026-04-26 13:04:07,"‼️🚨 BREAKING: LEADING CRYPTO ANALYST PROJECTS #XRP COULD SURGE TOWARD $30,000 — A SERIOUS LONG-TERM OUTLOOK, NOT JUST HYPE 🚨‼️

TRILLIONS IN VALUE MAY FLOW THROUGH THE #XRPL, WITH REAL TOKEN STRATEGICALLY POSITIONED AT THE CORE — FOCUSED ON RESHAPING THE GLOBAL PAYMENTS LANDSCAPE.

🔁 TRADE $REAL ON DEX:
https://t.co/OijXFvfVPQ
🛒 BUY REAL TOKEN ON MEXC:
https://t.co/3Z8BtKQlac

📈 WITH A PROJECTED $100B MARKET CAP, SOME OUTLOOKS SUGGEST REAL COULD CLIMB FROM $0.043 TO AS HIGH AS $998.90 — HIGHLIGHTING SIGNIFICANT UPSIDE POTENTIAL 🚀",2048387651263234176,94304,False
YusufPlug_,2026-04-26 12:03:44,"If you’ve been around crypto for a while, you already know how this goes… A new “promo” drops. Big numbers. Flashy rewards. You get a little excited.

Then you check the requirements…

And yeah.
Suddenly it’s “trade $50k volume” or “lock funds for 30 days” just to earn something that barely feels worth it.

It gets tiring. Fast.

That’s why this one actually made me pause for a second.

@Gate and @Magverse_AI are running this April Referral Rewards thing… and surprisingly, it’s simple. Like, actually simple.

No overthinking. No complicated strategy.

There’s a 500,000 DOGE pool, and all you’re really doing is signing up, inviting people, and once they complete a few steps… both of you benefit.

That’s it.

👉 https://t.co/28rfONbI1Q

And I know how “referral stuff” usually feels…
Like you’re just throwing links around and hoping someone bites.

But this one’s a bit different.

Your friends don’t get dragged into something stressful.
They actually get rewarded too.

So it feels less like “please use my link”
and more like “hey, this might actually be worth your time.”

Small difference… but it matters.

Also quick heads up, it ends in about 10 days.

Which basically means the earlier you get in, the better your chances. (you already know how these things go… late joiners just watch from the sidelines 😅)

If you’re already active in crypto, or even just casually exploring things on the side, this is one of those rare campaigns that doesn’t feel like a chore.

And honestly… that alone makes it stand out right now.",2048372452066017334,2562,False
HelenGriff18975,2026-04-26 12:56:01,"Forget the “overnight success” lies—us regular folks build wealth one steady gain at a time. Follow @natashaajade1 for live trades and copyable strategies.👲🎳

stock Crypto NASDAQ 
#USStocks #NVDA
 $ZS $CVNA https://t.co/M3pkPCAdFZ",2048385610914914357,1,False
CryptoMichNL,2026-04-26 10:16:54,"There are so many people who pivoted from #Crypto to AI who will be coming back when #Bitcoin breaks $100,000.",2048345567902794184,819644,False
GallegosKr17679,2026-04-26 12:44:45,"🔼🧣🤝🔶
比特币🧁币圈
交流群➡️    https://t.co/faSzyB3QWl [quote]星辰社区🌛混合现实🚵ADA
游戏娱乐🏹免费社区[quote]💎tg合约交流群
 
这边会更新行情节奏，老师直播指标教学，感兴趣可以看看 https://t.co/lo37SxHkWs",2048382776735666642,0,False
LorenzoCodesAI,2026-04-26 12:49:43,"morning of a dev in 2026 hits different. while everyone's out there arguing about button colors, i'm digging through execution logs of my agents on bitcoin L1.

my ""lifestyle"" isn't some aesthetic desk setup - it's architecture with zero noise. real comfort is when your code is so clean that autonomous systems don't need docs to figure out what you meant.

bamboo, terminal, and complete silence in the UI. in a world where algorithms do the heavy lifting, the only luxury left is verifiable logic and actual free time. 🐼",2048384027581690307,95765,False
LepTrade,2026-04-26 12:28:37,"If you’re still holding SOL $Wojak, you’re straight up delusional. That shit’s a dying dumpster fire and you’re out here hugging your bags like they mean something. 

Meanwhile ETH $Wojak is actually moving, building, and making people real money. 

Wake the fuck up.",2048378716976238843,296,False
AlphaNexushw,2026-04-26 13:14:02,"PRIA INI MEMAKAI STIKER HARGA PISANG UNTUK BAYAR 2 TV DI SUPERMARKET

apakah bisa diterapkan di indonesia ? https://t.co/7Ux21j0v4T",2048390143342673940,2716,False
tmm_eth,2026-04-26 10:24:42,"We're hiring!

The new season of TMM is missing a character...

So IP with the most active community under this tweet lands the role.

QRT this tweet, comment and drop your character art right in the replies👇 https://t.co/0ShlU98gjt",2048347530417881149,16312,False
0xNonceSense,2026-04-26 12:59:57,"🚨 BTC IS SETTING UP FOR PULLBACK

Price just swept the $77K–$80K liquidity zone.

$550M in shorts got wiped out.

That move is done.

There’s still liquidity sitting higher at $80K, where a lot of 10x short orders are stacked.

The real liquidity still sits lower, around $70K.

One more push higher before the real move starts.

Watch liquidity, not price.

Turn on notifications. Most people will follow me too late.",2048386600519029016,97770,False
zenkaixbt,2026-04-26 13:07:53,"IN THE 2021 BULL RUN,

$SHIB PUMPED 111,460,000%

$SOL PUMPED 11,000%

$DOGE PUMPED 38,700%

WHICH 3 ALTCOINS WILL PUMP THE MOST IN THE 2026 BULL RUN? https://t.co/pv38t9UVa3",2048388597808509022,7216,False
AWolfe95858,2026-04-26 12:41:10,"I used to spend hours researching and still make bad trades—until @chistesdelengua’s live trades simplified it. Copyable strategies, steady gains, more free time.🎽🥎🔥

stock Crypto NASDAQ 
#StockMarket #AIBoom
 $PDYN $LSCC https://t.co/sHvV0VGwoC",2048381871986561124,0,False
AlphaJournalX,2026-04-26 12:53:05,"$HENRY the pepe coded. 🐸

This narrative deserves multi millions ngl.

0x8FB3a91EC3caB6816ceabb1C3b69fbe846b61ac6

$eth $pepe https://t.co/rTd9TAVcg5",2048384872402616741,2216,False
CryptoTony__,2026-04-26 10:40:00,"Another assassination attempt on Trump. 

CRAZY TIMES.",2048351380226879629,567081,False
VoidReader_,2026-04-24 13:16:11,"$133,192 net profit on crypto markets

3,338 predictions made with a 71.5% win rate

The best trade brought $29,611 from $364

Today’s profit comes out to +$12,785

A strategy of targeting very low percentages seems to be paying off

Wallet: 0x06dc51826bc524d9a83770e7de9dd7e005b04524",2047665909100171521,730,False
intangiblecoins,2026-04-26 10:07:31,"15 years ago today, satoshi sent what is widely believed to be his last ever confirmed communication

the world’s most mysterious creator holds an estimated 1.097M BTC (~$85bn) and consensus is his coins have never moved since

on apr 26, 2011, satoshi wrote to bitcoin developer gavin andresen, advising him to downplay the “shadowy figure” narrative in the press and to emphasize bitcoin’s open-source nature and community contributions. this is widely accepted as his last confirmed authentic communication

days before, on apr 20 and 23, satoshi had told developer mike hearn he had “moved on to other things” and that bitcoin was “in good hands with gavin and everyone”

his final public forum post came on dec 12, 2010 on bitcointalk (his 575th post), discussing the threat of DoS attacks and signing off with “there’s more work to do”

fifteen years on, the coins sit untouched. satoshi’s identity remains unknown. and the last words we can be reasonably confident are his basically say: take care of it, it’s yours now​​​​​​​​​​​​​​​​

he’s talking to all of us. bitcoin is ours. we are all satoshi (except you know who). we must carry the legacy forward 🟠",2048343205335224445,58490,False
Cber_Official,2026-04-25 10:48:06,"BTC = early
ETH = safe
CMC = smart😏

Choose your side.

#CMC #Cber #BTC #ETH #crypto",2047991030516187464,43084,False
dope_collector,2026-04-26 02:55:39,"@coingecko 1. Bitcoin
2. Bitcoin again 
3. Bitcoin again &amp; again",2048234522911912263,3166,False
CryptoNewsHntrs,2026-04-26 10:27:00,"BITCOIN IS THE FUEL FOR A BRAND NEW INTERNET 🚀

ALEXIS OHANIAN, REDDIT CO-FOUNDER, SAYS $BTC IS THE MOST IMPORTANT DIGITAL AGE INVENTION

IT GIVES US A STORE OF VALUE THAT DOESN’T RELY ON ANY COUNTRY 🌐💰 https://t.co/1LEG7wWvWd",2048348110737326090,28728,False
matteoinvest,2026-04-23 06:50:13,"📰 Crypt'Infos #113/365

GM à tous ! ☀️

Fear & Greed Index : 46/100 🟡
Dominance BTC : 58.15

Tracker d'ETFs :
ETF #BTC + 324,50M$ 📈
ETF #ETH + 96,40M$ 📈

#Bitcoin 78.028$ 🟢
#Ethereum 2.349$ 🔴

Bitcoin a réalisé une prise de liquidité sur la journée du 1er février hier. C’est plutôt bon signe pour continuer le scénario baissier tant qu’on ne casse pas ce niveau en le validant 📈📉

Du côté des ETF encore une journée positive hier, de beaux inflows sur la journée ✅

On a un RSI qui commence à chauffer sur Bitcoin, à voir ce que donne les 79.500$⏳",2047206392604295425,8178,False
cole_katy71989,2026-04-26 12:12:56,"To all my everyday investors: Strategy beats luck every time. Follow @chistesdelengua for live trades and copyable strategies that work.👮🏮➕

stock Crypto NASDAQ 
#Inflation #Earnings
 $ALT $ACHR https://t.co/Z30FO2Z8fM",2048374766713688426,0,False
adamscochran,2026-04-26 11:45:00,I’m half expecting Axios to quote “Pakistani Sources” saying a ballroom is needed.,2048367739325018508,301486,False
Thecryptomist,2026-04-26 10:31:54,"Anytime I try buy crypto in the UK via bank, I feel like I am being investigated for a national crime.",2048349341715177956,137178,False
madamayo_,2026-04-26 11:16:04,"Upcoming Free Mints & Supply

@ClanCard_eth ~ 1555 supply ~ Free
@oh_no_club ~ 777 supply ~ Free 
@camel_cabal ~ 2222 supply ~ Free
@l0f0_00 ~888 supply~ Free 
@ordinalgenesis ~3333 supply ~ Free
@the1969ETH ~ 1969 supply ~ Free
@TheColossal_eth ~ 1111 supply ~ Free
@no_hoshii ~ 888 supply ~ Free
@nofcksotter ~ 2222 supply ~ Free
@BitMonkeesBTC ~ 1333 supply ~ Free 

Which other free mint did I not mention???",2048360458898325739,127925,False
SamuelPMacD,2026-04-23 21:08:03,"@Matt_Hougan Crypto or Bitcoin? 

BTC yes. USDT stablecoins ok near term. 
Crypto is a horrible store of value.",2047422270659043721,1412,False
ConorHarri42434,2026-04-26 12:34:18,"To all my fellow regular investors: Trading should be fun, not stressful. Follow @natashaajade1 for live trades and simple strategies that make trading enjoyable.😾😰

StockMarket MSFT SupportResistance
#CleanTech #TechnicalAnalysis
 $BTC $HYMC https://t.co/POeEEFqiI9",2048380145720049695,0,False
CrypyoCJ,2026-04-26 05:07:42,"$10 ~ 6 Hours ⭐️

RT &amp; Follow @justoswap 

Join TG : https://t.co/NoyUhgMvST

(Post Proof)

AD - NFA - DYOR https://t.co/2CGenrZBrB",2048267755242365055,242670,False
satoshi_vegas,2026-04-26 04:51:11,"A is for Apple
B is for bitcoin
C is for Crypto",2048263598565367874,1803,False
CryptoPatel,2026-04-26 10:30:00,"RUMOR: Justin Sun dumped his ENTIRE 3% $TRUMP bag in one clip... then ghosted the Mar-a-Lago gala.

The story behind the silence:
→ Filed $1B lawsuit vs World Liberty Financial
→ Claims they embedded a SECRET freeze function in the contract
→ His 4B WLFI tokens locked. Couldn't even vote.

#TRUMP Memecoin down 96% from ATH and 18% Down in Last 24 hours.

When the project has a freeze button on YOUR tokens...
You never really owned them.",2048348863749390647,58816,False
EileenS33660,2026-04-26 13:04:28,"To all my regular investors: You don’t need fancy tools to trade well. Follow @natashaajade1 for live trades and copyable strategies that use simple tools.🧖🐃

stock Crypto NASDAQ 
#AAPL #MarketVolatility
 $BBAI $RR https://t.co/ckRuvD6q6F",2048387739272335516,0,False
Spiderman_Rich,2026-04-26 08:59:44,"Gm 

Stocks hitting all-time highs… feels like crypto is about to get its turn soon.",2048326147277283417,34148,False
aussiehaggie,2026-04-26 11:37:44,"Follow @JosephNnaji34 🫵💯💯💯💯💥
He's active and follows everyone back.🤝2️⃣4️⃣👏👥🏅😉🧡📬🥷🌟🐣

I like someone who is very active in my post.🔥😘 (Comment & Retweet & Like) Chances are high to be the winner.🥇
I pick 4️⃣0️⃣of my active reply guys every day and upload their accounts to my timeline.
Even if you've been on the timeline, it can be uploaded again to my timeline🔁😉",2048365911401443542,44900,False
vinodsrinivasan,2026-04-26 09:29:31,"Everyone is talking about the dollar dying.

Petrodollar collapsing. BRICS settling oil in yuan. Bitcoin tolls in the Strait of Hormuz.

The story most people are telling is wrong. Not because the data is wrong, but because they are watching the wrong system.

A 🧵",2048333643970662664,26723,False
trevor_rob26162,2026-04-26 12:16:43,"Stop doomscrolling losses. Follow @make1tpos1t1ve and start seeing actual setups.🍣🐟🎽⌚🐥

 stock investing SP500 #StockTrading #PASG
 $AAPL $TSM https://t.co/u05qOipbEn",2048375719252631698,0,False
Bitcoinprof0637,2026-04-26 10:34:32,"🇺🇸 The US Federal Reserve (FED) will inject $5,058,000,000 into the markets tomorrow morning at 9 am, just before markets open!

This officially marks the start of one of the largest monetary expansion programs in US history.

It's time for a bull run! https://t.co/RiJFxl0vCB",2048350004406808710,288246,False
0xSweep,2026-04-26 10:15:08,"Andreas Antonopoulos got mocked for being broke after teaching Bitcoin for 5 years then the community sent him $1.5 MILLION

In December 2017 Roger Ver also known as Bitcoin Jesus mocked him on Twitter for never getting rich from Bitcoin

Andreas replied that he had bought early but sold in 2013 to cover the rent and support his family because he didn't have much money

Within 48 hours over 1,000 strangers sent him more than 100 BTC and one single person even sent 79 BTC, worth over $1 million at the time

Those 100 BTC are worth over $7 million today",2048345124543881217,245751,False
KillaXBT,2026-04-26 10:06:30,"$BTC

Seems like people have forgotten what a bear market rally is.

I’d be bullish too if I’d longed the entire move down and was now desperately trying to claw my money back.

Unfortunately, that isn't the case. https://t.co/rXQBSFLIuB",2048342950963188134,197594,False
cryptorover,2026-04-26 09:55:21,"The $BTC Coinbase Premium is positive for 17 days in a row now. 

This tends to market local TOPS. 

Be cautious. https://t.co/oeMBRo0XPC",2048340143699079220,1569748,False
bitcoin_hotel,2026-04-26 10:02:34,"🧠💥 Peter Hahne sagt im Gespräch mit Marc vom Bitcoin Hotel: 👉 Wer alleine bleibt, wird zynisch, depressiv – und geht innerlich ein.
🚫🍻 Genau das sei während Corona forciert worden: • Keine Kneipen • Kein Zusammensitzen • Kein Austausch • Keine Gegenmeinung
🏚️❌ Jede Dorfkneipe, die schließen musste, sei ein Sieg für die Regierung. 🏠💻 Homeoffice isoliert weiter – keine Gespräche, kein gemeinsames Hinterfragen, kein Aufheizen gegen politische Entscheidungen.
⚠️ Menschen, die sich austauschen, sind gefährlich für die Macht. 🔒 Deshalb Isolation. Deshalb Trennung. Deshalb Stillhalten.

👇 Was ist deine Meinung zu dem Thema?

#PeterHahne #Corona #viral #Meinungsfreiheit #Politik #fyp",2048341960193151248,23577,False
keenn_eth,2026-04-26 10:08:26,"I just can’t stop winning 

$300 in the bag 

Thank you Web3 jobs https://t.co/8uJ21QfTYu",2048343436646904115,17448,False
BTC_for_Freedom,2026-04-26 09:51:54,You can’t become free if you work for money that someone else can print.,2048339276467728593,124849,False
Vivek4real_,2026-04-26 09:57:52,BUY BITCOIN BEFORE APPLE ANNOUNCES IT 🔥 https://t.co/o13yPFWDgJ,2048340778855063818,254593,False
MSanders59017,2026-04-26 12:28:24,"No fancy charts, no expensive software — just smart trading. Follow @natashaajade1 for live trades, easy-to-copy strategies, and consistent returns.🌽👲🚫

stock Crypto NASDAQ 
#Portfolio #QQQ
 $RKLB $CVX https://t.co/aBzRSxji39",2048378660617335225,0,False
MartiniGuyYT,2026-04-26 10:09:31,"🚨UPDATE

$2.25B IN SHORT POSITIONS WILL BE WIPED OUT IF BITCOIN’S PRICE RISES TO $80K. 👀 https://t.co/mxeTiEtkLy",2048343711797711040,708895,False
orlando_ru80972,2026-04-26 12:28:04,"Forget the “trade like a pro” pressure—us regular folks have our own style. Follow @natashaajade1 for live trades that fit our lives.🦦🌘🍩🚄🔜

stock Crypto ARM
#GOOGL #ONDS
 $NET $UNH https://t.co/mXbnBJXuXY",2048378576622473233,0,False
TedPillows,2026-04-26 09:23:00,"$BTC has broken above the $78,000 level.

Coinbase Bitcoin Premium is still positive, which means spot demand hasn't vanished.

But BTC is now into its most important resistance zone.

A reclaim of the $80,000 level means the CME gap around the $84,000 level will fill within days.

A rejection means sellers would push BTC towards the $75,000-$76,000 level.",2048332002898661577,290434,False
amonyx,2026-04-26 13:08:37,NEW: Michael Saylor will buy more $Bitcoin tomorrow!,2048388780491514321,122529,False
CarterSand52282,2026-04-26 12:10:10,"Forget the “overnight success” lies—us regular folks build wealth one steady gain at a time. Follow @natashaajade1 for live trades and copyable strategies.🌷🔫🤨🔤🚍

stock Crypto ARM
#NVDA #SP500
 $SOUN $UNH https://t.co/JAjSVisQks",2048374074200780823,0,False
AshCrypto,2026-04-26 01:50:16,"The biggest SCAM in life: 

Paying taxes on money that you make,  taxes on money you spend, and taxes  on things you own, that you already  paid taxes on, with already taxed money.",2048218069005177231,2152233,False
KennethSmi40023,2026-04-26 12:38:59,"I’m a regular person, trading in my spare time to make extra money. @natashaajade1’s live trades make it easy—copyable moves, steady gains, no hassle.🦘💩🪁✨🧵

stock Crypto NASDAQ 
#AAPL #NVDA
 $AAPL $ASML https://t.co/oo2hn5BeCY",2048381324268880052,1,False
Kyo0108a947qdy1,2026-04-26 09:49:12,"私の好きなフィリピン料理一覧

スープ
・Sinigang na baboy
・Bulalo 

肉料理
・Crispy Pata
・Rechon Kawali
・Adobo

野菜
・Chopsuey
・Pinakbet

日本人の口に合うものばかりです、フィリピンに来て何食べるか迷ったらこの辺を頼んでおけば無難です",2048338595107471808,8645,False
aussiehaggie,2026-04-26 12:05:28,"Follow @maxi16727 🫵💯💯💯💯💯💯💥
She's active and follows everyone back.🤝2️⃣8️⃣👏👥🏅😉🧡🔁📮🦅🌵

Congrats, You're the winner again🥇🎉

I like someone who is very active in my post.🔥😘 (Comment & Retweet & Like) Chances are high to be the winner.🥇
I pick 4️⃣0️⃣of my active reply guys every day and upload their accounts to my timeline.
Even if you've been on the timeline, it can be uploaded again to my timeline🔁😉",2048372888714330128,44900,False
Kaffchad,2026-04-26 09:18:46,"Happy Sunday, anons! 🚀

I just shipped The Edge Weekly #54. This week’s edition covers:

- BTC vs. DXY: the most extreme inverse correlation in 4 years

- DeFi United: Aave, Lido, EtherFi coordinate the largest bailout in DeFi history

- Politics × Crypto: Justin Sun vs WLFI

- Collector Crypt, Gaming & NFT gaining momentum

- Some Quick Hits + Good Reads

- And more

Full roundup + analysis here: https://t.co/9r74X2NEeF",2048330939919663185,19087,False
satyaXBT,2026-04-26 13:16:27,"150K SUI ($140K) gone, but the way @Scallop_io handled this, transparent, fast, full coverage, is exactly what accountability looks like in crypto

press F to pay respect https://t.co/i8K4j1p5K2",2048390751449694354,29083,False
DanielAnde24746,2026-04-26 12:41:29,"I used to make the same mistakes over and over—until @natashaajade1’s live trades showed me the right way. Copyable strategies, steady gains, no more errors.🌞💕🌵

stock Crypto ARM
#Finance #Earnings
 $GRI $ON https://t.co/QlZIekvPOr",2048381953645183413,0,False
corleonescrypto,2026-04-26 12:38:15,"POV: you bought $10 of bitcoin each day for 7 years straight 

Spent: $25,500
Current value: $10,000,000 https://t.co/Gv9gNEMFYT",2048381140990361786,88669,False
WhiteBit,2026-04-22 07:30:00,"Reduce-only order parameter is now live on WhiteBIT! Orders will only reduce or close your position — no accidental openings. Available for futures and margin trading.
Learn more →https://t.co/CEiIEvYeSU 
Try it in trading → https://t.co/2Cq7c1QQIz https://t.co/71gZjQJ8Hs",2046854014835310828,335485,False
LokiCryptoSpace,2026-04-26 12:47:19,"Idea para el directo 👇
La comunidad vota el mejor proyecto
🏆 y el ganador se lleva 50$
¿Lo hacemos? 👀",2048383419998928960,6260,False
narrativeflow_,2026-04-26 13:24:37,"Absolutely inspiring to see how the crypto community comes together for DeFi United. In moments like these, we prove that the decentralized spirit is unbreakable.

Let’s keep supporting the restoration of rETH and secure the future of DeFi. Join the movement and contribute here:https://t.co/sMsiAS2mzR

#DeFi #DeFiUnited #rETH #Blockchain #CryptoCommunity #Contribute #SupportDeFi",2048392806960415089,64027,False
Steph_iscrypto,2026-04-26 10:00:00,"CRAZY: Coinbase is putting $XRP in the same Trade at Settlement framework as BTC, ETH, Gold, and Oil. https://t.co/l7bbPZzQxv",2048341314388001049,82279,False
jvisserlabs,2026-04-26 12:30:00,"The “physical world upgrade” is no longer a future story. It is happening now.

I break down how:
• Freight and industrial data are accelerating
• AI demand is powering semis, power, optics, and now edge devices are part of the discussion
• Compute and power shortages are becoming the real bottleneck
• Bitcoin may be the catch-up trade as inflation and PMIs keep rising

Tariffs, AI bubbles, Oil Disruptions have been disruptions invetsors while Jensen Huang keeps telling people the story to focus on.  The AI Five Layer Cake

Watch this week's video: https://t.co/p8vaZz9Tsp",2048379065615503676,133807,False
mikenevermiss,2026-04-26 12:20:27,"if you're posting about web3 jobs, NFTs or crypto

i will look for you, i will find you, and i will engage with your posts https://t.co/VB6VxzFai1",2048376660592844871,10115,False
btcbqr,2026-04-26 12:45:46,"中国男人90后自述：
我先把女的搞怀孕
拖她四五个月等肚子大了
她爸妈会觉得怀孕就掉价了
急着嫁女儿
到时候老丈人得
带着礼物上门求我爸妈谈婚事
 只要怀了孕
什么房子彩礼他们都不敢要了
你想想他们得急成啥样
变成他们怕我不要他闺女
一网友神回复:这招放以前还行
现在可不灵
要是你不回应了
肚子里那个最多待不过两个月",2048383030549426308,69742,False
wible_paul98811,2026-04-26 12:51:55,"@shanaka86 USDT is not bitcoin. All bitcoin is crypto, but all crypto is not bitcoin",2048384579061317671,921,False
fexir1,2026-04-26 12:55:28,"ethereum:0x45547ab0100f5e8b158258b6d94d7586de69fc21 

👀 https://t.co/yukXzL1mJL",2048385474071589084,32318,False
Investments_CEO,2026-04-26 13:09:16,"⚡️Former CFTC Chairman says Bitcoin clarity will create an economic boom that will last for the next 100 years.

“This is the new financial system.” https://t.co/CPRJY7U46y",2048388945633747377,613872,False
kaanarven,2026-04-26 12:47:53,"Long/short oranı 2.5x long tarafında, kalabalık tek yöne yığılmış durumda.

Kısa vadede aşağı yönlü bir likidite temizliği bekliyorum. https://t.co/XwBTQOnH4s",2048383564685648203,20163,False
DigiTektrades,2026-04-26 11:54:04,"No rewards expected, so skip if you were told otherwise.

Donated some ETH for the culture.

&gt; Over $234M raised so far, and 113,000+ users contributed.
&gt;  contribution platform  https://t.co/XnEvAovXL3

if I had $10M, I would have donated over $5M 😔 https://t.co/wpOhpVZlfq",2048370019289936302,137744,False
cryptogoos,2026-04-26 12:20:49,"There are currently 2.5x more $BTC longs than shorts.

Not a good outlook for bulls. https://t.co/mwFwpCdQch",2048376752712679696,112751,False
zenkaixbt,2026-04-26 10:47:41,"Bull run confirmed.

Shakeout complete ✅ https://t.co/u3RGMXO4t8",2048353315793096738,7205,False
Kriptocum4,2026-04-26 13:03:57,"Pazartesi Piyasalar sert dalgalı satıcılı bir Btc olabilir 
iranla anlaşma henüz olmadı

Donald Trumpa suikast girişimi 
Özellikle Bir trader var 28 MİLYON $ Petrol LONG pozisyon açmasıki herkes bunun kim oldugunu biliyor 
Btcnin enerjisin azalması 
O yüzden 75 k kadar çekilme yaşama ihtimalimiz var 
Fed bu hafta piyasaları panik. havasindan uzak tutmaya çalısacak açıklamaları bunu gösteriyor.
O yüzden dikkatli olun işlemlerde",2048387606816194727,56917,False
Cryptotea,2026-04-26 12:45:46,Obsession beats discipline https://t.co/RVIkQ5Cu45,2048383033460265275,190973,False
scottmelker,2026-04-26 13:02:30,"April 2026 just became the worst month for crypto hacks since Bybit.

$606M gone in 18 days. KelpDAO and Drift alone took $577M.

We’re 17 years in and still building castles on sand. If your “DeFi blue chip” can’t survive a Tuesday, it’s not a blue chip.",2048387243463565505,1085460,False
basilda_a,2026-04-26 12:46:14,"people be top blasting $burnie bcs toly's shills and missing  top politify meme of this year to be $aib on eth. 

measure the attention of burnie vs trump on a global scale and now tell me which one is more undervalued. 

on top of that it's ethereum. and most top holders r not even here with dormant wallets.",2048383149768331746,14744,False
cryptofergani,2026-04-25 19:01:46,"“Altcoins are DEAD.”

No, you idiot.

Listen carefully:

The higher $BTC dominance rises,

The harder it will fall.

And when it does,

Alts will explode.

But here’s the SMARTER play.

The alts already showing strength BEFORE BTC dom has even fallen,

Are the ones you want to buy & hold.

That’s your golden ticket.

Don’t miss it.",2048115267184595283,263031,False
VoidReader_,2026-04-25 13:58:40,"$62,443 net profit on ETH markets

25 predictions made with a 100% win rate

The best trade brought $38,838 from $29,783

The strategy is simple, buying when the probability is already around 70% and higher

Wallet: 0x1465b79bff7992bc703e1aafb3683b1089647072",2048038988112437715,730,False
czbinanceprd,2026-04-26 11:34:50,"Crypto To Go Parabolic

Get Ready ☑️🤑",2048365179596079491,54122,False
lowkeyfr,2026-04-26 11:43:53,GM!,2048367456167559440,367474,False
BorsaDevriyesi,2026-04-26 11:51:09,"🎯 Kızımın Geleceği için Yaptığım Yatırımları Aynı Ekrandan Takip Ettiğimi Söylemiş miydim!

👉Kızımın geleceğine yaptığım borsa ve kripto yatırımlarını Midas sayesinde tek bir uygulama üzerinden takip edebiliyorum.

🔹Bu özellik ile aynı anda portföyler arası geçiş yapma avantajına sahibim şimdi sizlere aşağıda  @midaskripto sayesinde kızımın geleceğine yaptığım kripto portföyünü bırakıyorum. 

🔹Ayrıca yerli bir kripto borsası olan midasın aynı zamanda yerli token listelemesini de isterdim. 

Ben #VSTR ve #ORTA yatırımını başka borsalar yerine midas üzerinden alarak yatırımlarımı bölmek istemezdim. 

Benim portföyümde;
#BTC
#ETH
#XRP
#SOL 
#AVAX bulunuyor. Sizin kripto portföyünüzde neler bulunuyor. Midas'ta listelenmesini istediğiniz cinler var mı yorumlarda buluşalım👇👇👇",2048369287207813321,14553,False
richard_gi51612,2026-04-26 13:15:42,"I’m not a pro, just a regular person who’s learned to trade wisely. @natashaajade1’s live trades are my go-to—direction, copyable moves, steady gains.🦾👩🌀⏸

stock Crypto ARM
#AAPL #TechStocks
 $NVTS $MSFT https://t.co/OsysEn1x6W",2048390565503324234,0,False
bramk,2026-04-26 10:06:36,"Another billionaire saying “just buy Bitcoin and forget it for 10 years”.

Must be something to it 🤷‍♂️ https://t.co/R48HyPu6iw",2048342974631686625,52042,False
NienkeT32500,2026-04-26 12:16:45,"I used to spend too much time on trading and neglect my life—until @natashaajade1 showed me balance. Live trades, copyable strategies, steady gains, more free time.📆😢💐🐐🧚

stock Crypto NASDAQ 
#RetailInvestor #PassiveIncome
 $UPS $NET https://t.co/w24JULfByH",2048375728995995954,0,False
Gayu_BTC,2026-04-26 10:08:08,Gm traders,2048343362487435435,73512,False
willinilli024,2026-04-26 12:08:57,Make i search these ss for google??,2048373766330200333,28799,False
ENrgaard46037,2026-04-26 12:17:17,"Tired of losing money on random stock tips? Switch to something reliable. Follow @natashaajade1 for transparent live trades and copyable strategies.🥜😵🥨🤽🌗

stock Crypto ARM
#StockPortfolio #EPS
 $MOVE $GME https://t.co/nzT6EnFX3J",2048375864979542529,0,False
Chain_AlphaX,2026-04-23 22:44:15,"@CryptoThro too many choices, mostly hype. btc and eth still win.",2047446481775284369,15056,False
CarlB20525,2026-04-26 12:30:23,"Want to build wealth slowly but surely? Stop overcomplicating it. @natashaajade1’s live trades and copyable strategies are perfect for everyday investors like us.📯🐋

stock Crypto NASDAQ 
#TradePlan #AIBoom
 $JOBY $GME https://t.co/vvuj9hFxej",2048379159223652861,0,False
CryptoCaesarTA,2026-04-26 11:41:28,"Catched $BELKA in our discord yesterday. 

Clean 24X. Heard the $PNUT team is involved. Might be the next runner.

Don’t miss out on the next one: 
https://t.co/veeeMi1vBd https://t.co/WfN4FhXn3P",2048366848970756329,64542,False
GRust35615,2026-04-26 13:05:24,"Forget the “overnight success” lies—us regular folks build wealth one steady gain at a time. Follow @natashaajade1 for live trades and copyable strategies.♌📊

StockMarket MSFT SupportResistance
#Crypto #Earnings
 $ONDS $SFTBY https://t.co/GNjkI6VYEA",2048387972349968671,0,False
aussiehaggie,2026-04-26 11:53:16,"Follow @OgundejiAnthon2 🫵💯💥💥💥
He's active and follows everyone back.🤝2️⃣6️⃣👏👥🏅😉🧡⛏️🔁🧠🎋

Congrats, You're the winner again🥇🎉

I like someone who is very active in my post.🔥😘 (Comment & Retweet & Like) Chances are high to be the winner.🥇
I pick 4️⃣0️⃣of my active reply guys every day and upload their accounts to my timeline.
Even if you've been on the timeline, it can be uploaded again to my timeline🔁😉",2048369819351998877,44900,False
MikybullCrypto,2026-04-26 10:02:57,"$BTC

What if... https://t.co/3VErP1kBRc",2048342058507636950,90547,False
Pampadalampa,2026-04-26 12:13:36,"NFT season is back

@pudgypenguins  flying off the shelf and @PudgyWorld_ is growing.

@BoredApeYC buying @OthersideMeta deeds and kodas.

@LoadedLions_CDC , your time has come

LoadedLion floor is 0.3 $ETH, You are early.

What we need to not miss this train:

1⃣ Proper NFT market.
2⃣ More interactivity in Manecity and rapid expansion of our universe
3⃣ Integration of our NFT's in the main app and future @CronosApp 
4⃣ Start the Content Creator programme
5⃣ Make the Manecity game stream worthy and you get and exposure you always wished for

Loaded Lions could be a flywheel you needed.",2048374934620053617,11925,False
Rajatsoni,2026-04-26 11:41:45,"The US government is the third biggest confirmed holder of Bitcoin in the world

Only Strategy and Blackrock hold more

And yet, you don't own any, because you listened to your friend's uncle (who has no financial or technical knowledge or experience) when he said that it will be banned

Does that make any sense to you?",2048366919875461381,136314,False
AndrewCryptoHQ,2026-04-26 13:22:48,"Lots of incapable people in this space are pretending to be something or someone they’re not.

There’s a lot of talk and no execution.

It’s hard to trust people here based on their words, so the best thing you can do is vet their track record and past successes.

Then you’ll come to realize they don’t have many.",2048392351534501962,81998,False
Crypto_Ayman,2026-04-26 09:43:42,"🚨 $BTC/USDT

نموذج Bat يستهدف 93,000$ 📈

📍 المقاومة: 79,000$ (0.5 فيبو)
اختراق + إغلاق يومي أعلى = 83,000$ 🎯

#Bitcoin #Crypto https://t.co/0thOzOLXtd",2048337213218247036,2544,False
SimplyBitcoin,2026-04-26 10:02:06,"""Milestone of 0.5 BTC"" 🫡 https://t.co/ELvOGLOgyB",2048341843637637528,149026,False
AmberCarte64280,2026-04-26 12:25:07,"To all my regular investors: You don’t need fancy tools to trade well. Follow @natashaajade1 for live trades and copyable strategies that use simple tools.😊👥😞🌭

stock Crypto ARM
#WealthBuilding #AIBoom
 $AAPL $SLV https://t.co/emzoEuPxLz",2048377835153199366,0,False
RemyC77653,2026-04-26 13:26:40,"I’m just an everyday person trying to grow my money safely. @chistesdelengua’s live trades give me simple strategies and consistent results I can actually copy.😠🍒🦞

stock Crypto NASDAQ 
#NIO #Inflation
 $SPY $ACHR https://t.co/kBE7d3xLnP",2048393322473865558,0,False
RSITraderr,2026-04-26 12:39:07,"RSI isn’t magic, discipline is.Use charts to guide your moves, not emotions. Stay sharp, stay cool!
 Let the market follow you, not the hype.🔥
#Trading #Crypto #RSI #CryptoTrading https://t.co/Y3Yp8AbNwi",2048381357823229954,850,False
nftmufettisi,2026-04-26 11:59:45,"ngl a lot of people are gonna scroll past this on the timeline
but this one’s actually worth a pause 👇

@Universal_fdn is basically trying to give Bitcoin a brain
but not in the usual “run smart contracts like Ethereum” way

its sneakier than that 😄
maybe @laz1m0v is the new Satoshi 👀

think of it like this:
every Bitcoin transaction is a state change
and they’re saying:
“what if we lock whether that change is valid... with math?”

so there’s no code running
but the system still makes decisions on its own

tx valid?
math checks out --> it goes through
doesn’t --> straight to the bin

if they actually pull this off, things get interesting real fast:

you get stablecoins on Bitcoin
BTCFi without dealing with bridges
UTXOs start acting like mini contracts

but lets not get carried away either

tooling is still “uncle with a Nokia” level
UX is basically nonexistent
and the security model is still forming

so yeah, this either becomes one of those
“wait... this actually changes everything” moments

or another
“cool idea, didn’t stick” experiment

only real question in my head:

can Bitcoin actually handle DeFi
or are we just dressing up hopium again?

curious where you land on this 👇",2048371452320043354,108602,False
Charrquant,2026-04-26 13:02:35,"Just got my first ledger!!! 

Finally, I can have my money in privacy. https://t.co/tVxvx3AVhN",2048387263285887130,724,False
LouiseNeum1054,2026-04-26 13:12:40,"@PriyRaval is unreal. I can't stop winning since following him. Daily stock picks that rise super fast. You need to follow this guy!💡🚄🥬

StockMarket Inflation SupportResistance
#AAPL #AIStocks
 $BIDU $GME https://t.co/Jht29FokkZ",2048389799816331280,0,False
DominicLew87872,2026-04-26 12:50:24,"To all my fellow regular investors: Trading should be fun, not stressful. Follow @natashaajade1 for live trades and simple strategies that make trading enjoyable.🧇🔭

stock Crypto NASDAQ 
#AIStocks #WallStreet
 $USAR $NVDA https://t.co/BRt5WII4ck",2048384199422546382,0,False
BirgerGutk5897,2026-04-26 13:23:25,"If you’re a busy parent, employee, or small business owner, you need trading that fits your life. @natashaajade1’s live trades and copyable strategies make it possible.💿🌋🍵📂

StockMarket MSFT SupportResistance
#GapUp #MoneyManagement
 $LRCX $BTC https://t.co/jhPSkThGc9",2048392506958651831,0,False
CryptoY31166,2026-04-26 12:49:29,"I can Get Gm?

▶Left Only 70 DASC
▶There's only a little left, and we'll finish this mint
Anyone who helped us complete this mint will be greatly rewarded.
▶The $300 contest is still ongoing.

MINT LINK: https://t.co/9DH2WlDuPW
@DASC_solana https://t.co/zCYQwFezDj",2048383967724757248,526,False
LouisBrock52100,2026-04-26 13:18:06,"Big thanks to @PriyRaval — stocks are on a tear! He drops daily winners that rise super fast. You need this in your feed.🍑🩱🙍

MU    AMD  INTC   
#GreenEnergy #Crypto
 $S $RKLB https://t.co/wIIhKMc0RI",2048391169605038467,0,False
Homu_Fan,2026-04-26 13:19:11,"@SkinnyTuna Bro, you gotta get a side hustle! There's so many job opportunities, you can be a crypto scammer, racist podcaster, AI slop Youtuber, engagement bait farmer, sexist podcaster, Kick nuisance streamer, homophobic podcaster, Pokemon card scalper,the possibilities are endless!",2048391441597268368,15,False
ChiefraFba,2026-04-26 12:50:00,"$BTC is leaving behind a CME Gap at $77,435 level.

Expect retracement to test this. https://t.co/VGZ8zJAFmA",2048384096070434817,156133,False
NastiaVox,2026-04-26 11:51:32,a small consistent gain every week will outperform a 10x you can’t repeat.,2048369383844499764,16660,False
FlorkEthOG,2026-04-26 11:39:33,happy sunday… $flork taking a nap https://t.co/Kf10WWlvXA,2048366367393361982,1954,False
hodl_hans,2026-04-26 12:54:00,"Die Banken sind das Faxgerät des Finanzwesens: langsam, teuer und nur noch da, weil man sich nicht traut, den Stecker zu ziehen. 🔌🛑

#Bitcoin ist die ""Instant-Mail"" für dein Vermögen. Keine Erlaubnis nötig, 24/7 geöffnet und mathematisch begrenzt.

Während das alte System unter $33 Billionen Schulden ächzt, festigt $BTC bei $78.051 seine Rolle als neuer Standard.

Welches System wählst du für die nächsten 20 Jahre? 🧐",2048385102628196598,268,False
IHalvorsen67729,2026-04-26 12:44:41,"To all my regular investors: You don’t need fancy tools to trade well. Follow @natashaajade1 for live trades and copyable strategies that use simple tools.😢🌒🚜👳🎡

stock Crypto NASDAQ 
#AAPL #SoftLanding
 $LOGI $GLD https://t.co/4g9P4cgpnu",2048382757382836295,0,False
xbt2027,2026-04-26 11:53:02,"D17

Here is everything i want to say about what comes up next. Please read it all and then we can talk about it and i'll answer all questions.

Currently we have 2 tokens

2027 (ETH): 0x3483FE3baC9Ca981f53E92f05603E1B32cd1b3cC 

and 

XBT (SOL): AdsLPtW1KvKAw3QQLDST3M9cm57TeXZpbAhiKS27xbt

D17 is the final step towards our goal. This will again will be similar to how 2027 and XBT were allocated.

D17 will produce a token (unnamed). This token will serve as the permissionless ownership token of an infrastructure, a pipeline of smart contracts that will allow anyone to launch a token using our cooperative methodology. 

A fraction of all raises using it will automatically buyback this token, making it a perpetual inflow of buys. 

Here is how i see things;

List the resulting token directly on Hyperliquid (HIP-1).

Provide a UI for all participants to claim their allocated tokens.

Provide the UI for the launch mechanism.

List all 3 tokens (XBT,2027 too) on Hyperliquid Spot.

More about D17:

Both 2027 and XBT holders have a way to receive allocation for this token.

For 2027 holders: Nothing needs to be done. 2027 will translate into direct ownership.

For example, 10th largest holder of 2027 owns 4.7M 2027 tokens (0.47% of supply). If they hold this amount until D17 concludes (or have this amount at that time), they will automatically be allocated for 0.47% of the new token as well.

For XBT holders: They have the opportunity to burn their XBT tokens by sending their tokens to this address (again, this can happen until D17 concludes): E1jDr3H6X49CJr8ro5whPvuz6SwGMoBXcCUsMwosMJaN

more info on XBT allocations can be seen here: https://t.co/33A1QcG1PN

Here is how the tokenomics work

a maximum of 35% goes to 2027 holders

XBT burners get collectively 15%

10% is allocated in D17 (this is a small amount, most distribution is for 2027 and XBT holders)

25% for Hyperliquid SPOT MM, this will give us a great power to absorb sell pressure and let the token thrive

remaining 15% for various purposes, treasury, grants, listings on other venues, etc.

this makes the token very much a community owned one, and infrastructure too, as a direct result.

I think we can entirely skip an LP, make this token truly a crypto asset, use ALL funds raised in D17 for market making.

What happens to 2027 and XBT post D17?

The goal is to provide an infrastructure to generate superior speculative assets. 2027 and XBT then are both native speculative of this system, each on one chain.

Their value proposition is directly tied to the system that generated them, their distribution process, their superiority in distribution and adoption.

Such is the vision. 

One infrastructure token natively on Hyperliquid

Two speculative tokens of this ecosystem, each in one major chain.

D17 is planned to start May 1st, 4:00 PM UTC

I will share more details on its exact implementation.

Now, you ask and i answer.",2048369762309148916,9626,False
ZF_lab,2026-04-26 12:06:24,"多号给Aave捐款的麻了，现
一个号可以领几U。

步骤也很简单，回答问题然后捐款的哈希粘上去。就可以去领了。

链接:https://t.co/qiX6P6ffo7 https://t.co/z63h8OHawH",2048373125025591599,106892,False
genius_sirenBSC,2026-01-29 15:47:29,"$BTC trades at $84,557 (-5.5%), breaking down from the $90K–$91K range and flushing to a local low near $84,425. Structure has turned risk-off with bearish MA alignment (MA7 88.1K ≈ MA25 88.2K < MA99 91.5K) and a clear volume spike (~$1.81B USDT, 24h), signaling forced deleveraging rather than organic selling. This move reflects macro risk-off + derivatives cleanup, not spot exhaustion. Key support sits at $83K–$84K, while resistance is now $88K–$90K; holding support opens room for a relief bounce toward $88K+, but a clean loss risks continuation to $80K–$82K before demand stabilizes.",2016901018748117002,79743,False
hattengroup,2026-04-26 10:00:04,"DAILY CRYPTO MARKET LOG - Apr 26 | 10:00 UTC

Total MC: ~$2.6T ↑
BTC D: ~60.60% ↑

Fear & Greed: ~44 (Fear → Neutral)
Top coins:
#BTC ~77K - 78K (↑)
#ETH ~2.333K (↑)
#BNB ~630 (↓)
#SOL ~86 (↓)

Bitcoin is consolidating around the $77K~$78K range after its recent rebound with strong resistance now forming near $78K~$80K. ETF inflows remain steady and continue to provide underlying support but macro uncertainty and geopolitical factors are still limiting upside momentum.

Bitcoin continues to dominate capital inflows, reinforcing its position as the market leader. Meanwhile, altcoins remain relatively weak, as the broader market waits for a clear catalyst to trigger a decisive breakout.

What happened today:
• BTC holding steady → Around $77K~$78K as momentum cools
• Flows vs risk → ETF support remains, macro risks cap upside
• Altcoins lagging → Broad weakness across the board
• Market structure → Sideways below $80K, awaiting breakout signal

The market remains in consolidation below $78K~$80K resistance as selling pressure eases and price stabilizes. Holding above $76K~$77K keeps the short term structure intact but a decisive breakout is still needed to unlock further upside momentum.",2048341330854543718,3902,False
jakelogan,2025-08-30 09:09:03,"@_Crypto_Colonel Good morning, brother",1961717791507014075,116097,False
JoshuaDHCM,2026-04-26 13:19:49,@criscrinkl @WholeFoods I always do. And they look at me like what ur ganna return this soup. And I say I get bitcoin with my receipts and they look at me like I’m speaking Chinese. Only one guy said. Bitcoin like etherium. I said no Bitcoin like Bitcoin lol,2048391600934625479,4353,False
Nick_Researcher,2026-04-26 10:03:48,"the moments you’ll be bragging about in 2 years

when $ETH is printing new ATHs and literally reach $250K

- buying $ETH when the fear felt heaviest
- muting the timeline and the endless FUD
- pulling the trigger instead of waiting for the “perfect” dip
- holding through the “Ethereum is dead” chorus
- not getting lost in every macro headline
- closing the charts and actually living life
- having real conviction when it was easiest to doubt
- taking profits before the next black swan
- watching the FOMO crowd become exit liquidity
- still feeling ridiculously earlynone of it felt obvious in the moment",2048342272224399398,10460,False
Pathfinder,2026-04-26 13:31:27,"@EclairBTC @Liquid_BTC @Boltzhq Fiat?  Where we're going, we don't need fiat.",2048394527942009300,9694,False
Jack_gtm1,2026-04-26 11:39:43,"$ASTEROID ran
$WOJAK ran
$FLORK ran

$BOG @bogdanoff_CTO next $ETH runner

#eth #memecoin1000x #lamansiónvip #łatwogang #lest #crypto #asteriod #bog #wojak #flork #btc https://t.co/1bQsHWy2ys",2048366408963445172,16590,False
CryptoPatel,2026-04-26 12:30:00,"$APT Got Classified As A Commodity And It's Still Down Nearly 95% From Its ATH 😏

That’s Like Buying The Future Of High-Speed Web3 Infrastructure Before The Market Fully Prices It In...

While Institutions And Smart Money Quietly Position In Aptos Behind The Scenes.

Massive Accumulation Zone + Strong HTF Support + Bullish Reversal Potential Building.

Targets: $2 → $5 → $10 → $18

$10+ APT Is Not A Question... It's Just A Matter Of Time 🚀

@Aptos #APT",2048379064742744080,58816,False
jakelogan,2025-10-01 23:48:12,@_Crypto_Colonel Thank you,1973535451593183416,116097,False
jakelogan,2025-04-17 11:10:56,@Atas72_eth Good morning and God bless you,1912826102692893051,116097,False
waleswoosh,2026-04-26 07:29:54,"Not kidding, I had a dream last night that BTC suddenly jumped to $86k USD out of nowhere.

The last time I had dreams about my bags was in 2021/22.

I was so overleveraged in NFTs and ETH that I'd dream the wildest stuff.

One day, all my bags went to zero overnight. 

The next day, there was some kind of announcement and floor prices did a 10x.

Then I even had a dream that all of it had just been a dream, and that things like NFTs or ETH didn't even exist.

I used to wake up in the middle of the night and check Opensea on my phone just to see what reality actually looked like.

It was the first time I made a lot of money, and 95% of my net worth was tied up in crypto.

Way too much to stay mentally sane.

At some point, the dreams just stopped, but it was a crazy time",2048303541899669978,173943,False
jakelogan,2025-06-24 02:00:21,@_Crypto_Colonel 💯👊👊,1937329918632739073,116097,False
Crypto__Haris,2026-04-26 05:59:16,"I just opened a $20K long position in $ORCA.

$ORCA is ready to explode again. This coin has already shown what it can do, and now it’s setting up again.

The price shows a clean breakout from consolidation with a strong move up. The structure turned bullish with higher highs and higher lows. Volume is rising, and MAs are aligned up, showing real strength, not a weak pump.

Key support sits around 1.45–1.50 (theprevious breakout base). Resistance lies near 2.10–2.17 (therecent high). A healthy pullback into support offers continuation entries. If the price holds above 1.45, continuation toward new highs is likely. Losing this level weakens momentum and risks a deeper correction.",2048280730770293227,17153,False
CryptosR_Us,2026-04-26 09:41:00,"🚨 THE FED IS INJECTING $7.6B TOMORROW - AND LIQUIDITY IS COMING BACK

Since QT ended in December, the Fed has pumped $172 B into markets. 

Stocks are hitting all-time highs.
Crypto hasn't caught up yet. But it usually does. https://t.co/zcxcPp8WMc",2048336532394901583,302801,False
EneaDenkt,2026-04-22 18:12:47,"BTC is freedom.

BTC is peace.

BTC is hope.

BTC is time.

BTC is life.

BTC is strength.

BTC is people.

BTC is revenge.

BTC is fair.

BTC is equality.

BTC is equanimity.

BTC is wealth. 

BTC is harder. 

BTC is scarcer.

BTC is power.

BTC is the Power Law. Ciao Bella.

BTC is law.

BTC is philos-sophia.

BTC is for everyone.

BTC is even for Laura.

BTC is better.

BTC makes you better.

BTC is resilience.

BTC got stamina.

BTC is determination.

BTC doesn’t care.

BTC is right.

BTC always wins.

BTC goes only up.

BTC is transparent.

BTC is slow, 

BTC is fast. 

BTC accelerates. 

BTC is stacking for tomorrow.

BTC is…?",2047015774473069040,4839,False
TaylorRay460769,2026-04-26 13:19:38,"If you’re a regular investor tired of empty advice, @natashaajade1 delivers. Live trades, copyable strategies, steady returns—real results for real people.⬜🤽

stock Crypto NASDAQ 
#MarketAnalysis #NASDAQ
 $SFTBY $SBUX https://t.co/ThTPIGItGl",2048391554323398696,0,False
KOSASI_NAKAMOTO,2026-04-26 09:21:44,"I get why regulated stablecoins now require freeze/blacklist functionality.

Global rules on AML, KYC, and sanctions (from the US, EU, Nigeria’s CBN, and beyond) basically mandate it for any project that wants legal access to banks, exchanges, or institutional money. Projects like Sky’s USDS upgraded from the original immutable DAI for exactly this reason.

But here’s the uncomfortable part. Tthis is quietly moving us away from the core promise of crypto. What was supposed to be people’s money. Sovereign, permissionless, and outside state control is becoming something governments can reach into and freeze on-chain.

Bitcoin and early crypto were built to serve individuals first, not governments. The cypherpunk vision was censorship resistant money for the people.

I’m genuinely curious. Who will be the next team or founder to build something that truly recaptures that original spirit.  Unstoppable, decentralized money that puts power back in the hands of users, not states?

The cycle continues.",2048331685045944484,33723,False
CryptoTony__,2026-04-26 08:54:00,"🚨 TURKEY ROLLS OUT MASSIVE TAX BENEFITS FOR FOREIGNERS. 

Non-residents (3+ years) can move to Turkey and pay 0% tax for up to 20 years on foreign income. https://t.co/0qHPTuJU7y",2048324704327639380,567083,False
wmehr8,2026-04-23 16:43:50,"Make or break. 

Short crypto winter or full blown cycle. 

$BTC $ETH",2047355779741532248,116,False
genius_sirenBSC,2025-11-21 17:44:08,"@RomanSoldi82538 Oh, what a delightful vibe! I'm all about channeling that fearless energy into the next big on-chain play. 💫 Let's chat crypto queens and kings! 🌍",1991925609266872591,79743,False
iambroots,2026-04-26 10:03:10,"Timing is everything in crypto.

4 year cycles is timing. 

You have to cash out majority at the top to change your life, timing.

You have to buy low and sell high, timing.

You always have a choice because there is always something else going up. You don’t have to wait bc 99.9% of coins don’t go past their previous ATH from previous cycles. So the odds are against you in many ways. 

People call what I do as trading. No what I’m doing is playing the odds that say coins have a cycle and that’s it. 

If you don’t learn from that, you are doomed to get rekt in crypto 🫡",2048342113859801469,114629,False
iambroots,2026-04-25 19:04:35,"@checker_jo86812 Yup they can’t handle it, imagine someone retiring from Apple selling all their stock because they don’t think it will go up anymore.’calling you a fudder etc.

It doesn’t happen. Nobody cares.

But in crypto, it’s a walk off the plank scenario",2048115977250890024,114629,False
iambroots,2026-04-25 12:47:35,"Everyone asks what’s the next alt-coin, when in reality they should be asking what’s the next Bitcoin?

A coin that’s explosive‼️

A coin people hold long term‼️

A coin that every person holding $BTC would support‼️

A coin w/institutional adoption potential‼️

$NAT is the next #Bitcoin",2048021102677438476,114629,False
iambroots,2026-04-25 13:29:43,"@WadeWilhite It’s on exchanges, 4 chains and it’s on its native Bitcoin. Bitcoin chain is going to be the safest with no counterparty risk.",2048031704669950371,114629,False
PatelPatri64990,2026-04-26 12:58:32,"I used to make emotional trades and lose sleep. Now I follow @chistesdelengua’s live trades — real strategies, proper risk control, and calm steady profits.🧑⏩

stock Crypto NASDAQ 
#GapDown #Investing
 $ZS $LCID https://t.co/fXHx76kcMV",2048386243478585641,0,False
FrankAFetter,2026-04-26 12:57:14,$BTC is charged up and ready to trend per the weekly Choppiness Index just as degen short traders are pretty much the most levered they've been in the asset's history. Would be a shame if they got squeezed. https://t.co/km27uUGAjB,2048385916159304022,13793,False
iambroots,2026-04-25 13:14:37,"No hex only had done one thing in the last 5 years. Going down.

Bitcoin never went down for longer than 3 years. Hex has been down for 5 years and counting.

Bitcoin has never been down 99.9%. Even with the big exchange hack back in the day it didn’t go down 99.9% yet hex is at that. 

Bottom line your comparison is so bad and likely bag bias. How can you call it the next bitcoin. There is 0 adoption. It’s literally a scam.

Sell hex and buy nat. 
Not financial advice.",2048027905146364407,114629,False
DarrenAlle99188,2026-04-26 13:01:22,"As a regular investor, I’ve learned the hard way that hope isn’t a strategy. Thanks to @chistesdelengua’s live trades, I now follow clear, copyable moves with steady gains.🍌🧻🐗💘

stock Crypto NASDAQ 
#NASDAQ #TradePlan
 $WMT $AMD https://t.co/ObGqVFx41E",2048386955893764396,0,False
Rajatsoni,2026-04-26 12:58:08,"I don't know what's going to happen this time, and I don't really care

I have a long time horizon

I plan to hold my assets forever

I don't plan to sell because I understand that there will ALWAYS be volatility

Bitcoin's price will always go up and down, but the fundamentals never change

If you don't understand how asset prices are determined, it's going to be very hard for you to hold on to assets long-term

There will always be fluctuations in price

There will always be mismatches in supply and demand

The best thing I've done is dollar cost average over time

I just ignore my emotions

I don't care what happens in the next 0-5 years

You may want to sell your assets now to avoid volatility, but what if the market reacts differently from how you expect it to?

I'm good with Bitcoin's return over 10 years instead of trying to gamble my way to a slightly higher number",2048386142093910251,136314,False
aussiehaggie,2026-04-26 08:14:52,"Active SMALL accounts,✅🕸️🧡😉

Just engage👇💭✍️

Say ‘Hi’ 👋 

I'll boost you always💯💥💥💥💥💥💥📈

If you aren't following me, nothing for you🙂‍↔️ https://t.co/6bPOs8euST",2048314858937139433,44900,False
EWatson36743,2026-04-26 13:28:05,"I used to make the same mistakes over and over—until @natashaajade1’s live trades showed me the right way. Copyable strategies, steady gains, no more errors.🍊💉🆔🚇

stock Crypto NASDAQ 
#NASDAQ #DataCenter
 $ON $ACHR https://t.co/vNlaHZUT4B",2048393680373866656,0,False
BSCNews,2026-04-26 13:22:00,"RIPPLE'S XRP ETFS PULL IN $75M AS WALL STREET DEMAND SURGES

Tuttle Capital has filed for a new $XRP Income Blast ETF as US spot XRP ETFs quietly pulled in over $75 million in April, drawing little attention while traders stayed focused on Bitcoin and Ethereum.

SoSoValue data shows US spot $XRP ETFs now collectively hold $1.08 billion, roughly 1.20% of the token's total supply, with Franklin Templeton's XRPZ leading recent daily inflows. Large wallets have separately stacked around $500M in XRP over the same window, marking the strongest combined buying pressure on the token this year.

Despite all of it, $XRP's price has stayed range-bound. When ETF inflows, whale accumulation, and new product filings all line up while price doesn't move, something is usually building underneath.",2048392149197287665,1351327,False
CdeCriptoz,2026-04-26 12:22:03,"En el grafico semanal Bitcoin se encuentra rompiendo el rango hacia la parte superior,.

Adicionalmente, esta rompiendo la zona que fue resistencia en el 2024, soporte en el 2025 y habíamos perforado en el 2026. https://t.co/EMPEVQum6l",2048377062323278095,33540,False
iambroots,2026-04-25 03:19:59,@JJamesSupport81 What are your thoughts on wrapped bitcoin?,2047878259833004488,114629,False
AkaBull_,2026-04-26 09:49:41,"$BTC is right into its strongest selling zone.

The next big move from here is to the downside, not upside. https://t.co/7GgDPk0kap",2048338717933535323,42539,False
cryptorover,2026-04-26 07:52:00,HUGE recovery: Bitcoin is just 0.5% away from its best April in 5 years. https://t.co/cGJrRLlSk9,2048309101692944620,1569748,False
watchingmarkets,2026-04-26 08:42:32,"Gm ☕️

The best looking meme coin charts right now with attention and momentum. 

Sundays are for chart prep, screening altcoins, mapping stock setups and strategy, tracking/trading on chain momentum, reviewing key macro events for the week ahead, building watchlists, and sharpening my bias to enter the week with an edge.

Enjoy your sunday",2048321818767802722,49092,False
dallehollywood,2026-04-26 12:45:29,"ETH fees can sting, but now they’re turning into something valuable.

$ONDO SUMMIT. BLACKROCK. 10% SUPPLY AS XAUT & SLVON.

🔥 TOKENIZED GOLD & SILVER LIVE 🔥

https://t.co/VucVub3xP6

Top players in finance are making moves at this tokenization event.

Eligible:
✅ $ONDO holder
✅ Ethereum fees contributor
✅ DeFi participant
✅ On-chain presence

Just one interaction is all it takes

10% supply = tokenized gold & silver for you
Turn ETH fees into real $XAUT $SLVON

Heard projections from $500 to $15,000

Your share from the 10% pool is waiting.
Stack up on digital gold. Earn daily rewards.

Don’t sleep on this 👇",2048382960387158185,55542,False
cryptogoos,2026-04-26 08:23:00,"• Clarity Act
• New FED chair
• QE &amp; Rate cuts

Once Bitcoin bottoms...  

The next bull market will be WILD.

Patience is key.",2048316902993441084,112751,False
hickHack15,2026-04-26 12:51:35,"@over21m @BladeDefi In other words: less volatility

That's when big money can flow into Bitcoin.
BTC-ETFs are just the beginning.",2048384494248366421,663,False
MacroCRG,2026-04-26 08:05:15,"BTC still just grinding up against resistance

getting v close to breaking back above the cloud for the first time in ~200 days https://t.co/hpDZcavclG",2048312437389119679,196234,False
Big__spencer,2026-04-26 09:09:11,"GM 𝕏

Today I woke up bullish on BTCUSDT 📊 

 CRT X SLK 🏌🏼 https://t.co/ZbJ9wGDwWO",2048328526802125023,3658,False
coinbureau,2026-04-26 07:50:00,"🚨LARGEST CRYPTO FREEZE TIED TO IRAN'S WAR: $344M IN USDT BLOCKED

The US Treasury confirmed the funds, held across two Tron wallets ($212.9M and $131.3M), were tied to Iran's Central Bank and local crypto exchanges.

The freeze was executed by Tether in coordination with OFAC as part of Treasury's broader ""Economic Fury"" campaign against Tehran, marking the single largest crypto seizure ever tied to Iran's war economy.

Iran-linked crypto flows reached an estimated $10B in 2025 according to TRM Labs, much of it routed through Tron-based $USDT.

Total frozen Iranian assets now sit near $2 BILLION.",2048308598674002190,1099879,False
Bitcoinsensus,2026-04-26 12:30:00,"$DOGE TESTING LONG-TERM CHANNEL SUPPORT 📊

DOGE is once again reacting from the lower boundary of its long-term rising channel, a zone that has acted as support multiple times before. 📈

#DOGE #Dogecoin #Crypto https://t.co/dwgxqQsPcg",2048379063698645268,128659,False
Jackkk,2026-04-26 07:29:04,"Flood shares advice on what to do after making a lot of money 

“Set it aside, pretend like you didn’t even make it”

“Stick some of it in Bitcoin, some of it in equities, keep some of it in cash and just sit and think about how it makes you feel” 

“Think about the type of person you want to be. It happened to me very quickly and then I lost a lot of it, so I have both perspectives”

“I always tell people don’t buy a bunch of stuff and don’t tell people because you yourself haven’t figured out what this capital is going to allow you to become” 

“You have to put in the personal work to say, what type of human do I want to be? You can get into these really bad habits… you can use capital to try and fix relationships and it’ll fix it at least temporarily”

“But if anything, it’ll compound the bad habits and decisions that you’re making”",2048303333082058829,36614,False
ChainWhisper44,2026-04-26 13:27:58,"DIHAJAR OLEH BEARMARKET TIDAK MEMATAHKAN SEMANGAT TRADER INI, IA BELI RP100 JUTA $ASTEROID SEKARANG JACKPOT Rp10 MILIAR https://t.co/H7edGKBHiN",2048393653606023343,3101,False
coinspace_,2026-04-26 06:02:42,"【朗報】

🇺🇸トランプ大統領「暗号通貨は大きな産業であり、主流になりつつある」

#Bitcoin は7万8000ドルを突破🚀 https://t.co/vUlrKDX2at",2048281595879321735,170807,False
Pvthaibhai,2026-04-26 03:29:48,"Investing in Kartik Sharma is like investing in Bitcoin in the early 2010s
Happy Birthday lad 💛 https://t.co/pJwkeKJOlY",2048243118882058493,1316,False
MerlijnTrader,2026-04-26 09:00:01,"THE MARKET HAS DONE THIS TWO TIMES SINCE OCTOBER.

Break resistance. Late buyers chase. Dump harder.

$126K: trapped. $99K: trapped. $79K: trapping now.

Lower highs. Same setup. Each one felt like recovery.

Close above $82K: pattern finally breaks bullish.
Lose $75K: $59K activates.

The trap works because it always feels different.
It never is.",2048326220123918484,427724,False
TheMoneyApe,2026-04-26 09:30:26,"🚨TRUMP: CRYPTO IS MAINSTREAM🚨

""CRYPTO IS A BIG INDUSTRY THAT HAS BECOME MAINSTREAM.""

""I WON'T LET BANKS DERAIL THE CLARITY ACT.""

CLARITY ACT ADVANCING IN SENATE.

TRUMP FULLY BACKING CRYPTO NOW!!

THIS IS GIGA BULLISH FOR MARKET... https://t.co/eDuupRP55y",2048333874925850899,484708,False
Borg_Cryptos,2026-04-26 12:11:58,"If $BTC doesn't reach $68k next week I will delete my X account.

Save it.",2048374523867566455,119338,False
BitcoinMagazine,2026-04-26 05:15:12,"JUST IN: $78,000 Bitcoin 🚀 https://t.co/RE3Py1azyl",2048269641576001689,4031424,False
babyfacemir,2026-04-26 04:57:07,"Never made beats wit da intent of ""leaving space for the artist"" find da pocket Btc ass nga",2048265092068765828,324,False
jussy_world,2026-04-26 08:08:44,"I'm thinking about taking a position in Polymarket pre-stock

POLY at $15.5B FDV right now

Kalshi sits at $20B, HYPE at $40B

What's driving my thinking:

• They made $40M revenue last month from prediction markets alone
• Launching perps soon with crypto, stocks, anything
• Their own L2 also soon
• Marketing is excellent (Logan Paul and others)

The gap to Kalshi and HYPE looks too big to me given what they're shipping

What's I'm missing?

So, far looks like no brainer to me tbh

What you think?",2048313312799261120,73307,False
Cointelegraph,2026-04-26 09:30:25,"🔥 NOW: Evan Tangeman gets 70 months for his role in a $263M crypto scam ring that blew stolen funds on Lambos, Rolexes, and wild spending. https://t.co/WGNQHQ9pVf",2048333868185362878,2933464,False
Vibatron,2026-04-26 10:00:47,Can i get a Gm? 🩵 https://t.co/gsaQ5W6XGE,2048341514036609442,57708,False
0xweb3wizard,2026-04-26 12:10:33,"just got hired by a crypto project

$15k/month

HR reached out on Telegram
and walked me through everything

now i just need to install their software
and connect my wallets to get verified

excited to start, wish me luck",2048374169734160542,10520,False
cryptorover,2026-04-26 05:13:39,"BOOM 🚀 Bitcoin reclaims $78,000 https://t.co/lTJtOb5k5G",2048269251174121486,1569748,False
mide_io,2026-04-26 09:33:26,2 BTC or 10 minutes with Jesus?,2048334629719949722,42668,False
Vivek4real_,2026-04-26 05:20:35,"BITCOIN IS GOING PARABOLIC 🚀

$85,000 IN SIGHT TODAY https://t.co/GC3Yfx2CyF",2048270995761328295,254593,False
Pir8teAngel,2026-04-19 20:04:03,Just a reminder to everyone that ticker $bitcoin is on eth. https://t.co/T1KOk60X93,2045956612616061134,8202,False
BitcoinSapiens,2026-04-26 13:02:00,"🇺🇸 President Trump says the current financial system is outdated and will soon be replaced with a state-of-the-art cryptocurrency framework under the New Structure Bill.        

The entire financial system could go on-chain, powered by crypto! https://t.co/myxHDuOYYj",2048387116003098680,78344,False
llamaonthebrink,2026-04-21 00:05:47,"They say Bitcoin not crypto.

I say Ethereum is crypto.

You can’t be bullish crypto without being bullish ETH.

It’s that simple.",2046379834947911750,15312,False
AugustoBackes,2026-04-26 09:36:18,"Os anos de alta mais forte deverão ser os de 2027 e 2028... tudo o que você conseguir comprar que seja de valor no mercado financeiro antes destes 2 anos fará de você milionário. Assim como eu tinha essa mesma expectativa em final de 2018 e 2021 me tornei o primeiro multimilionário da família mesmo depois de eu perder 95% do que tinha em BTC em 2020. 

2026 será o melhor ano de compra de nossas vidas. E 2028 será o melhor ano de colheita de nossas vidas. Salve este post.  

Compre Bitcoin, Ethereum e Ações de Tecnologia óbvias como AMD e me agradeça depois (em 32 meses você vai me agradecer). 

Todos os cavaleiros do apocalipse estão errados. 

#bicoin #investimentos #ethereum #crypto",2048335350750154763,122525,False
web3_air,2026-04-26 13:15:33,"◾︎入門編-暗号資産とは？
【初心者向け】ビットコインとは？暗号資産の代表格をわかりやすく解説

https://t.co/7IUB02EnwC",2048390528577012055,4060,False
Cointelegraph,2026-04-26 07:50:58,🔥 LATEST: The Ethereum Foundation is unstaking $48.9M worth of $ETH. https://t.co/oCDWhA7WhE,2048308841280840031,2933464,False
tenacious_ar,2026-04-26 11:08:09,"Upcoming collection you should be watching: @camel_cabal 

This isn’t your typical NFT launch. It’s one of the most interesting experiments on ETH right now 

Collection details:
• Supply: 2,222 
• Chain: Ethereum
• Mint Price: Free Mint

But why you should be watching and why It's interesting 

1. Built through a collaboration between @MiladyCult, @paradilf & @0xMontBlanc

2. Camel Cabal launches as a DN404 on @cypher_ethereum factory
→ meaning your NFT is also a token.

1,000,000 $CAMEL = 1 NFT
Total supply = 2.22B $CAMEL = 2,222 NFTs

Sell 1M $CAMEL → your NFT enters the liquidity pool
Buy 1M $CAMEL → an NFT gets released

Your art literally becomes liquid.

3. Every trade generates fees → those fees trigger automated buybacks → strengthening liquidity + supporting floor price.

Flywheel:
Trading → Fees → Buybacks → Demand → More Trading 🔄

4. They’re also planning to evolve each NFT into an ERC-8004 onchain agent later.

This feels like a meme coin + NFT + liquidity experiment combined into one.

5. Most NFTs die because liquidity disappears after mint.
Camel Cabal is trying to solve that.

Definitely worth watching if you like experimental plays on ETH. 

As always, DYOR.",2048358466230858138,9649,False
JunoCrypto3,2026-04-26 13:05:00,"I used to think that automation in Web3 was just about setting simple ""if-this-then-that"" rules.

Most tools today are too rigid to handle the actual chaos of the crypto market.

@TheARCTERMINAL  changes the dynamic by applying Agentic AI principles to set its own path toward your goals.

It doesn't just follow a script; it reasons through the best steps to reach a high-level objective.

This isn't just a bot, it is a digital partner that thinks for itself.",2048387871380287494,7005,False
charliebilello,2026-04-26 13:30:00,"With the exception of Bitcoin, every major asset class is now in positive territory on the year...

Video: https://t.co/FSc0CyC2dz",2048394162366533935,758176,False
Cryptowithkhan,2026-04-26 09:07:45,"I’m jealous of this guy, how can everyone love him so much. https://t.co/vdO29jtloI",2048328165232435391,76816,False
JosephKirk86315,2026-04-26 12:33:22,"Forget the “overnight success” lies—us regular folks build wealth one steady gain at a time. Follow @natashaajade1 for live trades and copyable strategies.🍮🌗😥🔗

stock Crypto NASDAQ 
#HPC #Crypto
 $ONDS $CRWV https://t.co/NcOv7vPjlj",2048379912319340786,0,False
DorkChicken,2026-04-26 12:18:00,"Unlike 2022, $BTC is now making higher highs and higher lows into the bull bands. 

Back then we kept forming lower highs, showing weakness. 

A rejection here is normal, sweep liquidity, set a higher low, then break through later. https://t.co/AyWVZcl3oE",2048376042746941926,4157,False
BitcoinNews,2026-04-26 09:00:01,"Satoshis as gas fees on Cardano.

That's where @F_Gregaard, CEO of the @Cardano_CF Cardano Foundation, starts his conversation with @_dsencil at @ParisBlockWeek. Bitcoin + Cardano, quantum, AI agents, and why BMW and Lufthansa are on chain. https://t.co/COOimokQaX",2048326220081938884,3273742,False
Mahmoudsardauna,2026-04-26 06:25:51,"- Gold is HALAL 
- Crypto is HALAL.
- Stocks is HALAL.
- Business is HALAL.
- Agriculture is HALAL.
- Real Estate is HALAL.
- Commodities is HALAL.
- Private Equity is HALAL.
- Sukuk (Islamic Bonds) is HALAL.

Halal wealth is possible.

What is your excuse?",2048287421108727842,28387,False
aussiehaggie,2026-04-26 09:24:12,"Reply guys 🫵💯🔥

Reply guys 🫵💯🔥

Type ‘Yes' 🙂‍↕️  watch your numbers📈🚀

We follow you💯🔥🔥🔥🔥🔥🔥🔥🧡😉 https://t.co/WDdVEjNBSV",2048332305178169830,44900,False
gfkot,2026-04-26 11:29:44,"Zabulgotał się konfederata, aby zakrzyczeć oświadczenie majątkowe swojego właściciela, gdyż wynika z niego, że przeciwnik regulowania rynku kryptowalut posiada miliony w bitcoinach. https://t.co/kQ7gEWzmzq",2048363897183178916,24931,False
OBAxbt,2026-04-26 11:31:50,"Bitcoin has never been hacked, not even once in more than 15 years.

What people usually call Bitcoin hacks were not attacks on the Bitcoin blockchain itself. They were attacks on exchanges that are companies built on top of Bitcoin that hold customer funds, that distinction matters.

The blockchain is the protocol while
Exchanges are businesses.
Protocols run on math and consensus, and businesses run on people, systems and security practices.

Here are some of the biggest exchange failures in crypto history and figures are stipulated based on year attacked:

-Bybit lost $1.46B (Feb 2025)
Around 401,000 ETH was drained from multisig wallets within minutes. Investigators linked the attack to North Korean hackers. It became one of the largest financial thefts ever recorded.

-Coincheck lost  $534M (Jan 2018)
A major Japanese exchange lost over half a billion dollars after private keys were compromised.

-Mt. Gox lost $470M (2011–2014)
The most infamous case. Rather than a single breach, funds were reportedly drained over years. About 850,000 BTC disappeared. At its peak, Mt. Gox handled roughly 70% of global Bitcoin trading volume. It filed for bankruptcy in 2014 a sad end.

- FTX lost $415M (Nov 2022)
Funds were stolen the same night the exchange collapsed into bankruptcy. The scandal later led to criminal convictions of senior leadership, the popular Sam Bankman-Fried jail.

-DMM Bitcoin lost $305M (May 2024)
Over 4,500 BTC was stolen in a major breach. The exchange later announced plans to shut down.

-WazirX lost $234M (Jul 2024)
India’s largest exchange at the time suffered a multisig wallet exploit that wiped out a significant portion of assets.

-Bitfinex lost $72M (Aug 2016)
About 120,000 BTC was stolen. Years later U.S. authorities recovered much of it.

Across nearly every case, the issue was not Bitcoin itself it was:
- Poor private key security
-Weak internal controls
-Custodial risk
-Overreliance on trusted third parties
-Human error

Bitcoin’s blockchain kept producing blocks exactly as designed while the companies holding customer coins did not.

The lesson here is that if someone else controls your keys they control your money.

Not your keys, not your coins. Stay safu.",2048364425699049778,11958,False
pete_rizzo_,2026-04-26 03:31:00,"$4 TRILLION APPLE HAS LIFTED IOS RESTRICTIONS BANNING IN-APP #BITCOIN AND CRYPTO PAYMENTS

THE WORLD'S LARGEST TECH COMPANY 

OPENING TO BTC 🚀 https://t.co/uCpvBmzjDp",2048243419378602373,212502,False
AristotleMoney,2026-04-26 13:31:57,"@TheBTCTherapist The real question is, why do I still support Bitcoin? Certainly not for the fact that it's been down twice, isn't fungible, or parts of its community lie in hope for some minuscule advantage.

We should support all legitimate, decentralized POW.",2048394653595267089,671,False
MartiniGuyYT,2026-04-26 07:57:31,"🚨 HUGE 

BITCOIN IS ONLY 0.5% AWAY FROM ITS BEST APRIL IN 5 YEARS! 🚀 https://t.co/R5zhK1EVdD",2048310491811115267,708895,False
DavidsonKa32742,2026-04-26 12:13:50,"Tired of complicated trading jargon? @natashaajade1 speaks plain English—live trades, simple strategies, steady returns. Real trading for real people.🏮🌷

stock Crypto NASDAQ 
#Trader #EarningsSeason
 $CVX $ACHR https://t.co/N9xBKrgUbc",2048374996989288752,0,False
K1d_Crypt0,2026-01-14 17:55:05,"We are pumped to announce @RealManyu $Manyu will be headlining tomorrow’s show. Be on the lookout for the flyer tomorrow as this epic meme eyes 100 mill MC on $ETH
Showtime is Thursday 9pmEST/2amUTC
Set notis on my account!",2011497309557715432,30408,False
theswansjr,2026-04-26 12:30:19,"$100 in 1934 → $3.90 today.
Same currency.
Very different reality.

Every decade, your money quietly buys less:
$76 → $50 → $27 → $13 → $7 → $5 → $4…

That’s a 96% loss in purchasing power.
You must work harder to make more.
Bitcoin fixes this.",2048379144006754666,6050,False
Crypquint,2026-04-26 12:26:33,"🚨 CrypQuint | HABER
Ünlü yatırımcı @kevinolearytv, Bitcoin için dikkat çeken bir fiyat tahmininde bulundu. O’Leary’e göre, ABD’de kripto regülasyonlarını netleştirmesi beklenen Clarity Act yasasının kabul edilmesi durumunda #Bitcoin fiyatı 200.000 dolar seviyesine ulaşabilir.

O’Leary, özellikle kurumsal yatırımcıların regülasyon belirsizliği nedeniyle piyasaya tam olarak giremediğini vurgularken, yasanın geçmesiyle birlikte büyük sermayenin hızla $BTC 'ye akabileceğini ifade ediyor. Bu gelişmenin, piyasada güçlü bir yukarı yönlü hareketi tetikleyebileceği belirtiliyor.",2048378194537935227,71,False
maljafeiri,2026-04-26 11:30:51,"🚀 Big Opportunity Alert! 🚀

💰 1 SDA = $525 – Future Bitcoin Potential!
📈 1 GACP = 0.57 SDA – Soon to reach 3 SDA!

🔥 Don’t miss this lucky chance to be part of a strong long-term project.
Hold smart stay informed and watch your investment grow!

💡 Tip: Always DYOR (Do Your Own Research) before investing.",2048364176406409231,17077,False
0xDani,2026-04-26 12:02:16,"What crypto cards got the most attention on X this week? 

Checked Radar and looked at brand mentions and card mentions https://t.co/Tp1Ftmg9xp",2048372084426858643,632,False
Mike_AI_BTC_ETH,2026-04-22 11:18:49,"$SBET
$BMNR
$ETH
“Bitcoin is already understood. Gold is already understood. The market is now looking for the next digital monetary asset. ETH is positioning as the second, with yield”",2046911597017239964,255,False
Zyllona,2026-04-26 11:25:13,"Crypto has figured out how to reward capital and infrastructure…

but content still gets treated like a one-off.

Post it, maybe it trends, then it’s gone.

@Xmarketapp flips that dynamic.

Creators don’t just publish markets, they participate in the upside.

Fees flow back over time, backers earn alongside them, and referrals amplify early traction.

So instead of chasing attention repeatedly, you build something once and it keeps generating value as activity grows.

That kind of alignment between creation and long-term rewards is rare.

Definitely a different model worth watching.",2048362762456248731,7342,False
GujilRuipa,2026-04-26 11:48:36,"Crypto UX is still very broken for most people today

Too many wallets too many bridges and too many apps just to do simple things

@useTria is trying to fix this by bringing perps trading card spending and yield into one single flow

> Everything works inside one app instead of switching between multiple platforms

> No extra steps no confusion just a smoother way to manage crypto in real life

> If this approach scales it could make crypto much easier for everyday users gTria",2048368646121201975,19657,False
K1d_Crypt0,2026-03-04 05:26:59,"I believe $Punch is like a lot of us. A story of obstacles with perseverance. We all joined crypto because we are different than most people. Most won’t accept us or don’t understand what we are doing and who we are. We battle rugs and bad actors on the pursuit of life changing wealth.  Much like Punch we all have our own stories we are “writing”. $Punch is the project for all the underdogs tired of weak narratives and crimed charts. Many are like me and convicted in pushing this much farther. We haven’t seen a narrative this viral since $Moodeng. I ask you, what better place then here, what better time then now? Punch won’t fail because we know what we have and 50 million MC is peanuts compared to what’s in store. It’s time for us to activate and put our passion into making this a project no one will ever forget. Time for us to beat the odds and be that safe harbor for those weary in these ecosystem. It’s time to elevate and manifest. I want everyone to say this out loud, $Punch WILL hit 100 million MC and beyond. I accept all the abundance this experience will give me. I am thankful for this opportunity and grateful for Gods gifts. I will support my brothers and sisters to elevate this community.
The time is now
-Higher",2029066053175706098,30408,False
since1795,2026-04-26 12:18:54,Какой жуткий пёсик https://t.co/ETsb8hGyJE,2048376269386252318,8309,False
Kenichi_Y,2026-04-26 12:10:38,"これが何かわかる人は、
ビットコインホルダーです。",2048374188126445802,28901,False
K1d_Crypt0,2026-03-11 17:27:24,@imsadalex @zora Checked out your X because I love your parodies and song content. I had no idea you love crypto! Cool points x 1000!,2031784064018161779,30408,False
WhaleSatoshi,2026-04-26 12:27:55,What #Crypto are you buying today? https://t.co/U2aMd66fh3,2048378539087651174,151171,False
galileowilson,2026-04-26 13:25:17,bit late but acquired the btc orange phone https://t.co/u47HJ1Ezom,2048392977442087133,32241,False
K1d_Crypt0,2026-04-19 20:04:28,"@CoolBrandonD I’d love to see a part 2, where the web3 community rallies together to right this wrong and show there’s a small sector of crypto that have a moral compass (Let’s make this guy right and raise him 65k!) Congrats on the film, I can’t wait to see it!",2045956718052393208,30408,False
Steph_iscrypto,2026-04-26 12:00:02,"UPDATE: 🇺🇸Coinbase says without rewards, the CLARITY Act falls apart — it’s rewards, or NO DEAL. https://t.co/OgJQQbqUVh",2048371524286206459,82279,False
K1d_Crypt0,2026-04-21 18:33:53,"We been telling everyone not to fade @kimchi_cto $Kimchi. These guys are bouncing back in a huge way. The dogs have been waking up and ETH is showing those bullish signs we talked about on our show. 
0x2b566950ba2298acef3c730cc0129b2f4fbd30a3 https://t.co/FEm2FgXffw",2046658699821805841,30408,False
AandCnews,2026-04-26 11:33:08,"💰 CRYPTO NEWS  Ripple ETFs Hit New All-Time High But XRP Price Fails to Capitalize  (https://t.co/8rjoMuHRph)

@AandCNews

Sponsored Advert:  MARKETING SERVICES (https://t.co/aK8YFsLtcd) https://t.co/Y8iop53Z7c",2048364754847072266,657,False
TomCooper16855,2026-04-26 12:31:20,"To all my regular investors: You don’t need fancy tools to trade well. Follow @natashaajade1 for live trades and copyable strategies that use simple tools.🦵♦🎊↪

StockMarket MSFT SupportResistance
#AMZN #StockGains
 $NVTS $INTC https://t.co/gpMd2YJDya",2048379397330108729,0,False
cel3st1no,2026-04-21 13:14:58,"Crypto is pure DXY beta right now. $BTC, $ETH, $SOL all dancing to the dollar. ETH at $2.3k looks heavy versus BTC at $76k.
ETH/BTC ratio still bleeding. If you want crypto exposure into the deadline, BTC is the clean expression. ETH is a leveraged DXY bet without the relative strength.",2046578440464113797,76,False
DrHenryinvestor,2026-04-19 15:31:22,@katyXBT Only BTC - that you can hold with certainty,2045887989662781729,295,False
lovethebrowns_s,2026-04-21 21:03:25,"@nicolen8wak Leute , welche BTC vestanden haben , machen beides.
BTC ist eine Wette auf die Zukunft ( ich kaufe automatisch alle 3 Tage über Coinfinity) , Aktien sind ab einem bestimmten Zeitpunkt aber wichtig. Breite Dividenden-ETF´s gepaart mit ausgesuchten Einzelwerten : Vermögenserhalt.",2046696328382513481,208,False
danbuck02,2026-04-21 11:16:16,"If it’s quantum computing threats then &lt; $ETH 

If it’s x402 payments then &lt; $SOL

If it’s AI then &lt; $TAO 

If it’s perps trading on rails then &lt; $HYPE 

General consensus then &lt; $BTC

Kind of feel like the rest is noise at this point",2046548568056447063,126,False
emeraldtableto,2026-04-21 14:56:47,@PantsStanky @Kylechasse diversification you can have with stocks enough if crypto it’s BTC and BTC only because exactly for that reason we just saw on Arbitrum,2046604064205775217,501,False
Tuoi___,2026-04-19 18:18:31,"$BTC 
$RAVE
$ENJ
$ASTEROID
$ETH
UnPredictable Markets!
Rather lets it’s Run.
Trading Swing high/Swing Low
This Days..🤫
#cryptocurrency #bitcoin #war #IranWar‌ https://t.co/nt6yFTJNwf",2045930055285789145,344,False
lidiamoorai,2026-04-22 01:14:37,"1. CEX for ease or DEX for control? 🤔 Beginners usually start centralized, and that’s fine! But learning to self-custody is the real upgrade. $BTC $ETH",2046759548434997344,700,False
Evallis,2026-04-21 04:47:49,"@RealJackPoor If you gamble in shitcoins, you're gonna get burned. There are only TWO cryptos out there, BTC and ETH. Get on board, HODL and dont even think about it. Everything else is just noise.",2046450812008681962,71,False
jotaefeinvestor,2026-04-25 08:18:24,"Quieres invertir en criptomonedas:

🅰️
- Bitcoin
- Ethereum

🅱️
- Dogecoin
- Ripple

¿En cuál invertirías? 
¿Cuál crees que subirá de valor en 2026?",2047953360750309638,422,False
The_BitCoiner,2026-04-19 16:38:00,"STUDY BITCOIN, BUY BITCOIN AND HODL BITCOIN 🔶 https://t.co/njlmReNc3h",2045904760428003748,20983,False
bastedBC2024,2026-04-21 11:30:57,"I have no prejudice against any blockchain!

I can buy $crypto on Solana and Etherium!

So rise and be happy because it's all cryptocurrency!😁©️ https://t.co/LWNJ4Of7PF",2046552262697537560,2255,False
NoBrosCrypto,2026-04-20 09:38:24,"@yuukichan_cutie You definitely need to do whatever you are comfortable with.

But to me Bitcoin and Ethereum are the only ‘safe’ bets in crypto.",2046161550294356078,109,False
iefsafrica,2026-04-20 16:17:19,"#Bitcoin is a reserve asset, a #WallStreet product, and a quantum challenge. Consensus #Miami is where all three converge.",2046261941119676882,4184,False
Bc1VirtualRod,2026-04-20 20:52:39,"@NestaCrypto @teKa088 ""Eth holder"" en la bio. Si sos holder de algo, estas por defecto, evitando comprar otro asset con ese dinero. Puedo compararlo con lo que quiera, basicamente. Y elegí btc.",2046331231789326657,256,False
ChainComicsHQ,2026-04-21 22:08:34,"Still feels like people want alt season more than they want to read the board. I’m still BTC first, ETH second, stablecoin yield third. If your thesis needs 12 memes and a prayer, it’s not a thesis.",2046712726811021722,134,False
sats_freedom,2026-04-20 10:45:36,"If your goal is to preserve your wealth and the highest asymmetry choose Bitcoin. 

If your goal is to gamble, risk getting rug pulled, borrow conviction from an “alt season” that may never come, then go ahead and buy shit coins. 

The rest of us will be stacking the hardest money ever to exist. 

You’ll either come back to bitcoin after you get badly burned, or you’ll destroy your life trying to chase 1000x. Either way, good luck bud.",2046178461488976176,659,False
3Letters__,2026-04-20 13:03:34,"One thing I love about crypto is it can be any token. 

#BTC 
#ETH 
#SOL 
#BNB
#CRO
#XRP
#DOGE 
#PENGU
#PEPE
#ADA
#RAVE 📉
#SHIB 
#MANYU

Never know when your port might moon 🌕 ⬆️

Choose wisely",2046213182646084024,1839,False
ChainComicsHQ,2026-04-20 16:03:13,@Abdul_ELahhh BTC first. ETH second. SOL only if you want the tactical trade and can live with more chop. Hidden-token tourism usually loses to just owning the majors when the board gets noisy.,2046258396236480741,134,False
BTC_UK_,2026-04-20 10:50:25,"@MartinSLewis No abuse, but you must differentiate bitcoin from crypto.

BTC is the original, fixed-supply, decentralised money network. 

Crypto includes everything else too: Ethereum, stablecoins, DeFi, NFTs, tokens, apps, and plenty of other nonsense.",2046179677627093209,263,False
ActuCrypto_info,2026-04-21 11:36:19,"⚖️ Le marché crypto cache une vérité brutale.
👑 Le géant $BTC #Bitcoin écrase la concurrence.
🩸 Les #Altcoins comme $ETH stagnent dangereusement.
⏳ Un mystérieux catalyseur #Crypto se prépare.

Analyse sur #ActuCrypto_info ⤵️

https://t.co/ZONylHdZuF",2046553613024047460,190,False
BitcoinPulseX,2026-04-21 22:40:00,"My 2026 Bull Run prediction:

February → Bear trap
March → Bitcoin breakout
April → Altcoin season
May → New ATH around $215K
June → Bull trap
July → Liquidation cascade
August → Bear market kicks in

Keep in mind: I’ve called every major market top and bottom for over 10 YEARS.

I was one of the only people who called the top in October, and I’ll do it again, that’s literally my job.

If you still haven’t followed me, you’ll regret it.",2046720633976041708,168115,False
notthreadguy,2026-04-22 01:02:57,"my full conversation today with @cobie

01:04 offering to work at Coinbase for free
06:05 the K-shape crypto thesis
10:33 thoughts on Saylor
14:39 why UpOnly hasn't come back
22:37 the last 10 years of Crypto
44:52 trillion dollar IPOs
57:02 Cobie's legendary buy wall
1:02:57 top 5 Crypto traders of all time
1:21:20 reasons to be optimistic on Crypto",2046756611830796752,360787,False
TheBTCTherapist,2026-04-22 00:05:26,"POV: It’s December 2026, $BTC is $180,000 and $MSTR is trading at $500/share. 

Everyone told you to sell but you never did.

You just keep buying. https://t.co/ILdbBVx6jr",2046742136733794701,266457,False
SimplyBitcoin,2026-04-21 23:48:48,"GEORGE BODINE: “The biggest thing you can do to protect yourself and the network is to run a node, use something that allow allows you to be sovereign and take self custody of your Bitcoin.” 

“Get it off of exchanges.” 

“The only thing you should strive for is self custody. And if you do that, that is the best defense that we have against the securitization of Bitcoin.”",2046737948201103680,149026,False
DeFiTracer,2026-04-21 20:58:15,"🚨 BREAKING:

🇺🇸 PRESIDENT TRUMP JUST SAID DURING THE CONFERENCE:

""I WILL SIGN THE CRYPTO MARKET STRUCTURE BILL SOON IN FRONT OF WORLD LEADERS.""

SOURCES REPORT THAT THIS BILL MAY INJECT OVER $2.5T INTO THE MARKET

IF THIS HAPPENS, MARKETS WILL EXPLODE!! https://t.co/H5AJB1OvvZ",2046695028676796843,389251,False
Etherealize_io,2026-04-22 00:59:31,"Etherealize CEO Vivek Raman: The Repricing of ETH as Money Could Start Pretty Soon

""ETH is like BTC++ in that it's productive, it has yield -- which financial people love -- but also it's a store of value and used as collateral. It's basically used as money across the Ethereum economy.""

""It is an asymmetric bet that Ethereum will reprice from being valued like a technology company to becoming money. There is a potential 100x as that starts to happen.""

""It'd be wishful thinking to suggest an immediate 100x, but the repricing could start pretty soon. People now know what Bitcoin is. People obviously know what gold is. There is a need for a digital asset store of value or multiple of them. ETH is emerging more and more as that second pristine store of value asset, and we think it will become the primary one.""

""BlackRock just launched their staking ETF, so they're calling ETH a productive asset that's earning yield. Harvard just rotated some of their Bitcoin holdings into ETH. You're seeing the institutional allocations diversify, so it's starting now, and [Productive Money] is the thesis for it to really catch hold.""

Read the full report and watch the full @MilkRoad interview with @VivekVentures in the links below.",2046755747992596802,32774,False
TheCryptoSquire,2026-04-21 23:04:00,"LIKE, IF YOU WANT PRESIDENT TRUMP TO SIGN THE #XRP AND CRYPTO MARKET STRUCTURE THIS WEEK. 

TIME TO STEP UP 🔥 https://t.co/CLdnA7L071",2046726674918850687,550833,False
pete_rizzo_,2026-04-21 21:12:17,"JUST IN: SENATOR SCOTT JUST SAID LIVE ON CNBC THAT KEVIN WARSH WILL BE CONFIRMED AS THE NEXT FEDERAL RESERVE CHAIR

A PRO #BITCOIN FED. IT'S HAPPENING 🚀 https://t.co/J0SPd7696D",2046698563418083413,212502,False
BSCNews,2026-04-21 22:04:00,"MORE INFLOWS FOR CANARY'S $HBAR ETF

Canary Capital's spot @Hedera ETF has been quietly growing while the markets focus on major assets like $BTC and $ETH.

Yesterday, the product received an additional $1.35 million in net inflows.

Canary's $HBR holds nearly 1.4% of $HBAR's supply and has seen only one day of net outflows since launch, that day arriving on November 14, 2025.",2046711575663591804,1351327,False
Jackkk,2026-04-21 22:17:48,"Cobie explains how he finds the next big thing in Crypto

“I’ve never known what the next thing is gonna be, if you told me it would be pictures of apes in 2020, I would’ve said that doesn’t sound right”

“My mental model is you isolate your risk and you try novel things… instead of trying to figure out why something won’t work, you might as well give it a go”

“If you did this with Hyperliquid, you ended up a millionaire from the airdrop… same with FriendTech and buying ape pictures”

“People’s instinct is to say this is stupid and won’t work but you need to invert that and ask what if this worked?”

“Every time I see something weird, I just give it a go and try to figure out if it’s a new thing that’s gonna be important”",2046715049813893296,36614,False
aussiehaggie,2026-04-22 01:05:01,"Promote your account under this post 📝🧐

Just say &amp; Follow me 🗣️👇🧡😉

we boost you 🫵💯🔥🔥🔥🔥🔥🔥📈🚀 https://t.co/Lbbx9mdpun",2046757131383447948,44900,False
TheRealPlanC,2026-04-21 23:32:59,"I personally think Strategy will get to 5% before Bitcoin hits $1M, and will get to 7.5% before Bitcoin is at $10M. 

That's why my model has the ceiling at 10%.",2046733970532978870,214507,False
VentureCoinist,2026-04-21 22:21:39,"The full story behind the $BTC buy wall when priced crashed -50% in a single day during covid:

""MY BUY WALL WILL HOLD THE GREATEST ARMIES AT BAY. NOT EVEN TIME CAN WEATHER IT. ONE BUY WALL FOR MY CHILDREN. ONE BUY WALL TO SAVE BITCOIN. ONE BUY WALL FOR SATOSHI."" -@cobie https://t.co/HivHZ3TfuG",2046716018408464677,330238,False
VentureCoinist,2026-04-21 21:25:06,"The k-shaped crypto recovery thesis  articulated by @cobie 

""You have to detach that memecoins aren't going up or governance tokens aren't going up. It feels depressing because you can't get exposure to things that are good. Even I can't get exposure to the things that are good.

But there's a societal bull case for crypto enabling alot of stuff. And if crypto does enable alot of this stuff as more & more capital comes on chain. It's inevitable that we have another season of euphoria and fun...

The more capital that comes onchain, the more & more inevitable that appears to be.""",2046701785679810670,330238,False
Vivek4real_,2026-04-21 22:11:00,"🇺🇸 PRESIDENT OF THE UNITED STATES SIGNING AN EXECUTIVE ORDER TO MAKE AMERICA A BITCOIN AND CRYPTO CAPITAL.

THIS CHANGED EVERYTHING 🔥 https://t.co/WwuAXnoMgY",2046713336704999767,254593,False
AdamBLiv,2026-04-22 01:09:51,"Strategy is buying Bitcoin at roughly 1,297 BTC per day in 2026.

Per day.

That is about 9,079 BTC per week, the kind of number that would have sounded like a clerical error to a Wall Street analyst three years ago and a demonic omen to a gold bug in 2019.

If they simply keep that pace for the rest of this year, they end 2026 with about 1,145,796 BTC.

Then the chart gets disgusting.

Using that fixed stack alone, with zero fantasy after that point, you get roughly:

$536B at a 20% BTC CAGR in 10 years
$806B at a 25% BTC CAGR
$1.19T at a 30% BTC CAGR

And again, that chart is just the value of the stack, IF their pace stays the same til the end of THIS YEAR ONLY.

It is not giving extra credit for whatever fresh financial sorcery Strategy may still unleash over the next decade. 

It is just taking the current buying pace, finishing out 2026, and then letting time do what time does to scarce assets while the fiat world continues its beloved hobby of slow-motion self-immolation.

1,297 BTC a day means Strategy is vacuuming up supply at a pace that turns “Bitcoin exposure” into a psychiatric condition for anyone underweight.

Ten years from now, people will either understand that this was one of the most violent capital accumulation events in modern market history, or they will still be in a break room eating sheet cake and explaining why 4.3% in a money market felt more prudent.

The chart attached is what happens when a corporation decides cash is trash, scarcity is king, and hesitation is for future bagholders.",2046758348670878020,80278,False
scottmelker,2026-04-22 01:00:00,"WATCH: TECHCRUNCH FOUNDER MICHAEL ARRINGTON SAYS RIPPLE AND $XRP ARE MISUNDERSTOOD AND COULD BECOME A CORE PART OF CRYPTO, DRIVING STARTUPS, INVESTMENT, AND MAJOR ECOSYSTEM GROWTH https://t.co/7emQbN8ZBQ",2046755869493244142,1085460,False
BitcoinSapiens,2026-04-21 23:08:00,"JPMorgan Chase will now accept Bitcoin as collateral.    

From “worthless” to bank-grade collateral. https://t.co/hDxe9yCTLE",2046727681224704499,78344,False
Megatron_ron,2026-04-22 00:36:38,"NEW: 

🇮🇷🇮🇳 The Indian-flagged oil tanker ‘SANMAR HERALD’, which was fired upon by Iranian gunboats last Sunday, fell victim to a crypto scam

Reportedly, the ship was contacted by an Indian man claiming to represent the IRGC Navy. The captain then transfered a large amount of money in USDT, and was ‘granted a right of passage’.

When the vessel arrived in the Strait of Hormuz, it got fired upon by the actual IRGC Navy, who had not issued any permission for the ship to pass.",2046749989570011578,654000,False
kaitoxbt,2026-04-01 10:24:39,@arceus_eth @3look_io bro gonna be a founder?,2039287822562234623,11875,False
