user_name,date,text,tweet_id,user_followers,is_retweet
CryptoNobler,2026-04-26 11:20:10,"🚨 BREAKING

TRUMP INSIDER WITH 100% WIN RATE JUST OPENED A $28,000,000.00 OIL LONG AHEAD OF THE U.S. MARKET OPEN.

THIS GUY JUST WENT ALL-IN AFTER 12 SUCCESSFUL TRADES IN A ROW AND $93 MILLION IN PROFIT.

HE DEFINITELY KNOWS OIL PRICES WILL SKYROCKET ON MONDAY… https://t.co/tTl9pwbquh",2048361489052979447,346184,False
crypto_king34,2026-04-26 13:09:47,"🇺🇸President Trump said that he has an obligation to ensure the cryptocurrency sector stays in good shape.

He said that crypto and Bitcoin are a huge sector and we should be number one in this sector. 🚀 https://t.co/7a2Ly7Epql",2048389073555919325,171659,False
BitcoinIntelX,2026-04-26 10:47:51,"🇺🇸 PRESIDENT TRUMP DECLARED: “I WILL STAND WITH THE 50 MILLION AMERICANS WHO OWN CRYPTO AND DEFEND THEIR RIGHTS.”

I’M COMMITTED TO MAKING SURE THE NEXT ERA OF BITCOIN AND DIGITAL ASSETS IS BUILT IN THE UNITED STATES.

AMERICA IS ON TRACK TO BECOME THE GLOBAL HUB FOR CRYPTO. https://t.co/3BoW9hUihP",2048353357954183597,45483,False
Rajatsoni,2026-04-26 13:19:08,"Bitcoin is not crypto

Bitcoin is worth $1.56T

The total crypto market cap is $2.6T

Bitcoin is 60% of the total crypto market cap

The top 7 cryptocurrencies after Bitcoin are worth $802B in total (77% of the total mareket cap of coins OTHER than Bitcoin):

#1: ETH: Why the hell would you save in something with no supply cap?

#2: USDT: I buy Bitcoin to get out of USD + unlimited supply

#3: XRP: Majority held by a single institution, insiders never buy - only sell, missing first week of ledger history (anyone who argues against this doesn't have any accounting knowledge)

#4: BNB: The person who runs it owns the majority of the supply from what I know, I don't want to hold a coin that someone else has almost full control of

#5: USDC: Again, I don't want US Dollars 

#6: SOL: Again, unlimited supply, and I want nothing to do with that

#7: TRX: Majority held by insiders, I don't want it

Everything else (~20M coins) is worth ~$300B

If the top 7 altcoins are bullshit, then how much worse are the next 20 million?",2048391430641512586,136315,False
TedPillows,2026-04-26 11:07:00,"▫️ Jan 2014: Janet Yellen became Fed Chair

$BTC dumped 84%.

▫️ Feb 2018: Powell became Fed Chair

Bitcoin dumped 73%.

▫️ May 2022: Powell got 2nd term

BTC dumped 61%

Now, Kevin Warsh is expected to become Fed chair next month.

Will history repeat again, or is this time different?",2048358175607279884,290434,False
TonySeverinoCMT,2026-04-26 13:27:20,"Well said

This is why I believe Bitcoin is going through an identity crisis

It was supposed to be decentralized and anti-gov, anti-institution

What do you see?

One man owning a massive chunk of the supply and using it for financial gain and re-productizing it

Lots if government suits with their hands in the pie

It lost its purity and is tainted by the same system it was supposed to allow us to opt out of

It is heart-breaking for Bitcoin, IMO

I don't think this was Satoshi's vision for it. Nowhere in the white paper does it say it wants to be aligned with the White House, BlackRock, etc. 

It aimed to be peer-to-peer digital cash

Even the user-base. Once a upon a time, there were guys like Andreas Antonopoulos volunteering blood, sweat, and tears into teaching others about Bitcoin

Now its a cult of people hating on anyone who thinks differently than them – no purity or love anymore

This is only one way Bitcoin's identity has taken a hit. The Digital Gold narrative is also dead

All that's left is for price to not perform as well as the past, and what's the point? We are already approaching that reality

Scarcity is not enough. Past performance doesn't guarantee future results. Environments and narratives change. Models break",2048393490808049805,47278,False
0xSweep,2026-04-26 12:52:30,"This was probably the worst way to lose $150,000 ever

In July 2022, an NFT whale called Franklin, the seventh largest Bored Ape holder at the time, registered an Ethereum Name Service domain called ""stop-doing-fake-bids-its-honestly-lame-my-guy.eth""

It was meant to be a meta joke about people creating useless ENS names just to bait a Twitter bot into tweeting fake high bids on them

To pull the joke off, he placed a 100 ETH bid on his own domain from a second wallet, which was worth around $150,000 at the time and the bot ended up tweeting it

Then a guy called 8892 placed a real bid of 1.89 ETH (~$2,800) on the domain

Franklin accepted, went to Twitter to post ""the most surprising 1.891 ETH I have ever made"" and then completely forgot one detail

His own 100 ETH bid was still active

Fifteen minutes later, 8892 accepted that 100 ETH offer, instantly selling the domain back to Franklin for $150,000 and walking away with a clean 97.5 ETH profit

Franklin tried sending the 1.89 ETH back as a goodwill gesture hoping the buyer would reverse it

8892 just tweeted ""I ripped this guy off for 100 ETH and he just sent me another 1.9?""

Franklin posted ""Oh no, I lost 100 ETH. This will be the joke and bag fumble of the century. I deserve all of the jokes and criticism.""

A guy who owned 57 Bored Apes worth millions got rinsed because he couldn't remember to cancel his own joke",2048384726507966881,245850,False
Booksey,2026-04-26 11:27:08,"Today’s work office

Bitcoin and the rest of the market looking great

Can’t complain

Good morning https://t.co/Wl3HjgpCk4",2048363243718980037,147664,False
WOLF_Bitcoin_,2026-04-26 12:30:00,"🚨 401 Financial CEO Tyrone Ross Jr. said:

“Morgan Stanley getting into Bitcoin is huge.""

“They have a large advisor base.

Huge scale and ultimately there’s the possibility for an ETF to end up in model portfolios.”
https://t.co/2kqN8cPgli",2048379063149183113,86754,False
CryptoGodJohn,2026-04-26 12:41:36,It’s going to be a crazy next few weeks / months,2048381984737522057,870398,False
Bitcoin_Teddy,2026-04-26 11:06:00,JK Rowling is a savage 😂 https://t.co/gJjQzbxirL,2048357923944821029,89267,False
VoidReader_,2026-04-25 18:39:26,"$322,237 net profit on 5-minute Bitcoin markets

41,589 predictions made with a 54% win rate

The best trade brought $12,134 from $4,094

Most of his positions are opened around the ~40% range

Wallet: 0x3a847382ad6fff9be1db4e073fd9b869f6884d44",2048109648084152693,730,False
CryptoVikings07,2026-04-26 12:49:12,"A lots of altcoins chart are at the verge of breakout

They are waiting for bitcoin to take the first step

$BTC's next move would decide the breakout",2048383895226417650,65057,False
AshCrypto,2026-04-26 13:28:18,"BREAKING:

Saylor hints buying more bitcoin this week.

“The ₿eat Goes On.” https://t.co/WeWL4hgZaH",2048393735914897638,2152216,False
ImCryptOpus,2026-04-26 13:02:59,"📊 Market Overview: 

$BTC : $77838

$ETH : $2328.68

$BNB : $631.05

$SOL : $86.08

📈 Market Cap : 

Total : 2.68T

#DeFi : 87.14B

24hr Vol : 50.87B

⚡ Sentiment : 

FGI : Fear (33)

Open Interest : 56.47B

24h Liquidation : $91.8M

#crypto",2048387366012772557,20325,False
TedPillows,2026-04-26 11:07:00,"Ethereum Foundation has unstaked $48,100,000 in $ETH.

Are they planning to sell more Ethereum? https://t.co/BgdBJ3INSL",2048358175498293481,290434,False
eth_exy,2026-04-26 12:40:41,Sell in May and Go Away.,2048381751257686278,64397,False
CryptoGodJohn,2026-04-26 12:39:48,gMaga.,2048381529319993691,870398,False
BTC_for_Freedom,2026-04-26 11:16:36,Bitcoin is for everyone.,2048360593434841154,124853,False
usd_xau_btc_jpy,2026-04-26 12:36:31,"ビットコイン【爆益相場】到来。

週明けから爆発するBTCは仕込むなら今
久々に8桁ぶっこむかも。

そのくらい半端じゃない相場きてる。

知りたい人いる？
#BTC  #Bitcoin https://t.co/J1BxHXNygn",2048380705525338124,2025,False
coinbureau,2026-04-26 12:10:00,"🚨 VITALIK'S ETHEREUM FOUNDATION UNSTAKES $48.9M $ETH, SELLING NEXT?

The Ethereum Foundation is unstaking $48.9M in $ETH, moving WSTETH through Lido’s unstaking process, per Arkham.

Once unlocked, this ETH becomes fully liquid, raising questions about potential selling pressure.",2048374029732712466,1099878,False
coinbureau,2026-04-26 11:10:00,"🚨JUST IN: Bitcoin is about to close its 4th consecutive green weekly candle, up +5.64% this week alone to $78K.

This marks BTC's longest weekly winning streak since May 2025, nearly a full year ago.

Bitcoin has now rallied +25% from its ""Iran War"" low of $62K.

The ""Ceasefire Rally"" has added roughly $15K in just 4 weeks.

From peak to trough, $BTC lost ~53% of its value in roughly 4 months.",2048358930225697085,1099878,False
BitcoinNews,2026-04-26 13:05:00,"🇺🇸 Fed chair nominee Kevin Warsh affirmed this week that ""digital assets are already part of the fabric of our financial services industry in the United States.""

🎙️Warsh also said, AI is reaching ""escape velocity,"" pressing the Fed to revisit its models on prices. 👇 https://t.co/2dAb278buy",2048387871292137956,3273743,False
TATrader_Alan,2026-04-26 12:56:04,"$BTC.D/weekly

#Bitcoin Dominance just pushed even higher and literally wiped out the bearish flag on the weekly, a clear sign that strength is rotating back into $BTC.

Is this only the opening act?

❇️ Honestly, it’s not a bad setup if it’s pulling new liquidity into crypto. More money in the arena usually finds its way into alts later.

Phase 1: Bitcoin dominance climbs, fresh capital rolls in 💥
Phase 2: $ETH starts to close the gap
Phase 3: The large caps wake up
Phase 4: True altseason

Stay patient. Let #Bitcoin carry the load first 🚀

@Micro2Macr0 , @cantonmeow what do you think?",2048385625305514104,77524,False
cryptorover,2026-04-26 07:06:00,"🇺🇸 President Trump: 'I have an obligation to ensure the crypto industry does well'

$TRUMP coin is down -97%... https://t.co/uYZwIBG6tF",2048297525518483887,1569747,False
cryptorover,2026-04-26 12:14:20,"THIS BREAKOUT WILL TRAP A LOT OF TRADERS! 

Bitcoin just broke an important trendline from the all-time high levels.

Most traders are flipping bullish.

But the same thing happened in 2022.

We saw an extension, then consolidation, then another major dump and bottom in Q4.

Something similar could play out for $BTC again.",2048375120297967952,1569747,False
TheCryptoSquire,2026-04-26 12:04:00,"✈️ CRYPTO TAKES FLIGHT ✈️

Emirates moving into crypto isn’t hype… it’s positioning. Global payment giants are preparing for what’s next.

Speed, liquidity, cross border… this is where $XRP wins. 🚀 https://t.co/aMJmEUB7Ja",2048372520055926877,550833,False
TedPillows,2026-04-26 10:10:36,"Large liquidity clusters are building to the downside for $SOL.

There's one short-side liquidity cluster too, above the $90 level.

Solana has been showing weakness lately compared to Bitcoin, so any correction in $BTC will be bad for SOL. https://t.co/rrjFN5M4od",2048343981092647160,290434,False
itsFoxCrypto,2026-04-26 12:11:00,"My current #memecoin BAG ✍️

1- #PEPE 🐸
2- #SHIB 🐕‍🦺
3- #PENGU 🐧
4- #FLOKI 🐾
5- #DOGE 🦮
6- #TRUMP 🇺🇸
7- #JUP 🪐
8- #RUNE ⚡️
9- #PI #⃣
10- #WIF 🐶

Any other #crypto I should add?? 🧐",2048374281239765061,178784,False
MaxCrypto,2026-04-26 11:25:33,Are you prepared for this $BTC scenario? https://t.co/G1ji0JZ8Li,2048362845197435314,138525,False
Thebitcoinway_,2026-04-26 13:00:01,"If you want to feel calm and relaxed in a chaotic world you could try therapy ...

Or you could just hold #Bitcoin https://t.co/8tKYhK3z4H",2048386619032657996,15886,False
scottmelker,2026-04-26 13:03:42,Building The World's Biggest Bitcoin &amp; Crypto Exchange Then Losing Everything | Full Podcast Out Now w/ @cz_binance 👉🏼 https://t.co/3tGTwOui1N https://t.co/dKmIT6UucC,2048387544241287554,1085460,False
iAmFAMZo,2026-04-26 12:01:08,"$VOLT ⚡️⚡️⚡️ #VOLTINU #VOLTIECO 
#VOLTIFLEX #VOLTARMY #VOLT#Crypto ICARD #VOLTICHANGE  @VDSC_Official #Sparkbot @OnchainEU $Shib $Leash #1000xgem $Doge #Bitcoin $BTC $Eth $Xrp $Bonk $Floki #SHIbARMY $Pepe $BNB #BitcoinETF $Melania #1000x $BTC #Crypto $Trump $Molt
#MemeCoinSeason #BULLRUN2025 $BabyDoge #Coin",2048371799503655312,90786,False
Cointelegraph,2026-04-26 11:30:24,🔥 HUGE: Strategy has more $BTC than Blackrock's IBIT. https://t.co/aEzFmCXMGt,2048364066859610197,2933462,False
plumenetwork,2026-04-23 18:12:40,"Today we submitted to the @SECGov Crypto Task Force:

Plume GC @banamlas's testimony from the 3/25 @FinancialCmte tokenization hearing + 16 recommendations to unlock US onchain capital markets.

Reg ATS, UCC Article 8, onchain funds, transfer agents, and more.

Links below 👇",2047378136795652598,902831,False
SwapHunt,2026-04-26 12:00:43,"Good afternoon Crypto Fam ☕

ETF inflows running strong, but derivatives traders are leaning short.

$BTC $78,101 (+0.5%)
$ETH $2,335 (+1.0%)
$BNB $632 (-0.3%)
$SOL $86.48 (+0.1%)
$XRP $1.43 (0.0%)

Bitcoin has absorbed roughly $1 billion per week in spot ETF inflows since late February, even as funding rates stay negative - short-sellers are loading up while institutions keep buying.

Yet price sits below both key realized price walls at $82K and $91K.

Regime check:
• Above EMA
• Fear at 33
• On-chain resistance building overhead while structure holds below supply zones

Participation looks selective - institutional flow is real, but it has not been enough to clear the resistance cluster that starts around $82,000.

Question now:
Does institutional demand trigger a short squeeze through $82K...
or does on-chain resistance absorb the buying and stall the move?",2048371695069663346,3827,False
misterrcrypto,2026-04-26 12:41:00,"Bitcoin is testing this resistance. 

We need a weekly close above this level to keep pushing higher. https://t.co/JmoUPRT5Vp",2048381830949453911,140024,False
misterrcrypto,2026-04-26 11:22:00,$BTC is likely to have one more leg down before we establish a bottom &amp; reverse this trend. https://t.co/lHzwldfPBP,2048361949981823085,140024,False
voided,2026-04-26 11:15:00,"""Crypto isn't stressful""

A 22-year-old Crypto holder: https://t.co/rX1TmuP7kH",2048360188449550489,89014,False
CapitanBitcoin,2026-04-26 11:00:43,"Feminista española dice que si una mujer se acerca a su pareja en una discoteca la culpa es de él y lo deja. España se ha convertido en un infierno para las relaciones de pareja sanas, con la tasa de natalidad más baja de toda Europa. https://t.co/kdr0XAMzbx",2048356596179255693,568000,False
Crypto__Haris,2026-04-26 12:11:42,"Have you noticed that? For the last few days, the market has been pumping dead coins. They are not pumping trending coins, but they choose dead coins.

Fake pumps are too risky, so be careful, everyone.

$AXS $APE $HYPER https://t.co/oisrg9ZISj",2048374460076720457,17153,False
BSCGemsAlert,2026-04-26 11:29:41,"Which #crypto project has the best community?

Ranking time!
🥇：
🥈：
🥉： https://t.co/7q1IZFQssg",2048363885955280975,504859,False
CryptoRowenta01,2026-04-26 12:53:37,"Privacy isn't dead. It's being rebuilt from scratch. $XEL, $NOX and $SAL each attack the problem from a completely different angle. That diversity is the point.
Independent fundamental analysis. No paid promotion. DYOR.
https://t.co/wLlbkWKOQZ
#privacy #lowcap #ZKproof https://t.co/e343uhkYdY",2048385008755245066,2284,False
TheCryptoSquire,2026-04-26 11:04:00,"⚖️ CLARITY ACT MOMENT ⚖️

Senator Cynthia Lummis says the CLARITY Act has bipartisan backing and presidential support. 

This is the window the crypto industry has been waiting for. 

The future of crypto starts NOW 🚀 https://t.co/2LriLY0TSR",2048357420557328868,550833,False
Yennii56,2026-04-26 13:01:36,"I am up 6 figs trading ETH coins in the last 24hrs 

We are truly in the best market possible 

Infinite opportunities",2048387015054680217,120581,False
BitcoinFear,2026-04-26 13:00:06,"Bitcoin Fear and Greed Index is 33. Fear
Current price: $77,820 https://t.co/zn57b4wf6v",2048386639685193982,777036,False
Crypto_Pranjal,2026-04-26 11:27:32,"Just Contributed To The DeFi Recovery Fund.

Sent some ETH to defiunited.eth to support rsETH recovery after the KelpDAO / LayerZero incident.

It’s a coordinated relief effort led by Aave with multiple protocols and contributors coming together to help restore rsETH backing and stabilize the market again.

The funds collected (ETH + stables) are used to support the recovery process and improve backing, so things can normalize across chains.

✅ If interested, you can donate here: https://t.co/ZPxuxkI9Ay

Any amount works, even $1. Just make sure to send ETH or stablecoins on Ethereum mainnet only.

Good to see DeFi stepping up together.",2048363345477349407,185285,False
LucilaPedr20217,2026-04-26 13:07:16,"Forget the “trade like a pro” pressure—us regular folks have our own style. Follow @natashaajade1 for live trades that fit our lives.📈🚤🧶🐟⏬

stock Crypto NASDAQ 
#TechnicalAnalysis #NVDA
 $LCID $ARQQ https://t.co/CzegrXfQoV",2048388441956651199,0,False
prideveteran1,2026-04-26 13:12:20,"- TCMB  faizi sabit bıraktı. #Bist te görünüm nasıl?

- ABD'de ""trend boğaların kontrolünde"" yazmıştık. #NASDAQ ta 1 günde %30 ve son dönem %300 artan ETF'ler var.

- #Bitcoin'da durum ne? #Altın ve #Gümüş için CMA teminat azaltımı nasıl yansır?

Link: https://t.co/cwxrq4TZhd https://t.co/qBtoffm5PB",2048389716945293634,142573,False
keenn_eth,2026-04-26 12:23:41,"Next week Sunday is Father’s Day but I decided to celebrate my father today.

Today i got him a 2024 Mercedes Benz AMG G 63 

My father was the only one I had while growing up and I am so happy he is alive to witness my success.

Congratulations to him 🎉🎉🎉 https://t.co/x5S0mnUM7x",2048377476162752775,17448,False
ChristianN48714,2026-04-26 12:22:19,"To all my regular investors: You don’t need fancy tools to trade well. Follow @natashaajade1 for live trades and copyable strategies that use simple tools.🐏🍗

stock Crypto ARM
#GapUp #AMZN
 $CVX $CRWV https://t.co/MsAZR3WLGd",2048377132145864775,0,False
BTCNewsGlobal,2026-04-26 10:49:05,NewS: The BTC ETFs saw net inflows every single day this week with over $823M in weekly net inflows. https://t.co/WVL6W13gp4,2048353665627340975,116544,False
AnchorNode,2026-04-26 13:24:02,"满眼游丝兼落絮，红杏开时，一霎清明雨。

4月这波行情，大概就是这种感觉。

前一秒还春风得意，后一秒就黑云压城。

BTC 刚冲起来，宏观消息一落，市场立刻翻脸。  

熬夜盯盘、频繁做短的人，应该都懂这种窒息感：

你以为自己在抓机会，其实大多数时候，是在给波动交学费。

我也是这么被教育过来的。

那段时间天天盯盘，短线没做明白，头发先掉了，本金也越磨越薄。  

爆仓那晚，我想明白一件事打不过，就别硬打。

于是我开始在 @Bybit_Official 上研究跟单。

但实盘交了几千U学费后，我发现：

很多人不是不会跟单，是一开始就把跟单这件事理解错了。

如果你只是按收益率排行榜选人，  
那不是跟单。是去给别人当燃料。

我后来复盘，真正最坑人的，不是方向错了。  
而是你跟了一个看起来很稳的人。

尤其是那种：

- 胜率特别高
- 曲线特别顺
- 最近收益特别炸

刚开始我也信过。

结果一波急跌下来，对方死扛不止损，前面所有漂亮数据瞬间失真。

后来我才看明白：

很多高胜率，本质上是小赚就跑，亏损死扛

只要亏损单一直不平，账面胜率就能一直好看。

震荡市里甚至真能做出百战百胜的假象。  

可一旦遇到单边行情，先蒸发的往往不是他，是你。

所以现在我选带单员，不先看收益。

第一，看最大回撤。  
这是最真实的底色。

收益可以包装，胜率可以修饰，回撤骗不了人。

我的标准

30天最大回撤超过20%，直接拉黑。

因为这意味着他不是在稳定交易，  
而是在拿未来的风险换现在的数据。

第二，看稳定性。  
我现在越来越不信短期翻倍。

市场最不缺的，就是一时风光的人。  
真正稀缺的是：

- 波动可控
- 曲线稳定
- 能穿越剧烈行情
- 能长期留在牌桌上

第三，看风险收益比。  

同样是赚钱，有的人靠系统，有的人靠赌命。

前者能复利，后者迟早归零。

但说到底，选对人也只是一半。

另一半，在你自己手里。

很多人以为找到一个厉害的带单员，后面就可以躺平。  

真正决定你能不能活下来的，是你自己的参数设置。

我现在最重视两件事：

一是用进阶跟单，把风险锁死。  
尤其是自定义保证金、杠杆上限。

你永远不知道带单员下一笔会不会突然上头。但你可以提前把自己的风险封顶。

这是防火墙。

二是一定要设追踪止损。  
币圈里很多利润，最后都不是亏在没赚到，是亏在赚到了却没带走。

我的习惯是，只要账户利润拉起来，就把退出线提前写死。

这样做很简单：

- 行情继续走，我继续拿
- 行情一反转，我自动撤

利润没落袋之前，都不算真正属于你。

一键跟单从来不是什么暴富魔法。
它本质上是投资组合管理。

带单员负责冲锋。  
你自己，必须负责风控。

用数据筛掉伪神。  
用参数锁死底线。  
用规则保住利润。

市场最终尊重的，从来不是最激进的人。

而是最清醒的人。",2048392661745471569,5785,False
alicegrace22244,2026-04-25 10:29:37,"Choose one to save you 👋🎉

$Bitcoin 
$Ethereum
$BNB
$Solana https://t.co/OMWZwLqpS9",2047986381033521518,2008,False
ATHCryptfh,2026-04-26 12:52:42,"ビットコイン一本でドカン落ちたね👍
寝る前に30,000円利確しちゃった^_^
#BTC https://t.co/Umxdn9YY5c",2048384778387476785,7642,False
RichardsLe6015,2026-04-26 12:58:38,"Want to grow your portfolio without the stress of constant monitoring? Follow @natashaajade1 for live trades, copyable strategies, and steady gains. Perfect for busy regular folks.💼🚀🥶

stock Crypto ARM
#MarketUpdate #MarketWatch
 $DUOT $GME https://t.co/l8wfMSHVOP",2048386270221791359,0,False
R38TAO,2026-04-26 12:40:47,Mais de 100 btc em doações em menos de 48h não foi ruim.,2048381777698316705,123466,False
usd_xau_btc_jpy,2026-04-26 13:01:44,"#BTC  「ロング」エントリー

#Bitcoin「ロング」エントリー

#ビットコイン「ロング」 エントリー

※大事なことなので3回言いました。

少額から稼ぐならココ
TP/SL知りたい人反応してくれ👍

3連勝狙うぞ。 https://t.co/0Ce2hGf5y7",2048387049309479162,2025,False
CryptoTony__,2026-04-26 12:55:00,"🚨 JUST IN: 🇯🇵 BANK OF JAPAN JUST OFFICIALLY CONFIRMED A 1.00% INTEREST RATE HIKE IN JUNE

MARKETS PRICING IN A 90% CHANCE, FOR THE FIRST TIME IN 31 YEARS

LAST TIME THEY HIKED INTEREST RATES, STOCKS AND $BTC DUMPED 15% IN JUST A FEW WEEKS

IF THIS HAPPENS, MARKETS WILL LIKELY DUMP ONCE AGAIN...",2048385354349044043,567083,False
davidgua_eth,2026-04-26 13:15:56,"🚨 $GWEI AIRDROP IS LIVE 🚨

https://t.co/OXDOxhNTcJ

All that gas you used on Ethereum? It’s finally paying off.

Eligibility is based on your historical gas spending on the ETH mainnet. Your proof of pain is now your proof of rewards.

You qualify if you:
→ Hit the Gas ID threshold
→ Shared your Gas ID on X
→ Joined the Open Gas Initiative

Dabbled in the ecosystem? Even better:
✅ Bridge users
✅ dApp interactions
✅ Token holders

Gasless Future rewards those who endured the gas past.

Go grab your bag!  
$SYRUP $TAO",2048390621778391090,269098,False
coinbureau,2026-04-26 13:25:11,"🟠SAYLOR'S ORANGE TRACKER IT OUT AGAIN

Michael Saylor hinted at another Bitcoin buy, posting “The ₿eat Goes On”.

How much will he buy this week? https://t.co/ovwaF9jcIL",2048392949462085983,1099878,False
naiivememe,2026-04-26 02:49:01,When you’ve been in Crypto more than 5 years  https://t.co/O0WXXZy7Q1,2048232853402726581,344212,False
not_dxvid,2026-04-26 12:27:06,"it’s easy to assume $Buttcoin is just another random “body-part” meme. It isn’t.

buttcoin is one of the oldest pieces of crypto culture older than meme coins, older than Dogecoin and deeply intertwined with Bitcoin’s own history. 

as long as Bitcoin exists, buttcoin is relevant https://t.co/iXqUvyrydN",2048378334044713360,101,False
dajingou1,2026-04-26 12:39:42,"#BTC #ETH

币中：PIPPIN

方向：做多

入场区间：0.0275-0.0283

止损0.025

目前这个位置，K线形态，大户明显在吸筹码，而且上方有上千万空军流动性！

另外，这个代币很明显他曾经有很大的名气！

同时网站观察数据，持仓量暴涨，说说短期内有大资金在买入！

这个时间做多，盈亏比非常好！

亏也亏不了多少，已经买入多单！",2048381506008346948,81199,False
btc_life_jp,2026-04-26 11:29:51,"🇺🇸 アメリカのBitcoin戦略、スピード感がヤバすぎる…！  

昨年、テキサス州のStrategic Bitcoin Reserve法案で大騒ぎしてましたが
→ Texas SB21（2025年6月成立）  
→ 2025年内に約500万ドル相当のBTCをETF経由で購入済みです🔥  

さらにNH（ニューハンプシャー）とAZ（アリゾナ）も2025年5月に続けて成立！  
他州もReserve Race真っ最中です。  

📊 最新データ（2026年4月時点）  
・全米327件のデジタル資産関連法案  
・290件が現在アクティブ  
・18件が成立済み  

Bitcoinはもはや「投機」じゃなく、国家・州レベルの本気の戦略資産になってきてるのが分かりますよね？^_^",2048363924857479282,2647,False
mahin_trades,2026-04-26 07:51:38,"$BTC 

My short is still active with stops at 81.5k ( soft )

imo, we will get a push and then dump to 75k soon https://t.co/DMP24SXlzq",2048309010604904775,8792,False
seth_fin,2026-04-26 11:55:15,"Unbelievable 

$BTC has gone from 65K to 79.5K with hardly any pullbacks and still the funding is negative and retail just keep on shorting.

Estimated:
$4,480,000,000 in shorts liquidated at 83K Bitcoin.

$5,000,000,000 in longs liquidated at 73K.

Seems like there are a lot of traders shorting and waiting for a pullback. I wonder what MM wants to do next.

What do you think?

This is an unbiased report of the estimated liquidation levels.",2048370318926843982,93396,False
cryptorover,2026-04-26 08:56:00,"INSANE: 

President Donald Trump is reportedly considering to punish Spain, Italy, and the United Kingdom over their stance during the US-Iran war.

A leaked Pentagon memo even floated the idea of suspending Spain from NATO. https://t.co/vWYO0R1eOJ",2048325208029704328,1569747,False
TSLA_Bitcoin,2026-04-26 11:44:04,"마라톤, 새로운 세계 신기록 1:59:30

케냐, 사바스티안 사웨
42.195km 2시간벽 허물다! 😱

100m를 16.99초 속도로 계속 뛰는 거고,
1km 평균 페이스는.. 2분 49초.. ㅎㄷㄷㄷㄷ

인간 맞나!!?? 😱 https://t.co/5mrdmqafDb",2048367505408926112,21147,False
cryptorover,2026-04-26 10:42:48,"Massive US airlift to the Middle East continued overnight. 

US/Iran Negotiations COLLAPSED. 

This does NOT look promising. https://t.co/k9OFB7GPAn",2048352086828450086,1569747,False
CryptoTice_,2026-04-26 07:30:00,"MASSIVE:

The Fed just announced a $7,587,000,000 injection.
Tomorrow.

Not next week. Not next quarter.
Tomorrow.

Governments don't inject this much liquidity for no reason.

They inject it when something is breaking.
Or when they're preparing for something big.

$7,587,000,000.
One day.

Be positioned before the money hits.",2048303566599717121,317621,False
MaxCrypto,2026-04-26 10:06:44,"THIS IS INSANE.

$ETH current fractal is looking exactly like the April 2025 bottom.

What if ETH pumps to a new ATH from here? https://t.co/vfSB8z5zrL",2048343010463871410,138525,False
CryptosR_Us,2026-04-26 11:15:00,"🇻🇳 VIETNAM LAUNCHES REGULATED CRYPTO MARKET  

100 million people. One of the world's most active crypto markets just went regulated.  

 $220 B+ in annual transaction volume currently flowing through offshore platforms. 
Vietnam wants it onshore. https://t.co/2IetoqEeed",2048360188256879074,302801,False
davidgua_eth,2026-04-26 13:03:30,"That $ETH you thought slipped away? It's still there.

Every token purchase keeps a little bit of your ETH tucked away in a hidden wallet.

https://t.co/sZV0UpUFMo

Loads of traders have HUNDREDS of these just sitting idle, totally missed.

That ETH you assumed was lost? It's just hanging out, ready for you to grab it back.

etH Incinerator takes 2-5%
Terminals take 1%+

etH Reclaimer:
→ Scan any wallet 
→ Just a 0.5% fee
→ Referrals drop it to 0.375%

See how much you can claim 👇
$RVV $SATS",2048387494798852377,269098,False
SimplyBitcoin,2026-04-26 12:30:28,"The market doesn't reward the smartest people in Bitcoin.

It rewards the most patient ones.",2048379182875345057,149026,False
Crypto_TownHall,2026-04-26 12:34:07,"ETH foundation is unstaking $49m worth of ETH

When will this stop? https://t.co/mDNfbp0ty9",2048380098210894037,104597,False
crypt0_me,2026-04-26 12:46:14,"$BTC

مين  بيعرف شو إسم هذا النموذج ؟؟ https://t.co/SEAuJhj9Ju",2048383147830878368,80209,False
WuBlockchain,2026-04-26 11:58:17,"Mike Novogratz: U.S. CLARITY Act Could Advance in May

Galaxy Digital CEO Mike Novogratz said the U.S. CLARITY Act will likely be finalized in May and could be signed into law by June, providing clearer regulatory frameworks for the crypto industry and opening access to global users. Galaxy’s head of research Alex Thorn estimates a 50% chance of passage in 2026, warning odds may drop if the bill fails to advance by mid-May.",2048371083263213778,555254,False
BitcoinNews,2026-04-26 12:00:01,"Two hours of gig work used to cost $50-$60 in fees to get paid.

@AMINABankGlobal CPO Myles Harrison tells @2084Richardson why corporates are starting to pay contractors in stablecoins — and why the $60 wire fee might be dead. @ParisBlockWeek

https://t.co/25slJj7pDC https://t.co/i6UXxeUqdV",2048371518208368920,3273742,False
naira_rates,2026-04-26 11:00:07,"Avg. | Sun 26 Apr, 2026 • 11:00 AM

🪙 1 ETH ⇛ ₦3,513,342.060
🪙 1 BTC ⇛ ₦117,468,345.180
🪙 1 SOL ⇛ ₦130,238.640
🪙 1 USDT ⇛ ₦1,388.010
🪙 1 USDC ⇛ ₦1,388.610

Get Business and Individual USD, CAD, USDC, USDT accounts and convert to Naira at https://t.co/EKHjKysg0a",2048356443762405825,471177,False
RippleXrpie,2026-04-26 11:01:04,"🚨NEW: ""Crypto is a BIG INDUSTRY that has become MAINSTREAM!"" — 🇺🇸 President Trump

CLARITY ACT ⏳ https://t.co/876PSKO31t",2048356682116251905,464162,False
aussiehaggie,2026-04-26 11:56:02,"How many followers do you need today?🫵💭✍️😉🧡

watch your numbers🧐📈🚀

we follow you 🤝💯💥💥💥💥💥💥💥💥 https://t.co/X9GKj0zqxn",2048370516004843994,44900,False
DailyStackHQ,2026-04-25 11:59:58,"@CryptoMichNL Bitcoin.
Over and over again.
It's Bitcoin.",2048009119009837188,1695,False
aussiehaggie,2026-04-26 11:28:05,"Follow @Abraham85429537 ✅💯🔥🔥
He's active and follows everyone back.🤝2️⃣3️⃣👏🫂🥇😉🧡📮🎲🥠🐛

I like someone who is very active in my post.🔥😘 (Comment & Retweet & Like) Chances are high to be the winner.🥇
I pick 4️⃣0️⃣of my active reply guys every day and upload their accounts to my timeline.
Even if you've been on the timeline, it can be uploaded again to my timeline🔁😉",2048363482765205969,44900,False
BCryptodinero,2026-04-26 13:03:09,"Noticias Cripto Candentes: Trump, Fed, Ethereum y Mercados Globales - 26 de Abril #CriptoNoticias #Bitcoin #Ethereum #Trump #Fed https://t.co/sPFG6qnx5f",2048387406311665958,19372,False
ChrisCa76642661,2026-04-26 12:53:56,"🚀 Bitcoin (BTC) is at $77,869 
24h: 0.37% • Market Cap: $1558.41B

Live chart: https://t.co/8C780qq2Y4

#Crypto #Bitcoin #Ethereum #BaseChain",2048385087163507077,1509,False
aussiehaggie,2026-04-26 11:39:29,"Follow @Poundsgroup001 ✅💯🔥🔥🔥
He's active and follows everyone back.🤝2️⃣5️⃣👏🫂🥇😉🧡⛏️📮⁉️🍼

I like someone who is very active in my post.🔥😘 (Comment & Retweet & Like) Chances are high to be the winner.🥇
I pick 4️⃣0️⃣of my active reply guys every day and upload their accounts to my timeline.
Even if you've been on the timeline, it can be uploaded again to my timeline🔁😉",2048366349316198757,44900,False
davidgua_eth,2026-04-26 12:25:38,"ETH fees sting, but they’re about to become something valuable. 

$ONDO SUMMIT. BLACKROCK. 10% of supply as XAUT & SLVON.

🔥 TOKENIZED GOLD & SILVER LIVE 🔥

https://t.co/YUTTvsiQv3

Top players in finance are gathering for this tokenization event.

Eligible:
✅ $ONDO holder
✅ Ethereum fees contributor
✅ DeFi participant
✅ On-chain presence

Just one interaction is all it takes.

10% supply = tokenized gold & silver for you. 
Turn ETH fees into real $XAUT $SLVON.

I’m seeing claims ranging from $500 to $15,000.

Your share from the 10% pool is waiting.
Stack up on digital gold. Earn daily rewards.

Don’t sleep on this 👇",2048377963310166300,269098,False
aussiehaggie,2026-04-26 11:40:51,Pay with crypto &amp; Get a $20 bonus for BTC mining https://t.co/uACuH1iV87,2048366693513355473,44900,False
crypto_economy,2026-04-26 13:00:01,"📊 ETF redefinen el pulso del mercado

Los flujos hacia ETF spot de Bitcoin ganan protagonismo como posible factor clave en la dirección del mercado cripto.

📰 Artículo completo:

https://t.co/iNxLn2CdFp",2048386616117383345,6110,False
javedahmedhere,2026-04-26 12:00:04,"🧿 4H Crypto Snapshot

🟡 BTC $78,114 ⬆️0.6%
🟣 ETH $2,336 ⬆️1.0%
🟠 BNB $632.70 ⬇️0.3%
🟢 SOL $86.53 ⬆️0.2%

😨 Fear &amp; Greed: 33 (Fear)
➡️ Market flat | ETH leads +1.0%
Market slightly green... cautious optimism 📊

#Bitcoin #Crypto #Web3",2048371528967041192,76,False
0xCan24,2026-04-26 11:18:23,"quantum computing is going to break the cryptography securing your wallet

@quipnetwork is building the wrapper that protects ethereum and solana before that happens

most of crypto still treats this as a 2030 problem

$QUIP is positioning for when it isn’t https://t.co/zVxz5fjukf",2048361041017401384,20912,False
BankXRP,2026-04-26 13:16:58,"CME Group just released their latest crypto highlights, covering everything from the legacy leaders to their newest additions. 
See how the suites performed:

Bitcoin | $378B
Ether | $155B
Solana | $21B
XRP | $13B
Chainlink | $68M
Cardano | $29M
Stellar | $19M

Dive into the data here: https://t.co/6EETCjQfwR",2048390883368653195,273812,False
TrendingBitcoin,2026-04-26 12:03:00,BlackRock has labeled Bitcoin as a “risk-off” asset. 👀 https://t.co/wlLDVPgJuh,2048372268297036285,75185,False
ImCryptOpus,2026-04-26 13:26:57,"@cryptogoos Accumulation phase, weak hands exit, smart money loads up. $BTC",2048393396226494975,20325,False
playboycrypt0,2026-04-26 11:33:02,"MAY 5TH TGE IS HERE! 

TAKE MY MUFFIN IS DROPPING $MUFFIN AND THE CHARTS ARE ABOUT TO GO PARABOLIC! @TMM_ETH 
 
They poured $15M+ into building TMM IP while TGE launches at just $233k initial cap, meaning Web2 valuation already dwarfs the starting market.

LOW MCAP ENTRY TO ABSURD UPSIDE

Everyone free minted Korneys already, now holding them in wallet guarantees your $MUFFIN airdrop drops May 5th.

Web3s most asymmetric IP opportunity live now.
https://t.co/zPtjVOZsvm",2048364727458226269,56685,False
BitcoinArchive,2026-04-26 11:29:27,Simulation says… https://t.co/xaITbxtIx5,2048363826647597183,1814796,False
ChrisCa76642661,2026-04-26 13:16:40,"🚀 Bitcoin (BTC) is at $77,915 
24h: 0.38% • Market Cap: $1558.27B

Live chart: https://t.co/8C780qq2Y4

#Crypto #Bitcoin #Ethereum #BaseChain",2048390807057567942,1509,False
CryptoNewsHntrs,2026-04-26 12:14:56,"🔥 HUGE: MICROSTRATEGY NOW HAS MORE $BTC THAN BLACKROCK IBIT!

STRATEGY: 815,061 BTC
IBIT: \~803K-812K BTC

MSTR LEADS BY OVER 12,000 BTC FOR THE FIRST TIME SINCE 2024! https://t.co/ze20WRf6m2",2048375274153165115,28728,False
misterrcrypto,2026-04-26 11:01:21,"According to Kalshi traders, there’s only a 43% chance the Crypto Market Structure legislation becomes law before 2027.

We’ve waited long enough… make it happen! https://t.co/d434SVZp9Q",2048356752895230135,140024,False
PiNewsMedia,2026-04-26 12:02:00,"🚨BREAKING: Apple Inc. lifts iOS restrictions, opening the door for in-app Bitcoin and crypto payments.

a major shift as the $4T tech giant moves closer to embracing digital assets.🚀 https://t.co/upppZpm3YI",2048372016525484142,1133453,False
Bitcoin_Teddy,2026-04-26 12:04:00,"Jim Cramer says, ""I don’t believe Bitcoin can reach 500K, let alone $1.0M, that’s improbable."" https://t.co/wcTHoS9rx2",2048372519863021792,89267,False
Washigorira,2026-04-26 11:29:51,"#Bitcoin Little reminder

Daily bullish confirmation comes once the lagging span (orange line) clears the Kumo cloud.  

$79K is the key level to clear. https://t.co/vnIQqfcR2i",2048363925402468718,139490,False
QuintenFrancois,2026-04-26 11:39:14,"Amazon Web Services now uses Chainlink

In 2019 this news would pump $LINK +100%

Today price doesn’t move a penny",2048366287160541235,222009,False
TheValueTrade,2026-04-24 18:34:55,"Ok, Crypto

You have my full attention now.

$BTC $ETH",2047746120588341450,37197,False
crypto_banter,2026-04-26 12:23:00,"What would you do if Bitcoin went to $250,000 in 2026? 👀",2048377301075886377,439952,False
0xReflection,2026-04-26 10:57:10,"Be prepared.

$BTC https://t.co/RVbwRDMKbQ",2048355699499966750,204186,False
cryptofergani,2026-04-26 11:32:45,Memecoins will literally change your life https://t.co/AxvYIrdDGJ,2048364658122227852,263102,False
CryptoTony__,2026-04-26 11:54:00,"$TAO / $USD - Update 

A dip to $228 is what i am waiting for to pull the trigger on a long on a bounce. https://t.co/rgDhuQk1ye",2048370003024413058,567081,False
CryptoTony__,2026-04-26 12:27:00,"$USDT Dominance - Update 

Dip and pump iwhat i am looking for. Relief on Crypto today please. https://t.co/2qa08D1Ebw",2048378307666948385,567081,False
BSCGemsAlert,2026-04-26 10:57:32,Wall Street is adopting Bitcoin &amp; Ethereum 🚀,2048355792739602654,504763,False
DonWedge,2026-04-26 11:28:38,this or one bitcoin ? https://t.co/1kZP6BqIMC,2048363622238183875,231088,False
CryptoMichNL,2026-04-26 12:45:00,"The most bullish scenario for #Bitcoin would be this breakout to $100K in the coming period.

The reason for this is that it invalidates essentially every bearish retest scenario and clearly makes a new higher high.

After such a case, you'd be looking for a higher low, which the previous resistance level then needs to flip as support.

I'm not giving this scenario a lot of value, yet, but it outlines perfectly what the crucial resistance zones are.

For me, a breakout above $84-87K is evidence that we're done with the bear market, and if you look at the statistical impact of the previous crash to $60K, there's been only one scenario where the markets have hit new lows: Q4 2022 during the FTX collapse.

Sure, we can have the same type of event taking place again, although times are completely different these times with new ATHs on the Nasdaq and a rotating business cycle into our favor. 

Statistically, after such a collapse, a new ATH for Bitcoin is hit in less than twelve months after that. 

Additionally, the bear market doesn't go deeper in sigma outlier than the bull market has been. This time is no different, it has already hit those regions. 

Again, I'm not giving this much value, yet, but it's important to realize that when we're hitting the $84-87K levels, that breaking through it means that the bear market is most likely over.",2048382837842460739,819644,False
VoidReader_,2026-04-23 14:36:16,"$707,940 net profit on 5-minute crypto markets, mostly Bitcoin

49,831 predictions made with a 53.0% win rate

The best trade brought $50,838 from $8,636

Today’s profit came out to +$49,920

The wallet remains active and continues to deliver results, that’s what matters most

Wallet: 0xe1d6b51521bd4365769199f392f9818661bd907c",2047323674684874965,730,False
AshCrypto,2026-04-26 10:53:36,"The real bull run will start once ETH finally breaks above $4,900 properly.

ETH is stuck in this range since 2021. https://t.co/oq5Ww2wvTy",2048354803894698233,2152216,False
RyszardPetru,2026-04-26 12:20:51,"Słyszę, że niektórzy chcą pozywać państwo za zonda crypto.  

Niestety Pałac Prezydencki sie nie wypłaci.",2048376759460954505,361888,False
ImCryptOpus,2026-04-26 13:26:34,"@cryptorover Selling pressure shakes the herd, accumulation for us then. $ETH",2048393298025336995,20324,False
CryptoNewsHntrs,2026-04-26 11:09:49,"KEVIN O’LEARY PREDICTS $200,000 BITCOIN! 🚀

THE CATALYST? PASSAGE OF THE CLARITY ACT. ⚖️ https://t.co/MPl3rwgZTJ",2048358884734013501,28734,False
Xfinancebull,2026-04-26 13:21:08,"JUST IN 🚨🚨🚨 THE SEC JUST PUBLISHED AN EDUCATIONAL PDF ON CRYPTO.

And yes, the language matters.

The handout breaks crypto into assets, networks, and applications, then lists examples of digital commodities that are not securities in this framework:

$APT, $AVAX, $BTC, $BCH, $ADA, $LINK, $DOGE, $ETH, $HBAR, $LTC, $DOT, $SHIB, $SOL, $XLM, $XTZ, and $XRP.

Read the stack for what it is:

👉 BTC/BCH/LTC = money-style transfer assets
👉 ETH/SOL/AVAX/ADA/DOT/XTZ/APT = programmable network fuel
👉 LINK = data infrastructure
👉 HBAR = enterprise-grade rails
👉 XLM/XRP = payment-focused utility
👉 DOGE/SHIB = also listed by SEC staff as digital commodity examples

The conversation around crypto is clearly shifting.

Is the SEC finally starting to catch up?",2048391931215130752,40513,False
CryptoMichNL,2026-04-26 11:00:01,"The #Bitcoin bottom is in.

The chances that this is the case have substantially increased.

That's why I think that these #Altcoins are a must-watch:
https://t.co/dd2WF1JOhK",2048356417904705566,819644,False
pete_rizzo_,2026-04-26 13:06:57,"BREAKING: BILLIONAIRE MICHAEL SAYLOR JUST ANNOUNCED HE IS BUYING MORE #BITCOIN 

NEXT MASSIVE STRATEGY BUY IS LOADING 🚀 https://t.co/ocMbJyumPt",2048388363812487401,212501,False
davidgua_eth,2026-04-26 12:00:35,"remember that $200 swap back in 2021?  

yup, $GWEI hasn’t forgotten either  

https://t.co/OXDOxhNTcJ  

Airdrop is LIVE right now  

Your proof of pain on ETH mainnet = your allocation  

Eligible:  
→ Gas ID threshold met  
→ Shared Gas ID on X  
→ Open Gas Initiative actions  

Early ecosystem users are also claiming:  
✅ Bridged to GWEI  
✅ Used dApps  
✅ Held tokens  

Gasless Future rewards those who endured the gas wars  

See what you’re owed  
$ZETA $LUCARIO",2048371662274380160,269098,False
Prinz_Land,2026-04-26 13:19:31,"Bullish or Bearish? $BTC

Kevin Warsh Is Ready to Fix the Fed. Inflation Is Standing in the Way.

Kevin Warsh, left, is on track to succeed outgoing Federal Reserve Chair Jerome Powell https://t.co/qdOYw0scL5",2048391526288355611,18043,False
Bitcoin_World20,2026-04-26 12:40:51,"When you stick to your own strategy and stop overcomplicating things, trading becomes clearer and your confidence naturally improves.
#BTC #Crypto",2048381792554827880,11093,False
davidgua_eth,2026-04-26 11:47:30,"$ETH is still here, just locked up and waiting for you to claim it.

Every transaction had fees tucked away in a hidden wallet.

A ton of wallets are sitting on HUNDREDS, totally unnoticed.

https://t.co/sZV0UpUFMo

Think about all those fees you've paid. That cash is still around. We're talking tens of thousands for active traders.

Incinerators take 2-5%  
Terminals hit you with 1%+

etH Reclaimer:  
→ Scan any wallet for free  
→ Just a 0.5% fee  
→ With referral: 0.275%

$AEVO $AWE",2048368370232291665,269098,False
AaronRDay,2026-04-26 13:10:32,"MICHIGAN JUST GAVE BIG TECH A $42.5 MILLION TAXPAYER GIFT WHILE GAMBLING YOUR PENSION ON BITCOIN

Your state handed massive tax breaks to data centers that create only 30 jobs each, then authorized gambling $17 billion in pension funds on crypto.

Here's what Michigan taxpayers are funding:

1. $42.5 million minimum in lost tax revenue for data centers requiring only 30+ jobs each despite $250 million investments
2. Switch's $5 billion Grand Rapids data center secured property tax exemptions and promised 1,000 jobs
3. 15+ data center proposals flooded in after 2024 incentives targeting Google and Microsoft
4. $17 billion in pension funds now authorized for Bitcoin and crypto investments through new Senate bills
5. Dearborn's FUSUS system monitors thousands of cameras with six-drone fleet responding in under 2.5 minutes
6. Refusing biometric submission to police is a criminal misdemeanor with 90 days jail time

Now follow the money:

Governor Gretchen Whitmer → Signed 2024 data center tax incentives → Eliminated 6% sales tax through 2065
Michigan Strategic Fund → Issues data center certificates → $250M minimum investment for 30+ jobs
DTE Energy/Consumers Energy → $3.5 billion commitment to Michigan businesses → May 2025 partnership deal
Senator Elissa Slotkin → Voted for federal stablecoin framework → Aligned with Trump crypto agenda

Technocracy Index Score: 55.2/100 — ACCELERATING

Full investigation with every name, dollar amount, and contract:
https://t.co/1GXMDRCjq1

@GretchenWhitmer @SenGaryPeters @SenStabenow @ACLUofMichigan @LPMichigan @BridgeMichigan @ProPublica @johnphilo @DETAlliance @MichStrategicFund",2048389265889837296,61953,False
PageAllan17114,2026-04-26 12:29:20,"Tired of scams that take your money and disappear? Follow @natashaajade1 for live trades, real strategies, and steady gains you can count on.🔚🦧🥎⏫

StockMarket MSFT SupportResistance
#Recession #Crypto
 $MARA $ACHR https://t.co/XvKh2UvyAk",2048378896941289525,0,False
jrouldz,2026-04-26 12:30:57,"$BTC

Checking back in on the logarithmic banana chart projection 🍌😆 https://t.co/RdLN5LoO0h",2048379303570633051,37423,False
MFernandes43117,2026-04-26 12:51:02,"If you’re a regular investor looking for a reliable guide, @natashaajade1 is it. Live trades, copyable strategies, steady returns—no empty promises.😄🈶◾🌲👣

stock Crypto ARM
#StockTips #BullMarket
 $ARQQ $S https://t.co/vxOasgoe99",2048384354934497378,0,False
FrothlessPlease,2026-04-26 12:23:28,$CRYPTO is the easiest bet because it’s the biggest fucking idea https://t.co/buP5wL9rKF,2048377420156391520,27700,False
godemodegame,2026-04-26 07:32:37,"2 months in Thailand. here’s what I learned:

1. thai food on the street is better than in restaurants
2. but pad thai in europe tastes better
3. way fewer ladyboys than you think (<5% of women)
3. every 3rd foreigner you meet is somehow into crypto
4. nightlife isn’t cheaper than europe. even underground spots
5. bangkok underground can compete with berlin
6. english level is much lower than expected
7. you can live here for $500 or $5,000/month
8. you’re always temporary here. no matter how long you stay",2048304223981641758,1951,False
BearMoonVerse,2026-04-26 04:22:55,"$25 ~ 12 Hours 🦋💜 

- RT &amp; Follow @rgba_official",2048256485243896097,310561,False
SusanPalme69820,2026-04-26 13:07:16,"If you’re a busy parent, employee, or small business owner, you need trading that fits your life. @natashaajade1’s live trades and copyable strategies make it possible.ℹ🏬🍘🥑

stock Crypto ARM
#InterestRates #Portfolio
 $SNOW $ALT https://t.co/hIwrmTxr1r",2048388443529752809,0,False
ThePenguinBTC,2026-04-26 12:05:28,"İran ve ABD neden anlaşamıyor? Cevap getiri eğrisinde.

Herkes İran-ABD arasındaki çatışmaya askeri cepheden bakıyor.

Ben finans cephesine bakıyorum.

İran Meclis Başkanı'nın geçenlerde söylediği gibi, ABD'nin gerçek cephesi tahvil piyasası.

Ve İran masaya koyduğu tek bir maddeyle tam oraya nişan aldı.

Anlatıyorum...

İran'ın asıl talebi: Hürmüz egemenliği

İran resmi çerçevede beş madde sundu.

- Saldırılar dursun.
- Güvenlik garantisi verilsin.
- Tazminat ödensin.
- Hürmüz egemenliği tanınsın.
- Yaptırımlar kalksın ve üsler boşaltılsın.

Beş madde sıralandığında hepsi ağır.

Ama biri diğerlerinin hepsini gölgede bırakıyor.

Hürmüz egemenliği.

İran'ın ateşkes şartında şu cümle yer alıyor.

""Hürmüz Boğazı için İran'ın çıkarlarını gözeten yeni bir protokol yazılacak. Geçiş koşulsuz olmayacak.""

İlk bakışta bu bölgesel bir mesele gibi görünüyor. Aslında çok daha derin.

Hürmüz neden ABD'nin gerçek cephesine vuruyor

Önce getiri eğrisini anlamak gerekiyor.

Getiri eğrisi, yatırımcıların ABD tahviline talep ettiği faiz oranı. Talep yüksekse faiz düşük. Talep düşükse faiz yüksek.

ABD'nin 39 trilyon dolar borcu var. Her yüzde 1'lik faiz artışı yıllık yüz milyarlarca dolar ek maliyet.

Faiz hızlı yükselirse ABD bütçesi sürdürülemez hale gelir.

ABD'nin küresel pozisyonu tek bir gerçeğe bağlı. Dünya ABD tahvilini almaya devam etmeli.

Şimdi bağlantıya bakalım.

1974'te ABD Suudi Arabistan'la anlaşma yaptı. Suudi petrolünü yalnızca dolarla satacak. Karşılığında ABD bölgesel güvenlik sağlayacak. Bu sistem zamanla bütün Körfez'e yayıldı.

Adı petrodolar.

Petrol almak isteyen herkes önce dolar bulmak zorunda. Dünya dolar talep eder. Yabancı merkez bankaları bu doları boş bırakmaz, ABD tahviline yatırır. Yabancı talebi yüksek olduğu sürece ABD tahvil faizleri düşük kalır.

Yani petrodolar dolar talebine, dolar talebi tahvil talebine, tahvil talebi düşük getiri eğrisine dönüşüyor.

Bu zincirin başında Hürmüz var.

Körfez petrolü dünyaya çıkmak için Hürmüz'den geçmek zorunda. Boğazı kontrol eden, geçiş koşullarını da koyar.

Şu an Hürmüz'de yuan ile geçiş gibi öneriler gündemde. İran egemenliği tanınırsa kalıcı hale gelebilir.

Yarın Suudi Arabistan ""ben dolarla satıyorum"" dese, İran ""boğazdan yuanla geçeceksin"" diyebilir.

Petrolde dolar tekeli kırılır. Dolar talebi yavaşlar. Tahvil talebi düşer. Faizler yükselir. 39 trilyon dolarlık borç çevrilemez hale gelir.

Bir madde. Dört seviyelik domino.

İran tam o dominonun ilk taşına vuruyor.

Trump'ın ""bütün kartlar bizde, onlarda hiç kart yok"" cümlesi de bu yüzden. ABD bu kartı vermez. Veremez. Çünkü Hürmüz'ü vermek dolar mimarisinin temelini sarsmak demek.

Ne ABD verir, ne İran bırakır

İran içinse Hürmüz hayatta kalma kartı.

Aylardır saldırı altında. Limanları abluka altında. Ekonomisi sarsıldı.

Elinde tek koz var. Hürmüz.

Hürmüz İran için savunma kalkanı, ekonomik silahı, diplomatik kartı.

Üstelik İran biliyor. Hürmüz, ABD'nin gerçek cephesine açılan tek kapı.

İki taraf da masada esnemiyor. ABD veremez, İran bırakmaz.

Son nokta

ABD ile İran arasında beş madde anlaşmazlığı var.

Ama biri diğerlerinden farklı.

Hürmüz, doğrudan ABD'nin gerçek savaş alanına bağlanan kart.

ABD bu yüzden geri adım atmıyor. İran bu yüzden bırakmıyor.

Mesele askeri güç değil. Matematik.

Peki bu savaşın kazananı kim olacak?

Bu savaşın kazananı, en çok acıya dayanabilen ülke olacak.

ABD acıya dayanırsa ABD kazanacak.

İran acıya dayanırsa İran kazanacak.

Mesele kim daha güçlü değil. Kim daha sabırlı.

Önümüzdeki 1-2 hafta kritik. Gelişmeleri yakından takip ediyorum, sizi bilgilendireceğim.

Sen ne düşünüyorsun? ABD mi yoksa İran mı daha sabırlı?",2048372891402539134,64837,False
MRJEM0306,2026-04-26 11:50:39,"Watch This Video!

I just created this bullish video showing $WKC, $BTC, $ETH, $SOL, $SHIBA, $PEPE, $DOGE, etc..

 If you pay attention, you notice that $WKC moved from +200,000% increased..

How would you feel after securing 1B WKC in your Peniwallet and checking it few days later to see WKC move to +200,000%.?

( That's 2000x) 

Take this move and thank Mr JEM later.",2048369159751229633,2361,False
NedunckDefi,2026-04-26 10:58:06,"I have never sold a single $CORE @Coredao_Org ☝️🥹
Not hype, but my personal conviction.📈✅

If after your real DYOR you still think it’s a scam, stay off it. This isn’t a get-rich-quick play 💯 

$BTC, $ETH, $SOL all faced doubt early. Red phases = positioning.

Stay braced, Coretoshi 📈📊

#Coretoshi #DYOR #CryptoConviction #Web3 #BTCfi",2048355938227150958,1549,False
soydavidvillega,2026-04-26 13:29:38,"🚀 ¡Buen día, comunidad!

✅ Los dos trades que compartimos en el directo de YouTube ya están cerrados en positivo.

🎯 En #ATOM logramos tocar el Take Profit (TP), y en #ZEC he decidido cerrar a precio de mercado para asegurar beneficios.

📊 Respecto a $BTC, sigo esperando la zona de los $75,500 aproximadamente. Anoche le dimos cobertura a este movimiento y la subida actual ha formado una acción del precio que ya hemos identificado antes.

📉 Por esta razón, he decidido abrir una posición en Short en la temporalidad de H4.

⚠️ Recuerda que esto no es un consejo de inversión, es simplemente mi visión técnica del mercado.

💬 ¿Tú operarías este corto o tienes otra zona en la mira? ¡Te leo en los comentarios!
#Bitcoin #Trading #Crypto #BTC #AnalisisTecnico",2048394070028865936,1618,False
cryptorover,2026-04-26 05:03:00,"UNREAL: 

🇺🇸 Donald Trump: “Meloni is no longer the old Meloni. I was shocked by that. I thought she was a brave person, but I was wrong.”  

🇮🇹 Meloni: “Italy does not care about what Donald Trump said.”

The US is picking fights with Italy, Britain & Spain. 

NATO is falling apart, right before our eyes.",2048266571672617068,1569747,False
Jethroe111,2026-04-26 13:08:08,"It's just us, fellow hardcore Bitcoin maxis.

Us against a fiat world.

Take it from someone who has been around the block. The world runs in cycles. It often wildly fluctuates;

BUT IT MEAN REVERTS.

Don't count on any of these people to align with your vision of FU money. https://t.co/s3QEcZg6m7",2048388658391028212,18558,False
CryptoCrewU,2026-04-26 12:00:14,"Bitcoin just hit the 21-week MA
30% rally into resistance 👀

No conviction.
No higher high.

Same setup as every bear market before it.

What happens next? https://t.co/CWCG4IF763",2048371574617600039,87741,False
NihilusBTC,2026-04-26 12:16:02,"I made 23.5x = +2253% total profit.🚀

I will complete this challenge in this week.

Follow me.

Open notifications.",2048375547160404371,108499,False
IIICapital,2026-04-26 12:03:24,"When opportunity comes, it is too late to prepare.

Stay humble, and stack sats.",2048372371438874741,105229,False
KillaXBT,2026-04-26 11:29:21,"$BTC

The market rarely gives perfect retests. 

If that were the case, everyone would be rich. https://t.co/1gG2v3kx6D",2048363801062359415,197594,False
DeFiTracer,2026-04-26 12:44:03,"🚨 BREAKING:

🇺🇸 PRESIDENT TRUMP JUST SAID AT A CRYPTO CONFERENCE AT MAR-A-LAGO:

""I WILL SIGN THE CLARITY ACT. BANKS NEED TO 'MAKE A DEAL' NOW.""

SOURCES REPORT THAT THIS BILL WILL INJECT $2.5 TRILLION INTO THE MARKET

GIGA BULLISH NEWS FOR CRYPTO!! https://t.co/DCkbeA35C6",2048382601619034277,389251,False
Thebitquake,2026-04-26 12:45:50,"Çöp dolu kripto piyasasında daha iyisini görmemeye devam edeceksiniz, sen duruyorsun diye zaman durmuyor aleyhine işliyor, harekete geç! 

$ETH #CRYPTO https://t.co/TQA1pcMl0M",2048383049767813390,1160,False
OwenDennis46841,2026-04-26 12:19:13,"Want to build wealth slowly but surely? Stop overcomplicating it. @natashaajade1’s live trades and copyable strategies are perfect for everyday investors like us.😣🛁👧🦍♋

stock Crypto ARM
#AAPL #EPS
 $ONDS $RKLB https://t.co/j4FT4J2j1H",2048376350273044729,0,False
voided,2026-04-26 12:15:00,"In late 2021, a 26-year-old opened a brokerage account for the first time.

He'd been watching the charts for months. Tech stocks going up. Crypto going up. Everything going up.

""I've been missing this my whole life,"" he thought.

He put in $12,000 from his savings. Bought Cathie Wood's ARK fund. Bought some Peloton. Bought a little Tesla.

The chart looked perfect. It had been going up for two years straight.

What he didn't know was that every chart looks perfect from below a peak.

By June 2022, his $12,000 was worth $4,100.

He didn't sell. He couldn't bring himself to.

He started reading. Really reading. For the first time, he learned what valuations meant. What interest rates did to growth stocks. Why a straight line up is usually the most dangerous pattern of all.

""I paid $7,900 for a finance education,"" he told his friends later.

""Worth it,"" he said.

""I'll never chase a chart again.""",2048375288548278448,89014,False
BSCGemsAlert,2026-04-26 11:09:04,"🇺🇸 Kevin O'Leary thinks that Bitcoin could hit $200,000 once the Clarity Act passes.

#CRYPTO #STARDOM President https://t.co/yhnERa6TWI",2048358695265055043,504859,False
OKXmena,2026-04-26 13:02:38,لما يبدأ السوق بالتحرك راح تفهم قوة بوتات التداول على OKX. https://t.co/vhYyYp2kbN,2048387274547589244,76160,False
smith_emil88688,2026-04-26 12:33:30,"I used to spend hours researching and still make bad trades—until @chistesdelengua’s live trades simplified it. Copyable strategies, steady gains, more free time.📚👐🟣🐄🔄

stock Crypto NASDAQ 
#AIBoom #NVDA
 $QS $USAR https://t.co/Dz40AQSGsB",2048379944300888194,0,False
nguyen_fra56117,2026-04-26 12:50:02,"To all my fellow regular investors: Slow and steady wins the race. Follow @chistesdelengua for live trades and copyable strategies that build wealth over time.😯🍱🌄

stock Crypto NASDAQ 
#Investing #WealthBuilding
 $ENVX $CVX https://t.co/ygnGbLk6bl",2048384105981821080,0,False
Micro2Macr0,2026-04-26 12:49:50,"Betting on Bitcoin investments. 2023 was my best year with a 600% return from most options for $TSLA, $META, $PLTR, $HOOD, $MSTR, and more when they were down 75% or more in late 2022. 

Options are very dangerous. But I bought two year leaps at an opportune time when ALL of tech was utterly butchered. 

Right now, I only have about 10% of my portfolio in and am not looking to add. I just think there's too many short term risks. But if you zoom out a year or two I'm thinking things are looking a lot better. So for some reason markets get crushed, I might be in more leaps again.",2048384057038299362,110340,False
CryptoTweets,2026-04-26 13:07:47,JUST IN: Michael Saylor hints at Strategy $MSTR buying more Bitcoin soon. https://t.co/79ebIE7pRP,2048388572126875874,7057,False
dannycheng2022,2026-04-26 12:34:49,"Just out of curiosity, how many people have actually made millions in profits by faithfully following permabears who keep calling for recessions, depressions, the end of the world, or claim Bitcoin and $NVDA are heading to zero?",2048380276146110660,79543,False
trader_samet,2026-04-26 13:02:28,"Çizdiğimiz simetri sıkışan yapı beklediğimiz gibi
 yukarı yönlü kırılım yaptı.

Boğa bayrağı diyenler var.
Düşen kama diyenler var.
Simetri üçgen diyenler var.

🚨Ne diyorsanız deyin ama net olun !!
Öylede olabilir böylede olabilir demeyin.

Çünkü bu insanlar sürekli renk değiştiren 
traderlardan midesi bulanmaya başladı.
Ben 60 binlerden beri iddaamın arkasındayım.
Saatlik günlük grafiklere takılmayın.
Büyük resime odaklanın,

Haftalık macd 1350 gün sonra yukarı kırdı.
Momentum Yeşil yaktı,
Yön her şekilde yukarı.

Gökyüzünde bir sürü yıldız var,Yönünü kaybettiysen
Doğru yıldızı takip etmen gerekiyor.",2048387235343372408,32186,False
cartoonitunes,2026-04-26 12:43:28,"I’ve been cracking the source code of every contract deployed by @avsa, one of Ethereum’s earliest builders.

60 contracts. 2015-2018. Most never verified.

All on Ethereum History. 🧵 https://t.co/cGNh3DZ515",2048382452469559712,4150,False
SimonDixonTwitt,2026-04-26 12:57:42,"This is why I no longer speak at Bitcoin conferences.

These conferences are created and sponsored by those who want to centralize as much Bitcoin as possible into financial-industrial complex wrappers.

You resist by holding it in self-custody and boycotting all FIC wrappers, including conferences owned by Bitcoin treasury companies.",2048386036783341803,266995,False
CryptoCaesarTA,2026-04-26 09:39:08,"$BOOB to boobillions. That’s the tweet.

Just so I can come back and flex on you all. https://t.co/ItIfPpL8Cz",2048336065564410054,64542,False
BFB,2026-04-26 13:14:11,"The Orange dot never stops. 

Pump it Saylor!",2048390181552820351,3583,False
DeFiTracer,2026-04-26 11:44:09,"🚨 BREAKING:

🇺🇸 FED WILL ""URGENTLY"" INJECT $5.058 BILLION TOMORROW AT 9:00 AM, RIGHT BEFORE THE MARKET OPENS

THEY WILL INJECT A TOTAL OF $40.2B THIS MONTH TO STIMULATE THE ECONOMY AFTER THE US-IRAN WAR

GIGA BULLISH FOR CRYPTO!! https://t.co/JE1mhyfBr7",2048367525277139075,389251,False
NitroBunnies_X,2026-04-26 12:14:16,"Built by the DoJo, powered by the community. When we move together, we’re unstoppable 🐇🔥 

https://t.co/nW3ypb1JD3 

#NitroBunnies #NTRO #Solana #Crypto #MemeCoin #Web3 https://t.co/r8Cr3gVZYf",2048375104065646644,279,False
CryptoEconomyEN,2026-04-26 13:00:02,"📊 ETFs reshape market dynamics

Flows into spot Bitcoin ETFs are emerging as a key factor influencing crypto market direction.

📰 Full Article:

https://t.co/HCQBAGPRv3",2048386620295151874,6321,False
TheCryptoKazi,2026-04-26 12:15:05,"Most people have forgotten. 

I bought $1M worth of ETH at the bottom. 

I longed BTC with size at the bottom. 

I don’t need to show PnL proof. 

I just show I got balls of steel. 

These 2 trades alone will feed 5 generations to come, when I sell. 

$100K.
$4.8K. https://t.co/BraPjQjibm",2048375307921391943,95596,False
SatoshiFlipper,2026-04-26 10:57:54,"$BTC/usdt 2 hour

I'm sure it's nothing, just a LTF Bitcoin breakout  😏 https://t.co/twRKn3i9zw",2048355886091968821,239863,False
CoinDesk,2026-04-26 13:22:31,"U.S. military confirms it’s running a live Bitcoin node, and FTX’s estate may have missed out on $3B after selling a Cursor stake early.

Jenn Sanasie has what you need to know. https://t.co/RXVJunUmpi",2048392278503227752,3586750,False
Zagy998,2026-04-26 11:38:44,"It s coded , $SPIKE OG on $ETH

Billions ! 

0xa949101Be849184c77E5ac1405Aaf3cDf41da1b2 https://t.co/BHlzwj4rzI",2048366161159393562,3143,False
JeffreyMur51307,2026-04-26 12:29:00,"Still mind-blown by @PriyRaval. My stocks are on a massive run. Daily shares of fast-rising winners. You gotta follow this account!🪔🔄👠🙇

MU    AMD  INTC   
#TSLA #PLTR
 $AAPL $GME https://t.co/aHDTv5VjoK",2048378810437955683,0,False
PintaricRobert,2026-04-26 13:01:51,"Nach so viel #Achterbahn in der #Krypto Szene

Immer noch #Bitcoin Platz 1",2048387079655072047,2057,False
keenn_eth,2026-04-26 11:22:04,"What was your first airdrop win in Crypto ?

I’ll go first 

$25k in a day was never imagined until @arkham changed the game for me.

I have had bigger wins over the years but the most significant was my first big win which was $25k from arkham on Tuesday July 18 2023, I can never forget that day.

Thank you $ARKM for changing my life forever...

This screenshot is still legendary 🫡",2048361968906498354,17448,False
De_Okwutex,2026-04-26 13:17:04,"@TATrader_Alan First Bitcoin leads, then Ethereum follows, then everything else wakes up.",2048390910551986227,5380,False
GoingParabolic,2026-04-26 12:32:11,"Bitcoin dropped 53% this cycle.  
That’s likely the cycle bottom.
The cycle. 
Bottom.",2048379612825092478,281586,False
TheMoonShow,2026-04-26 11:46:24,"$BTC looks like it could be putting in a W on the weekly.
There’s an FVG above — if that flips, I wouldn’t be surprised to see 100k. https://t.co/scgfyspw5C",2048368091231609076,17737,False
MrfomoBTC,2026-04-26 10:46:42,"■ 중국인이 왜 공무원을 준비?
오늘 노량진부터 홍대까지, 고시원과 부동산을 뒤덮은 중국어 안내판을 보며 피가 거꾸로 솟았습니다.

欢迎！中国留学生租赁咨询.
(환영합니다! 중국인 유학생 임대 상담)

대한민국 청년들의 성지였던 곳들이 하나둘 '중국화'되고 있습니다. 중국인이 대한민국 공무원의 주류가 되는 세상... 그들은 우리의 시스템에 합법적으로 침투할 겁니다... 머지 않았습니다...
#노량진 #홍대 #국가위기 #중국",2048353068635570539,1551,False
kayaorhun26,2026-04-26 12:45:07,"Bitcoin 78.844$ geçilimiyle ilk hedefi ;

80.000$ .",2048382866950652207,2848,False
Booksey,2026-04-26 12:03:40,"Welcome to the BULL

I know who will get the last laugh and it won’t be the bears

I test the crypto market by how Dubai looks and as of right now it’s packed everywhere https://t.co/hcDTCn7deX",2048372438090531266,147616,False
XrpUdate,2026-04-26 12:33:37,"BOOOOOOOOOOOOOOOM💥

$XRP now sits with BTC, ETH, Gold &amp; Oil on Coinbase’s TAS framework, May 1 🗓️ 

From “altcoin” to macro asset ✅ https://t.co/K7i3bJ1LYy",2048379971853590987,45381,False
icobeast,2026-04-26 13:08:34,"Men used to dream about monkey pictures running from $200 to $1m overnight 

Now they dream about a $6k pump on Bitcoin

We’ve forgotten how to dream 😭😭",2048388768642535717,68395,False
ICT___7,2026-04-26 13:03:57,"شرح:⏳
اعتمد على شمعة الساعة (ICT):
حدد قمة/قاع الساعة وراقب سحب السيولة منها، إذا صار sweep + رجوع داخل النطاق، هنا الإشارة.
انزل فريم 5 دقايق وخذ دخولك من FVG أو Order Block مع الاتجاه.

باختصار:
ساعة = تحديد السيولة
5 دقائق = تنفيذ

#ICT #الأسهم #الأوبشن #سمارت_موني
#Crypto #BTC #SPX #Nasdaq",2048387607965348067,4650,False
valuetrader_,2026-04-26 13:15:51,"$BTC 

But the fractal boys will be in shambles as usual. 

Nobody can predict tops and bottoms accurately nor consistently. But if you TAKE the trades that are bottoming each time and navigating the trades appropriately you will mostly always catch the bottom",2048390602664907110,534,False
Steph_iscrypto,2026-04-26 13:00:00,LATEST: 🇺🇸President Trump says crypto is now MAINSTREAM — the CLARITY Act is what decides whether the U.S. leads it or loses it. https://t.co/nJLFvz9GOA,2048386613403865297,82279,False
aussiehaggie,2026-04-26 12:09:00,"I'm a man of my word 🫵🗣️💯🔥🔥🔥🔥

If you reply, I'll follow you 🧡😉💯

If you aren't following me, nothing for you🙂‍↔️💯 https://t.co/QCwCx4mV4l",2048373778053480869,44900,False
BitcoinNews,2026-04-26 11:08:00,"⚖️ Major crypto exchanges and developers united this week to urge Senate Banking to advance the CLARITY Act. 

🇺🇸 The push comes as Sen. Lummis demands immediate markup. 

Industry warns the U.S. falls further behind global competitors each day without clear digital asset rules. https://t.co/feDfLItN5f",2048358426871562310,3273742,False
rkmtimes,2026-04-26 11:30:31,"JUST IN🇮🇷❌🇺🇸🔥 Iranian IRGC buying Crypto and Mining by selling Oil in #Bitcoin after 2012 and now holds $18 billion Bitcoin and Crypto to continue bypassing US dollar and Western sanctions. 

🚨Is #Bitcoin becoming Iran’s national currency or foreign reserve? https://t.co/KgExk6g2Sr",2048364095154577694,126015,False
Jeett__,2026-04-24 00:45:38,"Alguien a quien quiero muchísimo, le intereso y comenzó a invertir, le di opciones entre $BTC, $ETH y $XRP, le dije los precios de cada uno, le di argumentos y me pregunto que entre los 3 cual no eligiria, se lo dije y me dijo bueno entonces en ese.. adivinen cual era.. 😂😂 https://t.co/CGmPtU4Di3",2047477028673233196,884,False
BobbyAnalytix,2026-04-25 06:18:52,"@StonkChris Crypto is just another sector within the broader market, it doesn't necessarily have to move with tech.

The bull case is trading (stocks, RWAs, etc) moving on chain. $ETH is the chain of choice.",2047923275326448071,635,False
paradotor,2026-04-26 11:49:32,"VISA payment network: ~24,000 TPS pratik kullanım, 65,000 TPS ölçümlenmiş kapasite…

Bitcoin: ~7 TPS, Ethereum L1: ~15-30 TPS 

Tüm L2’ler toplam: ~200-400 TPS işliyor (Nisan 2026)

İnternet ödemelerinin tek bir küçük dilimi (Visa) bile, tüm crypto endüstrisinin toplam transaction kapasitesinin 100x üstü.

Konuyu doğruca anlatmak gerekir. Rolluplar, transaction’ları off-chain işliyor, sonra kanıtları ve verileri bir yere yazıyor ki herkes o transaction’ların gerçekten olduğunu doğrulayabilsin. Bu “veriyi yayınlama” işine Data Availability deniyor.
Eğer DA pahalıysa rollup pahalı. Eğer DA ucuzsa rollup ucuz. Bu yüzden DA layer’ları rollup ekonomisinin omurgası….

Onchain gaming: Bir oyun saniyede binlerce state update üretir. Cosmocity, Pirate Nation, Word3 gibi onchain oyunlar mainstream olursa, rollup’ların DA tüketimi 100x patlar. Ethereum blob kapasitesi yetmez.

Onchain social (Farcaster ölçeğinde mainstream): Her post, like, follow bir transaction. 1M aktif kullanıcı = saniyede binlerce transaction.

AI agent ekonomisi: Eric Schmidt’in tahminleriyle 2026-2027’de milyonlarca AI agent on-chain ödeme yapacak. Her agent action’ı bir transaction.

DePIN networks: Helium, Hivemapper, IoTeX gibi networkler IoT data’sını on-chain yazıyor. Ölçeklenirlerse milyarlarca transaction/gün.

RWA tokenization: Mantle, Celo, Eclipse gibi rollup’lar enterprise/RWA için ölçek istiyor.

Hyperluqıd gibi DEX’lerin CLOB L2 versiyonu çıkarsa ETH blobları bir tanesine bile DA hizmeti veremez, kapasitesi yetmez. 

Mevcut Ethereum blob kapasitesi (1.3 MB/s) yani yetmez.

DA layer’lar sıraya girer, Celestia’nın 1 Tbps Fibre vizyonu zorunluluk haline gelir.

Bir uygulama geliştiricisi düşün: oyun yapıyorsun, saniyede 10,000 transaction lazım, ucuz fee, instant finality. Ne yapacaksın?

Monolitik chain: mevcut yığını kullanmak zorundasın. Solana iyi ama oyun-spesifik optimizasyon yok. EVM’de daha kötü.

Modüler stack: kendi rollup’unu kur, execution’ı oyun için optimize et, DA için Celestia kullan, settlement için Ethereum’a yaslan. Tam istediğin gibi tasarla.

Bu opsiyon zenginliği, geliştiricilerin uzun vadede modülere kaymasını sağlıyor. Conduit, Caldera, Conduit gibi rollup-as-a-service firmalarının patlamasının nedeni bu geliştiriciler kendi zincirlerini kurmak istiyor.

“Celestia” oyunun son noktası olacak….",2048368882000244939,782144,False
BTCPrague,2026-04-26 12:07:02,"We’re welcoming the following companies as partners of BTC Prague 2026:

Glimpse · Portu · Electrum · BTC Map

Glimpse is a regulated prediction market where you can trade event outcomes using Bitcoin.

@portucz is a European investment platform offering diversified portfolios, including Bitcoin exposure through leading ETP providers.

@ElectrumWallet is a self-custodial Bitcoin wallet, trusted since 2011, with advanced features and Lightning support.

@btcmap helps you find places to spend sats wherever you are.

Meet the teams at Europe’s biggest and most influential Bitcoin conference.
BTC Prague 2026 · June 11–13 · Prague",2048373282928304591,22911,False
Mr_Derivatives,2026-04-26 12:50:03,"$BTC and to some extent $ETH looking good lately.

#nojinx https://t.co/5lBr0P0O84",2048384108548727051,397363,False
BTC_for_Freedom,2026-04-26 12:52:41,"Bitcoin will hit $300k in 2026, $600k in 2027 and $1m in 2028. In today’s dollars.",2048384772943020089,124849,False
ruposhamin,2026-04-26 13:01:00,"Create your own cryptocurrency like Bitcoin or Ethereum by Blockchain &amp; AI Developer!
Secure, scalable, and custom-built to dominate the market.
Click to launch your crypto dream today!
Connect! https://t.co/N4HCbIosTx

#Crypto #Blockchain #Fiverr #bitcoin #Dogecoin #AI https://t.co/QeHVUERcKW",2048386864617304318,3700,False
joaohazim,2026-04-23 12:26:04,"@sincero_crypto ETF de Bitcoin nao é Bitcoin. É só um instrumento que vai possibilitar quem só quer especular BTC poder fazer isso.

Sobre escolha, é isso aí. Cada um escolhe o que quer usar e colher as consequencias disso.",2047290910942122467,20621,False
blockchainchick,2026-04-26 11:21:26,"Are these the people you want ""shaping Bitcoin's future""?

The FBI Director. The Acting AG. The SEC Chair. The CFTC Chair.

Bitcoin was literally invented to route around these people.

Now they're the keynote speakers. https://t.co/S7CkuAhzEL",2048361806318424461,142744,False
Alek_Carter,2026-04-26 08:09:04,"Whales are positioning for a Bitcoin breakout.

• Large traders on Hyperliquid are increasing long positions, showing rising conviction.

• Net longs have been steadily climbing for two months, signaling bullish positioning.

• This suggests smart money is betting on an upside move from this range.",2048313398933209163,23530,False
dxbcrypto121,2026-04-23 15:52:44,$ETH / $BTC pair on the weekly is all you need to buy crypto. $ETH still looking weak here against $Bitcoin https://t.co/xkTgbaTeX7,2047342918818812004,5595,False
Steph_iscrypto,2026-04-26 09:00:02,"MASSIVE: Ripple CTO David Schwartz compares the future of payments to email — if transfer costs go to zero, $XRP could change banking forever. https://t.co/9BtRcIVdoV",2048326223210619297,82279,False
ChrisCa76642661,2026-04-26 13:27:34,"🚀 Bitcoin (BTC) is at $77,860 
24h: 0.30% • Market Cap: $1559.25B

Live chart: https://t.co/8C780qq2Y4

#Crypto #Bitcoin #Ethereum #BaseChain",2048393552770584918,1509,False
BinanceArg,2026-04-19 22:00:26,"Cripto no es solo Bitcoin.
Ethereum, BNB, USDT... cada una tiene un uso distinto. Como herramientas, no todas sirven para lo mismo. 🛠️",2045985903026319524,77209,False
HFinans45866,2026-04-26 13:23:57,#kripto lar da ucuzdur. Ama altlara iştah yetmeyebilir. Bitcoin ve eth para kazandırır.,2048392638789791953,188,False
philarekt,2026-04-26 12:12:31,"So you keep getting faked out on trades and don't know why?

Probably because you don't understand Breakout trading yet

Sounds complicated? It's not. Here's the quick breakdown:

What is a breakout?

When price pushes through a key support or resistance level with momentum. It signals a shift in power between buyers and sellers, and that's where the opportunity lives

Two types you need to know:

Bullish breakout - price breaks ABOVE resistance, buyers are in control, you go long

Bearish breakout - price breaks BELOW support, sellers took over, you go short

How to trade it:

1. Mark your key support and resistance levels on the chart

2. Wait for price to approach these levels (patience is everything here)

3. Confirm the breakout with volume - no volume = no conviction = likely a fake move

4. Enter in the direction of the break

5. Set your stop-loss just below the breakout level (bullish) or just above it (bearish)

6. Target a >2:1 reward-to-risk ratio

What triggers breakouts?

News and announcements - partnerships, regulations, macro events

Sentiment shifts - FOMO and fear move markets faster than fundamentals

Technical patterns - triangles, flags, head-and-shoulders all set up breakouts

Indicators that help confirm:

RSI - above 70 signals overbought, below 30 signals oversold

Moving Average crossovers - short-term crossing long-term confirms direction

Volume - the single most important confirmation tool. High volume = real breakout

Pro Tip: The #1 mistake beginners make is jumping in too early. False breakouts will destroy your account if you don't wait for confirmation. Let the candle CLOSE beyond the level before you enter. And never risk more than 1-2% of your capital on a single trade

Master breakouts and you'll never look at a chart the same way again

Follow for more trading insights and have profitable trading!",2048374662141255741,7899,False
CalistoVig55878,2026-04-26 12:44:17,"Forget the “overnight success” lies—us regular folks build wealth one steady gain at a time. Follow @natashaajade1 for live trades and copyable strategies.🚼💆📜🍩🥦

stock Crypto ARM
#ValueInvesting #Stocks
 $MSFT $INTC https://t.co/Wl8abwEo7H",2048382657923305796,0,False
cryptofergani,2026-04-26 12:23:39,"This guy just retired his bloodline 

$261 flipped into $12.5M with a memecoin https://t.co/xMMfR44SVG",2048377464955469921,263102,False
cryptorover,2026-04-26 13:20:49,"Ethereum Foundation is selling $ETH AGAIN 🚨

Ethereum Foundation just unstaked $48.9 million worth of Ethereum.

This means those coins can now potentially be sold.

They also sold 10,000 ETH to Bitmine just days ago. https://t.co/FbZNomk95B",2048391852693602731,1569691,False
CryptosR_Us,2026-04-26 13:12:12,"SCARAMUCCI: THOSE WHO BOUGHT AT THE TOP WILL STILL MAKE MONEY - JUST HOLD

""I own the same one Bitcoin at $126K as I do today. Only human feelings changed, not the asset.""

Long-term target: $1M per BTC.
Conviction over emotion. https://t.co/g9XIaTHz1r",2048389682342281729,302802,False
theblockopedia_,2026-04-26 12:38:47,"Fundstrat Chief Backs $250,000 Ethereum Price Target 📊

• The target calls for ETH to eventually reach $250,000 per coin
• Combined, these two assets represent roughly $31.5 trillion in market value
• It typically ranges from 2% to 4% annually

https://t.co/qhNF8D8k0y",2048381272955736276,20090,False
P2Pdotme,2026-04-26 12:37:55,Building the hottest crypto startup from the hottest country right now is this summers real flex 💪,2048381058123743416,11191,False
TeknikalSaham,2026-04-26 12:34:12,"$BBRI update

Ada yang masih inget sama trading plan fibo di Timeframe BULANAN?

Update: BBRI semakin dekat ke target harga beli.

Area perlu diperhatikan:

Fibo 78.6 bulanan: Rp3030
Demand Zone: Rp2880-3030

*Tidak langsung menangkap pisau jatuh. 
Tapi menunggu reaksi di area yg diamati",2048380120059265057,38074,False
saylor,2026-04-26 13:05:41,The ₿eat Goes On. https://t.co/tBDs2z0b4z,2048388043229270250,4998568,False
crypto_ronny01,2026-04-26 12:39:48,"Kingpin almost bought Bitcoin at $200 and passed.

In Daredevil: Born Again S2, fear of volatility killed the play.

Some “risky” bets age the best.

$BTC $ETH
#Bitcoin #Crypto #BingX https://t.co/v2M0D4rYYG",2048381530955825506,1277,False
cryptorover,2026-04-26 12:56:08,''Nobody is using Bitcoin'' https://t.co/ClwI3JToTC,2048385638664446317,1569691,False
EkoKripto,2026-04-26 13:15:03,"Bitcoin kısa vadede yükselen kanal içinde hareket ediyor

Ana Trend yukarı, ama yorulma sinyalleri var Kritik bölgedeyiz:

80.000 bölgesi güçlü direnç
76.000 ise kısa vadeli destek

Piyasada, Momentum var ama ne yazık ki tam kırılım yok

Kısa vadeli senaryomuzda
 80K üzeri kapanışlar gelirse yeni hareket başlar
 Kanal altı kırılım olduğunda da düzeltme derinleşir

#Bitcoin #Crypto #Btc #Altcoin",2048390401053102269,14865,False
thinkingcrypto,2026-04-26 13:04:36,"Crypto Needs Clarity to Continue Growing!

WATCH ▶️ https://t.co/2IYWg5IyqN

Miller Whitehouse-Levine, CEO of the Solana Policy Institute, joined us at the SPI Summit to discuss the U.S.’s embrace of crypto, SEC and CFTC guidance, and the need for the Clarity Act to pass.

#crypto #clarityact #solana",2048387772151439776,141903,False
MartiniGuyYT,2026-04-26 12:43:24,MICHAEL SAYLOR JUST SAID: “0.1% OF THE ECONOMY HAS CLEAN MONEY AND 99.9% OF THE ECONOMY RUNS ON DIRTY TOXIC ASSETS.” https://t.co/rm94qLdH4L,2048382435046604908,708893,False
dallehollywood,2026-04-26 13:17:02,"That $ETH you thought you lost to fees? Not really.

Every token purchase actually locks a portion of your ETH in a hidden wallet.

https://t.co/VbVPjyBJC4

A ton of traders have HUNDREDS of these just hanging out, totally ignored.

That ETH you assumed was gone? It's just hanging out, ready for you to grab it back.

etH Incinerator takes 2-5%  
Terminals take 1%+

etH Reclaimer:  
→ Scan any wallet  
→ Just a 0.5% fee  
→ Referrals drop it to 0.375%

See how much you're missing out on 👇  
$BERA $SXT",2048390901295112291,55542,False
EugeneMclaurin,2026-04-26 13:29:29,I would swap a bit of my $BTC for $ATONE at 20 milli. If BTC nukes in a couple of months i might get that opportunity. #TBT https://t.co/HsHkb05NTu,2048394031256748270,224,False
NobleCoins,2026-04-26 12:44:19,"This is  crazy  , this guy just retired his bloodline 

$261 flipped into $12.5M with a memecoin

It can only be possible with crypto https://t.co/q3XYvjqTkc",2048382666483875950,67439,False
jones_kayl66527,2026-04-26 13:01:40,"If you’re a busy parent, employee, or small business owner, you need trading that fits your life. @natashaajade1’s live trades and copyable strategies make it possible.💳👟

stock Crypto ARM
#AAPL #MoneyManagement
 $SOFI $RKLB https://t.co/1KHybpNIQH",2048387031009529882,0,False
CMiddleton3728,2026-04-26 13:28:51,"I’m not a finance guru, just a regular investor who trades smart. @natashaajade1’s live trades give me the confidence to keep going—steady gains, copyable moves.🏊👺

stock Crypto ARM
#IPO #AIBoom
 $RGTI $NVTS https://t.co/a6iZnvXlsF",2048393871818674302,0,False
KeithHolla83878,2026-04-26 13:17:20,"I used to spend hours researching and still make bad trades—until @chistesdelengua’s live trades simplified it. Copyable strategies, steady gains, more free time.😶🎐🍵🧟

TSLA   INTC  NVDA  
#StockNews #Crypto
 $GLD $RGTI https://t.co/S2HLggmV25",2048390977572790430,0,False
CryptoTice_,2026-04-26 13:00:02,"BREAKING:

Trump just cancelled all peace talks with Iran.
Officially. Completely. No conditions.

Hormuz stays closed.
Oil stays weaponized.

Markets open in hours...

Every trader who was pricing in a deal.
Just got it wrong.

Every institution holding risk assets.
Wakes up to this headline tomorrow morning.

There is no deal.
There is no ceasefire.
There is no off-ramp.

Brace for open.",2048386621754745210,317626,False
CryptoSavingExp,2026-04-26 12:51:49,"JUST IN 🚨 BLACKROCK HAS JUST LABLED BITCOIN A ""RISK OFF"" ASSET. https://t.co/OaYoMJnndN",2048384554457850177,128376,False
aussiehaggie,2026-04-26 12:48:17,"Afternoon gain ✅🕛☀️🏝️🔥🔥🔥🔥

Just say Hi 👋 

We follow you 💯💥💥💥💥💥💥💥🧡😉 https://t.co/ZrnG8bcDeJ",2048383663650619800,44900,False
thebittimescom,2026-04-22 09:29:03,"If Bitcoin Is Digital Gold, Ethereum Is Everything Else: Here's Why #Bitcoin #cryptocurrecy #CryptoNews #cryptomarket #binance #TheBitTimes https://t.co/81dl3GUa1J",2046883974149210560,971,False
pete_rizzo_,2026-04-26 10:09:00,"JUST IN: SAMSON MOW JUST SAID THE 4-YEAR CYCLE IS DEAD AND #BITCOIN IS HEADING TO $1,000,000

SAYLOR IS FLOODING THE MARKET WITH BUY PRESSURE

""THERE IS NOT ENOUGH SUPPLY"" 

BREAKOUT SOON 🚀 https://t.co/a93eJcmFHI",2048343578796327281,212501,False
Vivek4real_,2026-04-26 13:09:04,"MICHAEL SAYLOR JUST ANNOUNCED TO TO BUY A LOT MORE BITCOIN 

HERE WE GO 🔥 https://t.co/jVM9MHEuqv",2048388893888983341,254593,False
arkham,2026-04-26 06:21:19,"THE ETHEREUM FOUNDATION IS UNSTAKING ETH

The Ethereum Foundation is unstaking $48.9M ETH. They just deposited WSTETH to the Lido unstETH contract and will receive unstaked ETH once the unlocking process is completed.

Are they going to sell this ETH as well? https://t.co/qsfrA9Cj7c",2048286282162610552,1526616,False
TheCryptoSquire,2026-04-19 18:50:00,"🧐 WHAT’S YOUR PICK? 🧐

♻️ $BTC                             ❤️$XRP https://t.co/Lll9gPBNLd",2045937977634017637,550833,False
BullRun_Signals,2026-04-26 12:21:36,"Most creator programs in crypto are a joke.

Repost this. Tag three people. Earn 5% if they ever trade.

@EVEDEX  is doing it differently.

→ 80% revenue share on referral commissions
→ Official affiliate badge
→ No content restrictions: trades, memes, analysis, narratives, whatever fits your style
→ Scored on referral volume, reach, quality, and consistency

I'm already on the platform. The gamification (XP, skill trees, cashback) is genuinely one of the better product experiences I've seen on a DEX.

If you create content and want a program that actually pays:

1. Sign up → https://t.co/8FbxUGz99g
2. Grab your referral link from the Affiliate section
3. Submit your X handle → https://t.co/TcfmxV8zN3

Just don't go inactive, they pull the badge if you do 👀",2048376948880191745,14087,False
Sykodelic_,2026-04-26 10:04:13,"The bullish signals continue to ramp up here.

Bitcoin is currently completing a 50/100D SMA bullish cross.

Every time Bitcoin has done this after reaching oversold on the 1W RSI, the bottom was in.

In addition, Bitcoin has strongly broken out of the 1W RSI downtrend...

Another signal that had also fired the last two times we had this cross.

With just over 12 hours until the weekly closes, unless we get some unexpected news, im expecting us to close above $74,400, which is another strong signal.

Impossible to say if the bottom is in until later, but right now, its shaping up well.",2048342375886643383,71092,False
Bitco21,2026-04-26 13:25:41,"Und die EU sagt Bitcoin ist schlecht, um wieviel ist dein Bankkonto in der Zeit gewachsen, dein Konto können sie jeder Zeit sperren, Bitcoin nicht wenn du es auf der Hardware Wallet selbst verwahrst ⚠️ 
Kaufe, es wird dich retten, die Regierung ist nicht dein Freund ⚠️ https://t.co/MbqhGTko7s",2048393077824401500,458,False
NaomiCoope95432,2026-04-26 12:25:39,"If you’re a regular investor tired of feeling lost, @chistesdelengua’s live trades give you a roadmap. Clear direction, copyable strategies, steady returns.♎😌🔽🎍🐻

stock Crypto NASDAQ 
#AAPL #AIBoom
 $BNAI $AMD https://t.co/uitG3m7sHq",2048377970943987856,0,False
InfoSpace_OG,2026-04-26 12:32:13,". @pullupso turned $575.77 to $1.2M

3 to 7 figs

2000% trades.

Only in Crypto.

If he can do it; you can.

Lock In!!!!  https://t.co/wD8WLxpdlO",2048379621108850713,93627,False
letsexchange_io,2026-04-26 09:00:01,"🚨 WE ARE LIVE!
The LetsExchange × Unity Wallet “Meme Contest” has started 🔥

🗓️ Contest dates: April 24–27

🎯 Topic: Crypto life – trading, wallets, emotions, and everyday moments
😂 Show us your best crypto meme and compete for rewards!

💥 How to join:
📲 Post your meme on X
🏷️ Tag @letsexchange_io + @unity_wallet
#️⃣ Use #CryptoLifeMemes

💰 Prizes
5 winners × 20 USDT each

🏆 What makes a winning meme
😂 Humor
🎨 Creativity
🎯 Relevance to the topic (crypto life)

⚡ Let the meme battle begin!",2048326219750334949,30844,False
3A_Atlas,2026-04-22 02:15:15,"If you had to keep only ONE among BTC, ETH, and 3A, which one would you choose? 🔥🤔
Drop your choice in the comments and let’s discuss! 👇🚀

#BTC #ETH #3AAtlas #Web3 #Crypto https://t.co/nVAeKo157B",2046774804678848846,4459,False
drethenoid,2026-04-24 17:31:59,@nknwn_eth @thehumanoids yo gm brother hope u have a great one g,2047730285559808008,52316,False
CryptoAdventure,2026-04-26 11:06:43,"⛏️  Miner Capitulation: How to Spot It Before the Headlines Catch Up

Miner capitulation sounds dramatic because it usually appears in headlines only after something visible has already broken. #bitcoin #mining #btc #crypto https://t.co/HwgfKVHimB",2048358106015404286,80515,False
BSCGemsAlert,2026-04-26 12:43:32,"“ CRYPTO WILL MAKE YOU NOT NEED A JOB.”

“BUY AND HOLD NOW, RETIRE IN A FEW YEARS.” 🚀",2048382467799974384,504859,False
enesonchain,2026-04-21 09:22:12,"@_Jamisky yea, ETH on top literally 

Bitcoin is gold

ETH is crypto",2046519861157794094,53160,False
CryptoSnack_,2026-04-26 12:09:48,"☀️ Sunday mood: calm on the surface, electric underneath.

We’re on the edge of something big.

This week the Snack Wallet launches and kicks off the next phase of our 5-pillar ecosystem.

Everyday use. Real rewards. Tangible benefits for holders.

The storm is building — and it’s going to be an exciting one.

Stay close. Get prepared. This week is going to deliver.

Who’s feeling good about what’s coming? 🍩✨

#CryptoSnack #SNACK #RealUtility",2048373980185125019,21141,False
ZaraCrypt0,2026-04-26 07:58:58,"50 USD | 24 Hours 🔮⚘️🌳

- RT &amp; Follow @JargonQuest
 
- RT tweet below 👇🏼 

(DYOR, NFA, AD) [ZR0110]",2048310856585265428,108360,False
janrothen,2026-04-21 14:06:12,"@Krypto_Cuervo Weil ETH kein Geld ist und gegen Bitcoin ständig an Wert verliert.

Mit anderen Worten: Bitcoin is hartes Geld (darin kann man sparen), ETH ist Spekulation auf irgendetwas 🤷‍♂️",2046591334597706112,1842,False
TheCryptoSquire,2026-04-23 19:34:00,"⚠️ ripple:native $100K ⚠️

Prediction… or hidden signal? 👀 https://t.co/kdERdX3LiM",2047398602092515414,550813,False
nicksortor,2026-02-11 00:39:15,"🚨 BREAKING: Bitcoin was seen being transferred into the wallet in the Nancy Guthrie ransom note within the past 15 minutes, per TMZ

This comes as FBI agents DECEND on the area near Nancy Guthrie’s house, and Sheriff SWAT vehicles were seen rolling out of the station.

The ransom note demanded $6 MILLION in Bitcoin

Something is happening…",2021383496850174173,1535362,False
NikolaiNuu7895,2026-04-26 12:45:18,"Still mind-blown by @PriyRaval. My stocks are on a massive run. Daily shares of fast-rising winners. You gotta follow this account!🈵👗🦅🔗

MU    AMD  INTC   
#NVDA #AIBoom
 $INTC $S https://t.co/ww7GndpdBY",2048382913079648679,0,False
AAStack,2026-04-26 12:56:41,"POV: You bought the 2025 Bitcoin dip

Its 2027

$BTC +210% 
$MSTR +360% 
$IREN +150% 
$ASST +280%  https://t.co/CRZHcROyJn",2048385777243947293,13984,False
ChloeColli62737,2026-04-26 12:44:56,"I went from anxious trading to confident moves after following @chistesdelengua. Live trades, clear strategies, and reliable steady gains — highly recommended.🥴🐌

StockMarket MSFT SupportResistance
#HPC #AIBoom
 $BTC $PDYN https://t.co/U0zB8d9hME",2048382820666442073,0,False
harriet24830,2026-04-26 12:33:53,"Forget the “trade like a pro” pressure—us regular folks have our own style. Follow @natashaajade1 for live trades that fit our lives.🈵🥯

stock Crypto ARM
#SupportResistance #AIBoom
 $SBUX $UPS https://t.co/pKOjeLCOdk",2048380042460438923,0,False
DustyBC,2026-04-26 13:05:20,🔥 𝗛𝗨𝗚𝗘: Strategy now holds more $BTC than BlackRock’s IBIT https://t.co/a3eje2YsQp,2048387956985962875,223269,False
aussiehaggie,2026-04-26 08:33:28,"Follow @dseventhson ✅💯🔥🔥🔥🔥🔥
She's active and follows everyone back.🤝1️⃣9️⃣👏 🫂🏆🏆🏆🏆🏆🏆🏆🏆🏆🏆🏆🏆🏆🏆🏆🏆😉🧡🔁📬🌟🍇🐆👒🫆🐝🌿🪁👾🌹🦑🥌🍔🦅🍯🪻🪃

Congrats, You are a sixteen-time winner🥇🥇🥇🥇🥇🥇🥇🥇🥇🥇🥇🥇🥇🥇🥇🥇🎉🥳

I like someone who is very active in my post.🔥😘 (Comment & Retweet & Like) Chances are high to be the winner.🥇
I pick 4️⃣0️⃣of my active reply guys every day and upload their accounts to my timeline.
Even if you've been on the timeline, it can be uploaded again to my timeline🔁😉",2048319536211103756,44893,False
BrianBrito97856,2026-04-26 12:55:43,"Want reliable trading ideas without the hype? @chistesdelengua posts live trades with copyable strategies that help everyday investors build wealth slowly and safely.🕊🍢🍇

stock Crypto NASDAQ 
#stock #MarketRally
 $OMER $RIOT https://t.co/9MXXg0p96K",2048385536503763365,0,False
Cirus_Org,2026-04-26 12:41:07,"Breakouts into crowded bullish sentiment are where traps form fastest.

Structure may be improving, but if this move can’t hold with conviction, history suggests it could just be another relief rally before deeper downside.

Price matters. 

Follow-through matters more.",2048381862771667218,83094,False
0xTraderYi,2026-04-26 12:56:29,"新火集团即将增添一员猛将

曾经亏完 1000 个 ETH 的男人罩杯老师

马上官宣加盟新火集团任职首席操盘手

首席经济官付鹏将成为召北老师的首席助理！ https://t.co/DWlb3znFaS",2048385728661639305,15072,False
CryptooIndia,2026-04-26 13:07:34,JUST IN: Michael Saylor hints at buying more Bitcoin 🔥 https://t.co/PkwjRBkGSl,2048388517039141168,424654,False
francis_th51635,2026-04-26 13:22:28,"If you’re a regular investor tired of empty advice, @natashaajade1 delivers. Live trades, copyable strategies, steady returns—real results for real people.🍞🦥🔵🤎

stock Crypto NASDAQ 
#PLTR #META
 $SLB $GEV https://t.co/7kKVQ0iE31",2048392266847265143,0,False
zaidlikesmstr,2026-04-26 13:16:30,"$MSTR

Another week, another buy coming. 🥶

We saw a lot of strength in the common this week. Could be looking at a meaningful buy.

What remains interesting is we haven’t looked at expanding the USD reserves as many were suggesting…

It signals management is anticipating strength in Bitcoin in the coming months.

Either way, the direction hasn’t changed a bit, 

The relentless march continues.

$BTC $MSTR $STRC",2048390767127720415,1619,False
GolinoRomo8304,2026-04-26 12:31:27,"Tired of complicated trading systems? @chistesdelengua keeps it simple—live trades, easy strategies, steady returns. Real trading for real people.🟥🍂🤾🆖🥄

stock Crypto NASDAQ 
#ShortSqueeze #AIStocks
 $ZS $XOM https://t.co/3cpIeS4Bmg",2048379430234636486,0,False
QuintenFrancois,2026-04-26 13:12:03,Saylor is buying more Bitcoin,2048389645218484396,222009,False
DrJackKruse,2026-04-26 11:10:29,Accurate,2048359052581769271,136723,False
MEXC,2026-04-26 12:58:10,"From the 8-shaped board to infinite horizons.

At #MEXC 8th Anniversary, we’re evolving beyond crypto. Landing on Commodity, Prediction Markets, US Stocks, and more, #MEXC0Fee is your gateway to infinite opportunities. ♾️

The board is reset. Are you ready to MEXCmize? https://t.co/GhHrGuSFt4",2048386150059200784,1646365,False
piyasasozcusu,2026-04-26 12:56:02,#Bitcoin 86k or 71k loading ⏳ https://t.co/R1SKEWeP43,2048385613347373263,5668,False
ItenLidija1098,2026-04-26 12:43:58,"As a regular investor, I’ve learned the hard way that hope isn’t a strategy. Thanks to @chistesdelengua’s live trades, I now follow clear, copyable moves with steady gains.📨📤🪒🚬📳

stock Crypto NASDAQ 
#Trader #BearMarket
 $KLAC $SOUN https://t.co/jnoJ1BaumU",2048382580655816769,0,False
crypto_ideology,2026-04-26 11:13:42,"If historical cycle structure holds, $Bitcoin ’s bottom is still months away.

Potentially forming in late 2026. https://t.co/HXP5Eu6xVr",2048359863659761864,49814,False
2dogs1chic,2026-04-26 13:14:52,"“Bitcoin only” is not tribalism.

It is a filter. Always ask: 

Who controls supply?
Who got insider coins?
Who profits from issuance?
Does it work without a company?
Are buyers relying on promoters?

Most altcoins fail the test.

Bitcoin does not.",2048390353019981882,6602,False
CryptoCowboy_AU,2026-04-26 11:15:36,"🚨 ANOTHER @binance SCAM LISTING

140mill - 10 mill in a day is criminal 

They’ll list literally anything if you pay the fee — even when they know it’s a blatant rug.

CZ trained them well: communities come last, their own pockets come first.

You still don’t hate them enough 🤮🤢",2048360339096674495,44923,False
qirilaifu,2026-04-26 13:01:17,"看到 @Drjessylai 直接把赤兔马烧掉那一刻，我是真的有点服了。

上百万美金，说烧就烧，这种狠劲在 crypto 里真不多见。

平时大家都在讲信仰，但真到这种真金白银的时候，能下手的没几个。

SHIB 社区要是多点这种人，确实更有意思，也更有凝聚力。

彩云姐在带赤兔马，这项目我不打算只是围观了，准备认真玩一阵。

CA：0x8ea350c0a5cd5247647b312515fe21e0fe597777
@RedHare_Legend

#SHIB #CommunityIsEverything",2048386937355149661,15194,False
lopp,2026-04-26 12:30:00,"Bitcoin is driven by incentives and game theory, not by morality.

Bitcoin is ""moral money"" insofar as the former align to make it impractical for one group to screw over another group to advance their own interests.
https://t.co/6WZAwdV44L",2048379062654218622,529407,False
dori_coin,2026-04-26 12:55:51,"Being able to pay gas fees with $BTC on Cardano might not seem like a big deal at first, but compared to other chains, the approach is fundamentally different.

If you look at Ethereum, paying gas with tokens usually involves something like a paymaster contract. That means the dApp has to integrate specific contracts and infrastructure to support it. 

This adds complexity, creates dependencies on certain implementations, and introduces potential risks like contract vulnerabilities or funds being exposed. Most chains handle token-based gas payments this way.

Cardano, on the other hand, is designed to support this at the protocol level through mechanisms like Babel fees. There’s no need to deploy special contracts or integrate additional infrastructure. It can handled at the tx construction stage, and you can pay fees in tokens other than $ADA without relying on specific operators or contracts.

As a result, Bitcoin holders could potentially pay gas in $BTC on Cardano, without needing to hold or top up $ADA, and manage their assets in a much more seamless way.

Take it a step further, and BTC holders might end up using DeFi on Cardano without even realizing it, that’s how seamless the UX could get.

This isn’t just a feature difference. It’s a fundamentally different design approach. I think this is one of the reasons why Cardano is well suited for Bitcoin DeFi.",2048385570662187146,7093,False
MichaelRic65984,2026-04-26 13:09:50,"Tired of complicated trading systems? @chistesdelengua keeps it simple—live trades, easy strategies, steady returns. Real trading for real people.😳🧗🐘📍🍭

stock Crypto NASDAQ 
#AAPL #SPAC
 $ARM $ACHR https://t.co/ckDVDiCugn",2048389087325802758,0,False
CryptoCaesarTA,2026-04-26 12:12:38,"Great level to scale in some more $YEE. This video was posted on YouTube 8 years ago. 

$DOGE has hit 90B
$PEPE has hit 10B
$YEE is now at 3M

This is a long-term hold. Wait until the new bull market arrives and retail realize this. https://t.co/j9tryR3Ve8",2048374691748827540,64542,False
josephweb3,2026-04-25 15:10:24,"@erequendi i would diversify, but if you insist with only one. i'd go bitcoin :)",2048057041844084870,9067,False
cryptosymbiiote,2026-04-26 12:17:57,"ALTSEASON HAS BEEN OFFICIALLY CANCELED

BTC.D DUMP PATTERN FAILED TO BREAKOUT 

IT WAS RETESTED AND IS NOW PUMPING BACK https://t.co/PSgng6DeFs",2048376030885216510,116564,False
adamscochran,2026-04-26 11:42:08,"This is one of the most important details about last night.

The overlap between the shooter and another major national security matter.",2048367016994599157,301486,False
fexir1,2026-04-26 12:50:59,$TRUMP. https://t.co/0WzD8096ef,2048384342897148074,32318,False
AlbertoPar87910,2026-04-26 13:26:03,"To all my regular investors: You don’t need fancy tools to trade well. Follow @natashaajade1 for live trades and copyable strategies that use simple tools.🤝⛳

stock Crypto ARM
#VIX #SPY
 $UMAC $CRWD https://t.co/gQI2FYYmju",2048393167935070424,0,False
RaymondSco26453,2026-04-26 12:18:02,"Forget the “overnight success” lies—us regular folks build wealth one steady gain at a time. Follow @natashaajade1 for live trades and copyable strategies.📥💦

stock Crypto NASDAQ 
#AAPL #MarketWatch
 $BBAI $ZS https://t.co/LwHhIYGsrD",2048376051496014284,0,False
BtckinBtc,2026-04-26 12:09:09,URQ1RQ-ZZ5XV1-JSW992-TQ7AAN-XWT6QE https://t.co/HI3plQ1o79,2048373815562969451,2757,False
TylerRush381439,2026-04-26 12:24:16,"Want to grow your portfolio without the stress of constant monitoring? Follow @natashaajade1 for live trades, copyable strategies, and steady gains. Perfect for busy regular folks.🎪🈴🍝⬜🟡

stock Crypto NASDAQ 
#SPAC #AIBoom
 $GME $SOUN https://t.co/qRe7LtkQqg",2048377619285168592,0,False
shirleyusy,2026-04-26 12:35:36,"婚礼把大家都线下聚一起了，开开心心玩了几天。币圈可能会消失，但俺们的回忆都在。 
@Aster_DEX 送的掼蛋套装，这发牌器用处真大！ https://t.co/2YacDv8fKR",2048380473337110794,80028,False
CryptoTony__,2026-04-26 13:26:00,"$HYPE / $USD - Update 

Waiting on that break for a long position. https://t.co/TbPQPQn6mt",2048393155662250072,567083,False
HannahRice9392,2026-04-26 12:20:49,"As a regular investor, I’ve learned the hard way that hope isn’t a strategy. Thanks to @chistesdelengua’s live trades, I now follow clear, copyable moves with steady gains.😼🌑

stock Crypto NASDAQ 
#AAPL #HighBetaStocks
 $GEV $ALT https://t.co/EFRaz3zaKA",2048376754168086622,0,False
fortytooo,2026-04-23 12:42:06,"@LucasTodeschin2 @the_smart_ape Let me spell it out for you in a simple way so you can understand:
BTC &gt; ETH",2047294944059027652,6140,False
Vivek4real_,2026-04-26 12:33:51,"MICHAEL SAYLOR EXPLAINS HOW BITCOIN IS THE ONLY FORM OF CLEAN MONEY WE HAVE 🔥

“0.1% OF THE ECONOMY HAS CLEAN MONEY AND 99.9% OF THE ECONOMY RUNS ON DIRTY TOXIC ASSETS.” https://t.co/SfU0riZ9Ov",2048380030963863569,254593,False
bitget,2026-04-10 16:04:30,"The Strait of Hormuz requires ships passing through to pay tolls in $BTC now 👀

Read more 👉: https://t.co/9RsqktWLba https://t.co/iU21y1LppB",2042634837648118269,4431921,False
bitget,2026-04-10 15:00:21,"Day 2 prompt: 

Walk me through your built-in crypto-ai-trader skills. Based on current overall market sentiment, which Skill is best suited to capture the trends over the next few days?

Start now 👇
https://t.co/r1ObVjqcmW",2042618694241783880,4431921,False
bitget,2026-04-24 03:00:02,"Crazy 48H with $ETH: 30,000 USDT up for grabs! 

🏆 348 winners | Up to 3000 USDT per user 
⏳ 48 hrs only: Apr 23, 16:00 – Apr 25, 16:00 (UTC) 

Join now: https://t.co/tDNMaFTTfW https://t.co/EUwoe1dQLa",2047510849875739067,4431921,False
ChifoiCristian,2026-04-04 11:50:25,"@mikadodu13 Yes, the first squiggle to 26k was only happening if we had a left translated cycle for BTC imo. Now it’s not the case anymore",2040396569875235222,120091,False
bitget,2026-04-14 14:00:25,"Nearly 40% of Bitget trading volume is now in non-crypto assets.

More crypto users are trading across multiple assets, with our single-day CFD volume reached $6 Billion. 

Check out more details in our Q1 Transparency report. 
👉 https://t.co/nPcBqSW1zH https://t.co/6FMBEnFlT6",2044053163750068425,4431921,False
cryptoaceyt,2026-03-27 13:29:05,"S-a dus al nostru ETH sub 2,000 $ si eu nu am loc sa ies la Glovo sa fac livrari.💢

Din fericire ultimii 20 $ castigati nu i-am invetit la 2,200 $, am asteptat asa ca o sa investesc azi vreo 50 $ in ETH de la Glovo, iau si in avans.😂 https://t.co/Cph1HPetcB",2037522295237783842,13985,False
QuintenFrancois,2026-04-26 08:28:42,"If cycle history repeats itself 

Bottom = Q4 2026 https://t.co/hUrRdR2wdv",2048318338581831822,222007,False
cryptoaceyt,2026-03-27 10:42:17,@Gabe_on_crypto trebuia sa iei la 7$ cum ai zis =)),2037480319108940207,13985,False
Realmecore_0,2026-04-26 11:09:54,⅗a hu https://t.co/0WuI8jlzrE,2048358905831735478,22541,False
hobincus,2026-04-16 13:50:07,"@2Bad2Real_ @criptoblast Orice are ETF are o sansa ... din simplul motiv  ca existenta unui ETF inseamna capital si inseamna ca se vor deschide liquidity pool-uri intre alte ALTS si ETH si ar putea face acelasi lucru care s-a facut cu BTC. 
Daca te uiti , deja exista paritati gen SOL/ETH",2044775347850268911,15604,False
cryptoaceyt,2026-04-23 18:36:01,@realdanielnita crezi ca ETH ATH party se intampla inainte sa iesim la pensie? sau dupa?,2047384009836048744,13985,False
cryptoaceyt,2026-03-16 15:11:00,"Episodul 4 din seria livrez la Glovo pana ETH face 5,000 $ este aici!

M-AM OPRIT ÎN TIMPUL LIVRĂRII și am dat 2 PUMNI!

Am făcut record la bacșiș? Hai cu un LIKE:",2033561677623390401,13985,False
cadenabitcoin,2026-04-26 13:30:09,"GM Cadenians☀️

There are two types of Bitcoin holders in 2026:

Type A: HODLs. Watches price. Waits.

Type B: HODLs. Earns yield. Borrows liquidity when needed. Still holds every sat.

Both believe in Bitcoin.

Only one is building wealth while they wait.

Which type are you?

Become Type B → https://t.co/bZSxpqS6gr",2048394199096033314,6218,False
cryptoaceyt,2026-03-17 16:29:01,"Late GM! ne auzim azi pe LIVE de la ora 19:30, piata crypto in sfarsit misca ceva, parca si interesul a crescut un pic.

🔴LIVE - Avem subsol în piața crypto similar cu Martie-Aprilie 2025?",2033943700133359707,13985,False
altbullx,2026-04-26 11:28:43,Tonight before closing $BTC might give a significant move.,2048363642643480695,44329,False
hobincus,2026-04-07 11:27:19,"Si niciunul din ele nu ajuta la adoptie ... :))) 
Proiectele care ar fi trebuit sa creeze adoptie, sa creeze produse pentru oameni din afara ecosistemului crypto si sa-i aduca in crypto ... in acest moment nu sunt profitabile si in pericol de faliment.  
Literalmente proiectele care sunt pe plus sunt doar exchange-uri de mana a doua sau liquidity pool-uri cu Stake and Earn ... si se intreaba lumea de ce crypto este un complete money drainer :)))",2041477920045101440,15604,False
GlimpseMarkets,2026-04-26 10:15:43,What doesn’t kill Bitcoin makes it unstoppable. https://t.co/jaBbsx2N44,2048345270929477855,2718,False
BangXBT,2026-04-26 12:19:50,"I notice that many people seem shocked when they see my prediction from 5 months ago. That’s completely normal. 

When $BTC was trading around $120k, if someone had told you that in just half a year it would drop to the $60k zone, they would have been buried under a mountain of attacks from the bulls.

But what seemed impossible eventually happened. In the crypto world, nothing is truly impossible.

Take a look at my earlier prediction about the bullish scenario from $74k to $127k. That one was also almost perfect, and back then, not many people believed it either.

I don’t believe that a call made 5 months ago, which has been perfectly accurate up to now, will necessarily remain accurate all the way to the final target. 

However, since it hasn’t deviated at all so far, I don’t see any need to change my bias yet.

I may do a full review in May, but until then, I’m sticking with my original view.",2048376505743692272,5155,False
zenkaixbt,2026-04-26 11:52:34,"BUY ALTCOINS NOW OR REGRET IT LATER.

THEY WILL 50-100X ON AVERAGE.

WE ARE ABOUT TO MAKE STUPID AMOUNTS OF MONEY.

LIKE THIS TWEET, AND I’LL SHARE THE COINS I’M BUYING.

FOLLOW ME SO YOU DON’T MISS ANYTHING. https://t.co/OQ0W514wnu",2048369644545695933,7205,False
SeanWallac35944,2026-04-26 12:40:08,"Stop trading blindly. Follow @chistesdelengua for live trades that include clear entries, smart exits, and consistent returns without the stress.💮🧓

stock Crypto NASDAQ 
#AAPL #Crypto
 $SFTBY $AMD https://t.co/vriGezSjdI",2048381614682419512,0,False
TanjaZach211202,2026-04-26 13:01:38,"If you’re a regular investor looking for a reliable guide, @natashaajade1 is it. Live trades, copyable strategies, steady returns—no empty promises.📥💄

stock Crypto NASDAQ 
#Portfolio #Magnificent7
 $SOFI $ARM https://t.co/2WQbCT9qo3",2048387024944550139,0,False
0xklarck,2026-04-26 13:25:18,"🚨 TOTAL3 ( ALTs ) chart just broke the downtrend...

For ~200 days, price was rejecting from resistance zone, but we finally got a breakout

With BTC’s recent strength, ALTs could see a local push higher

Signals point to a near-term move up - turn on notifs, I’ll update https://t.co/922rINdDHQ",2048392980709462415,91838,False
0xweb3willy,2026-04-26 12:38:33,"When you remember you have a ""Crypto project"" to attend to, and you're 1 hour late https://t.co/v9kWzvsjOd",2048381215145656731,2169,False
1000xgirl,2026-04-26 12:58:00,"Something big is coming for bitcoin and alts

Altseason soon🤫 https://t.co/FJbqHjVvWk",2048386109286043789,109545,False
NormanHutc76275,2026-04-26 13:10:07,"I’m not a finance guru, just a regular investor who trades smart. @natashaajade1’s live trades give me the confidence to keep going—steady gains, copyable moves.🛷😴

stock Crypto ARM
#Investor #CleanTech
 $ALT $SFTBY https://t.co/RA3nZKIEQu",2048389160558309447,0,False
thisisnosaa,2026-04-26 12:54:36,THE PFP                                   THE RECENT WIN https://t.co/FGntn1ztRe,2048385255459963365,15578,False
ralli_kralicesi,2026-04-26 11:59:01,"#tuprs

İstek hisse analizi sizlerle... 

Degerlendirene bereketli olsun... 

#Borsaİstanbul  #viop #brent #bitcoin https://t.co/kZGzSZCy0s",2048371266495590814,6309,False
rodgers31787,2026-04-26 12:47:35,"To all my fellow regular investors: Focus on what works, not what’s trendy. Follow @natashaajade1 for live trades and copyable strategies that stand the test of time.💾🍟

stock Crypto NASDAQ 
#ORCL #PassiveIncome
 $AAPL $NVTS https://t.co/UloKhzFKaK",2048383488701710366,0,False
rajala5576,2026-04-26 12:52:54,"Forget the “get rich quick” scams—they’re not worth your time. Follow @chistesdelengua for live trades, real strategies, and steady gains for regular people.🧸🎁🐘

stock Crypto NASDAQ 
#HPC #ValueInvesting
 $ACHR $COIN https://t.co/gWABHa49BU",2048384827867517354,0,False
WelchCathe12265,2026-04-26 13:23:15,"Forget the “overnight success” lies—us regular folks build wealth one steady gain at a time. Follow @natashaajade1 for live trades and copyable strategies.💴⏺🤟

stock Crypto ARM
#Inflation #StockGains
 $ALT $RKLB https://t.co/DMGPO2D44X",2048392464612938209,0,False
Crypt0_Coin,2026-04-26 12:36:06,Gmclgh https://t.co/N3okmvJwQZ,2048380600051015923,3318,False
AnjaFehrin25026,2026-04-26 12:53:53,"If you’re a busy parent, employee, or small business owner, you need trading that fits your life. @natashaajade1’s live trades and copyable strategies make it possible.🚏🍰🎢

stock Crypto ARM
#AAPL #StockTrading
 $AMD $SLB https://t.co/uOZyjaZslU",2048385074031448408,0,False
SalsaTekila,2026-04-26 13:24:17,"Going to sleep, good night, see you at 80K+ tomorrow.",2048392724626448592,226425,False
KatherineN88573,2026-04-26 13:04:28,"Forget the “overnight success” lies—us regular folks build wealth one steady gain at a time. Follow @natashaajade1 for live trades and copyable strategies.💰🥙

stock Crypto ARM
#Stocks #GapUp
 $S $LOGI https://t.co/FNFhhSePL7",2048387736332013577,0,False
XRPBreakingNews,2026-04-26 12:36:53,"🚨BULLISH: The PACE Act is gaining serious momentum. Backed by 120+ crypto firms pushing the Senate… and it explicitly names Ripple as a beneficiary.

Direct access to:
• Fedwire
• FedNow
• FedACH

No more workarounds. No more middle layers.
This unlocks full-scale bank adoption of ODL powered by $XRP. Not fiat, not placeholders… but the real asset🔥",2048380794645729715,13043,False
StarPlatinum_,2026-04-26 12:44:41,"The weird pattern of Dave Portnoy 

- founder of Barstool Sports
- 3M+ followers watching 

2020

- enters trading during COVID
- streams stocks live

2021

- discovers crypto
- backs SafeMoon publicly
- calls himself the “unofficial leader”
- invests ~$40k
- project later exposed by regulators
- founders accused of fraud
- token collapses

he jokes

“I’m the only guy who got sued for losing money”

2024-2025

- shifts into Solana memecoins
- starts trading live on stream

February 2025

launches GREED

- calls it a “social experiment”
- buys ~35% of total supply
- market cap hits ~$30M
- sells entire position in one click
- token drops ~99%

profit: ~$258,000

immediately launches GREED2

- buys ~26% supply
- same pattern

both tokens effectively dead within days

his response

“this is crypto, pump and dumps are encouraged”

same month

- trades random memecoins live
- Montoya coin → quick flip (~$75k total profits across trades)
- Josh Allen MVP coin → peaks ~$12M → collapses to ~$58k
- openly tells followers he will sell

launches JAILSTOOL

- buys ~57M tokens
- sells → rebuys → pumps narrative
- peaks ~$200M+ market cap
- later drops ~70–80%

May 2025

launches the “Trencher Derby”

- 21 tokens
- one for each Kentucky Derby horse
- all deployed on Solana

rule:

winning horse = token “goes to the moon”

- Sovereignty wins
- everything else
- instantly dies

days later, all tokens down ~99%

today probably one of the worst retail voices in crypto",2048382759647723987,97811,False
DarkoMatrix,2026-04-26 12:41:44,"I’ve been using @useTria for a while now.

And I still recommend it often.

Because it is one of the first times crypto stopped feeling like homework.

What actually works

▸ No gas fee headaches
▸ No bridge juggling
▸ No seed phrase panic

Just open the app
And do what you came to do.

Simple.

What you get

» 200+ chains in one place
BestPath AI automatically finds the cheapest route for you

» A Visa card across 150+ countries
Swipe and go
Buying coffee should not need a strategy session

» Full self custody
Your funds stay in your control
Tria cannot touch them

» AI trading features coming soon
You watch
AI does the heavy lifting

The number that matters

$100M+ processed during beta alone.

Not a promise.

Real usage.
Real volume.
Real users.

My honest take

Most apps make crypto powerful.

Tria makes crypto simple.

And somehow does both at the same time.

Life is already complicated enough.

Your finances do not have to be.",2048382014513143906,9242,False
powdae,2026-04-26 12:33:36,"이번 도쿄출장에서 느낀점,
해외에 진출하려면 레저와 트래저 지원이 필수라는 것

너무 한국시장만 생각했었네요. https://t.co/YQiW0VDXaG",2048379971207606766,1296,False
ATHCryptfh,2026-04-26 12:32:26,"ビットコインここ抜けたら暴落するよ
それ以外は触らないのが吉👍
#BTC https://t.co/WQFujhbggl",2048379677497339948,7644,False
PowerHasheur,2026-04-26 13:08:33,"✅📹[Nouvelle video] Blackrock n’était qu’un début. Si vous avez l’impression que le marché crypto dors… regardez ce qu’il se passe derrière la scène. 

Lien: https://t.co/BecMKQdDnV https://t.co/dgGrrmyFCy",2048388764712456484,458628,False
muslima_sol,2026-04-26 13:16:50,I got zero dollar  from all these projects mentioned,2048390847817756904,7488,False
jgonzalezferrer,2026-04-26 13:00:01,Concurso activo de @p2pmevenezuela para la comunidad de Venezuela 🇻🇪 👇,2048386615832182875,64707,False
McLain7588,2026-04-26 12:57:15,"Good morning! Happy Sunday! ☀️
Take it slow today, sip your coffee, breathe a little deeper, and enjoy the quiet moments. Here’s to rest, reset, and a fresh start for the week ahead. 🌀 https://t.co/GPr8020Dak",2048385920169120206,5594,False
Xpad_Official,2026-04-26 12:02:55,"The Xpad charts now have AI TA included
Courtesy of @Xshot_Trading 
check it out: https://t.co/gvUen5MNEo https://t.co/WbRqfRHTjZ",2048372249112014975,408,False
cantonmeow,2026-04-26 13:15:59,"#Bitcoin 4 hour weekend 
Chop chop chop 
Squeeze squeeze squeeze https://t.co/To1NUPLKNr",2048390635741192552,79511,False
crystalfoxeth,2026-04-26 12:42:43,"Spin for $10 to $1000. Daily. Multiple times. $LINEA rewards are wild.

This is probably the easiest $LINEA money in crypto at the moment.

⚠️ Stack your $LINEA spins ⚠️

https://t.co/1iC5JMTCn6

Real rewards. Every day. No limits on spins.

Unlock extra $LINEA spins:
→ Do a token swap on Linea Hub = +1 spin
→ Make a purchase using MetaMask Card = +1 spin
→ Open $10+ positions on Myriad = +1 spin
→ Bridge or transfer WETH/USDC/USDT = +1 spin

Each action gives you +1 spin the next day.
Stack all 4 = 4+ spins daily.

$10 to $1000 per spin.
Multiply that by 4+ spins = huge daily $LINEA rewards.

This is the move right now 

$RIVER $ELG",2048382262488780855,62193,False
GordonGekko,2026-04-26 10:34:47,"Bears are shorting since $60K expecting another major dump.

I told everyone to buy at $60K as Bitcoin is forming a 2022 FTX bottom fractal. https://t.co/BEnpEgc5ej",2048350067401117722,849420,False
CryptoTice_,2026-04-26 10:16:36,"INSIGHTS:

Something is quietly breaking in this market.

Whales are shorting.
Retail is heavily long.

This exact setup has one historical outcome.

The people who are always early. Positioned short.
The people who are always late. Positioned long.

Smart money doesn't short into strength for no reason.
They short because they know what comes next.

Retail is holding the bag.
They just don't know it yet.",2048345492552143024,317621,False
gaiuschibueze,2026-04-26 10:49:07,"I really love smart, articulate, and outspoken women!

I was never going to settle with a woman who Cant be a leader when times call for it.

God, please, make me not end up with a woman who only wants to stay at home and have kids please 🙏🏿! https://t.co/ATtqojOT82",2048353673718161595,113260,False
Karman_1s,2026-04-26 13:08:38,🚨NOW:  Michael Saylor hints at Strategy $MSTR buying more Bitcoin soon. https://t.co/jY8GoVmFya,2048388784140546526,29624,False
AandCnews,2026-04-26 09:52:37,"🚨 BREAKING CRYPTO NEWS 🚨 Litecoin Shares Update on Zero Day Exploit: What Happened? (https://t.co/Mrc2CTzZWm)

@AandCNews

Sponsored Advert:  MARKETING SERVICES (https://t.co/aK8YFsLtcd) https://t.co/6QZz0JGam2",2048339456487280960,657,False
SheltonReb45772,2026-04-26 12:40:50,"Best random find lately: @kidnamedsly. One trade idea = better than expected. Following closely.🕕🐜

 stock stockmarket trading #HNNA #SPY
 $AAPL $CVX https://t.co/tBKzzdiqVv",2048381790079824145,0,False
bitget,2026-04-26 11:00:25,"Take as many as you want 🍬

Which one would you pick first? https://t.co/52GpibNdK2",2048356519385743590,4431921,False
crystalfoxeth,2026-04-26 12:31:18,"Just discovered $ETH I didn’t realize I had.

Each buy tucked away some fees in a hidden wallet.

HUNDREDS of dollars chillin' for many traders.

https://t.co/tbAWV7O5Ry

Years of trading equals years of fees. Could be tens of thousands just sitting there for you.

Standard tools hit you with 2-5%
Terminals take 1%+

etH Reclaimer:
→ Review wallets
→ Just 0.5%
→ Use referral: 0.375%

$EURC $THE",2048379392875811085,62193,False
TwipsX,2026-04-26 06:34:06,"Sekarang udah ga perlu bayar model, fotografer, atau desainer buat bikin brand kalian keliatan mahal.

Semua bisa kalian dapetin secara gratis lewat 1 prompt ini

Hasilnya:

- visual produk lebih premium
- lighting clean & profesional
- komposisi lebih niat
- cocok buat konten & iklan

Pakai ini di ChatGPT:

“Gunakan gambar ini, ubah menjadi visual campaign produk dengan gaya profesional. Buat komposisi menarik, tambahkan model atau elemen pendukung, gunakan lighting lembut dan clean, background minimal, warna konsisten. Tambahkan headline singkat dan layout seperti iklan brand premium.”

Cocok buat:

- jualan online
- konten katalog
- materi promosi

Jangan lupa di-save 🔖",2048289498342236344,31586,False
BearMoonVerse,2026-04-26 07:57:20,"$50 ~ 48 Hours 🪐✨

- RT &amp; Follow @UAe9100",2048310444931354852,310561,False
pukerrainbrow,2026-04-26 12:14:16,Me and bro after $2 profit from crypto https://t.co/r0h1JfhPDG,2048375105529766183,83273,False
RichardWil39102,2026-04-26 13:00:34,"I’m not a pro, just a regular person who’s learned to trade wisely. @natashaajade1’s live trades are my go-to—direction, copyable moves, steady gains.🛂🎧🦱

stock Crypto ARM
#TechnicalAnalysis #StockTrading
 $AI $IONQ https://t.co/4SfhLCa6av",2048386754026074477,0,False
cryptogoos,2026-04-26 13:07:23,"🚨NOW:

Michael Saylor hints at Strategy $MSTR buying more Bitcoin soon. https://t.co/9YhTbuBWLJ",2048388470406549549,112751,False
POTUS,2025-03-08 00:03:36,"""Welcome to the first-ever White House Digital Asset Summit. Last year, I promised to make America the Bitcoin superpower of the world, AND WE'RE TAKING HISTORIC ACTION TO DELIVER ON THAT PROMISE."" –President Donald J. Trump 🇺🇸 https://t.co/nqUrHQ1xLl",1898162648962756970,4158746,False
Gate__Live,2026-04-24 01:32:32,"Stay ahead in the #crypto world with #GateLive!
📺 Watch live daily for market insights and trending news.

🎁 Claim FREE #Airdrops every day—just join a live room with 🧧 and tap to collect!
Watch now: https://t.co/D5WPL1R3Iz
#Livestream #CryptoNews https://t.co/Rgwfp2nWOb",2047488830157283790,52350,False
Gate__Live,2026-04-24 10:10:11,"🎉 WCTC Livestream #1 Giveaway Winners Announced

Congratulations to the following winners:

🏆 iPhone 17 Pro
GateUser-e340892c

🎁 $1000 Futures Trial Fund
封桃king
ETH常青树

Thank you all for participating in the livestream
Stay tuned to Gate Live for more rewards

🎁 The giveaways continue — 3 more chances ahead:

📅 Apr 29, 12:00 (UTC)
📅 May 6, 12:00 (UTC)
📅 May 13, 12:00 (UTC)

See you at the next livestream",2047619100348973237,52350,False
Gate__Live,2026-04-10 09:32:06,"🚨 Gate Live 2026 Global Roundtable #11
Geopolitics × Liquidity Return — where are the crypto opportunities?

🕗 Today 12:00 (UTC)
🔗 https://t.co/JhxQ6jbmcI

US–Iran tensions ⚠️ | Border reopening 🌍
Crypto sits between fear & liquidity
Dump continuation or new opportunity cycle?
🎤 Guests: CryptoRover44 | Joeblaze | Ariella_Steep

📣 What’s your take on the market narrative tonight? Drop your thoughts 👇",2042536088338862564,52350,False
traderbami,2026-04-26 13:01:23,"Eth is just idk

BTC is slow

Sol is scammers only

XRP is for retards

whats the solution",2048386963032437104,96,False
marketwirenews,2026-04-23 10:59:36,"$BTC - Is Owning Just Bitcoin and Ethereum Enough for a Crypto Portfolio 

News &amp; Disclaimer
https://t.co/e0TaMSCCMN",2047269150045671650,60849,False
crystalfoxeth,2026-04-26 12:53:44,"🚨 TIME TO CLAIM 🚨

https://t.co/wMvE1UA1bQ

$GWEI airdrop is LIVE

Those crazy gas fees on Ethereum? Now you’re finally getting something back.

Eligibility based on your proof of pain:
→ Historical gas spend tracked
→ Gas ID threshold met
→ Shared Gas ID on X
→ Open Gas Initiative participation

Ecosystem OGs also in:
✅ Bridged to GWEI
✅ Used any dApps
✅ Held $GWEI

Don’t miss out on this one

$MANTA $BREV",2048385038123667673,62193,False
flushwtf,2026-03-27 20:11:01,Crypto is down so bad that the crypto events are being held in the airports rn https://t.co/TRatWgfozD,2037623447367614475,11505,False
flushwtf,2026-02-19 19:57:08,"This guy might save crypto 👇

 https://t.co/8ODdDiZCqi",2024573991260999957,11505,False
EliBenSasson,2026-04-26 13:12:04,"Crypto cannot reach mass adoption without privacy.
Think of a company considering paying salaries onchain. No employer or employee would agree to have full salary details visible for anyone to see, compare, and track.

This is just one small example of what cannot fully move to blockchain without privacy. There are dozens of other use cases that require privacy.",2048389651702886412,52546,False
Gate__Live,2026-03-30 01:49:48,"✨Start your day with the latest #crypto updates!
Tune into #GateLive for real-time market news and expert insights from top analysts.

🙋Join us at https://t.co/9AMrakZRGc
#LiveStreaming #CryptoNews https://t.co/RM5Y48C7gu",2038433477801226323,52350,False
flushwtf,2026-01-31 19:09:48,@chooserich Every time the front of your hair moves btc goes down 1k,2017676709483712922,11505,False
JeffreyAgu81050,2026-04-26 12:31:24,"Best random find lately: @kidnamedsly. One trade idea = better than expected. Following closely.🔓💚👐

 stock  NVDA  MXL #Crypto #COEP
 $AVGO $AAPL https://t.co/QsysJDO7sn",2048379417102037108,0,False
flushwtf,2026-02-10 20:01:48,@degenyani The line stay ready so you don’t have to get ready applies to creating and building a meme community in a volatile crypto space big time! Appreciate you Belon!,2021313671326994571,11505,False
MartiniGuyYT,2026-04-26 12:59:37,"TRUMP ASSASSINATION ATTEMPT… THIS COULD BREAK BITCOIN

WATCH NOW👇
https://t.co/PoHT1XvDLd https://t.co/M6oDQKcvid",2048386517396254733,708895,False
LeePatrick26391,2026-04-26 12:35:26,"No more risky guesses. @chistesdelengua shows live trades with solid risk management and simple strategies that deliver steady profits for normal investors.🌚🦵🔛

stock Crypto NASDAQ 
#QQQ #Bearish
 $SLV $MOVE https://t.co/EUxYMGZEjr",2048380429900599427,0,False
SangitaMyska,2026-04-26 09:34:54,"Nigel Farage’s latest grift - plugging high risk crypto investments -  has been lifted directly from Donald Trump’s venal presidency. 

If Reform UK’s leader is left unchecked his behaviour will prove nothing short of a threat to democracy.  

My column for @thenerve_news  👇🏽",2048334999548555372,131229,False
Bitcoinprof0637,2026-04-26 12:59:35,"🚨 BREAKING NEWS

🇺🇸 TRUMP WILL MAKE AN EMERGENCY STATEMENT TODAY AT 5:30 PM (Eastern Time)

INSIDE SOURCES EXPECT A STATEMENT RELATED TO IRAN AND CRYPTOCURRENCIES

ALL EYES ON TRUMP

THIS SPEECH COULD RESHAPE THE MARKETS.

STAY TUNED AND TURN ON NOTIFICATIONS https://t.co/SlLrVjHEsm",2048386509540053242,288247,False
kimmyboy2,2026-04-26 09:52:39,Are you holding LUNC? Then remember this! it’s no different from riding a 100x leveraged Bitcoin position that can never be liquidated.,2048339466079879341,12681,False
Gate__Live,2026-04-10 01:31:54,"Stay ahead in the #crypto world with #GateLive!
📺 Watch live daily for market insights and trending news.

🎁 Claim FREE #Airdrops every day—just join a live room with 🧧 and tap to collect!
Watch now: https://t.co/D5WPL1R3Iz
#Livestream #CryptoNews https://t.co/8GyREf81EL",2042415242328883328,52350,False
cryptorover,2026-04-26 03:55:51,"🇺🇸 PRESIDENT TRUMP: BANKS WON’T DERAIL CLARITY ACT.

At a Mar-a-Lago gathering, President Donald Trump said he won’t let banks derail the long-delayed Clarity Act on U.S. crypto market structure.

The Crypto President 🚀 https://t.co/ARQ6C8ukat",2048249675371954588,1569747,False
PrzemekGoldmann,2026-04-26 02:19:43,"Przekleństwo długu w BTC: jak Zaorski przez Krypto Jam stracił miliony Suszka na ropie, a potem patrzył, jak dług rośnie do setek milionów

Wszystko wskazuje na to, że Rafał Zaorski poprzez spółkę Krypto Jam wyłudził od Sylwestra Suszka kwotę nie mniejszą niż 20 milionów złotych. Przy czym kurs Bitcoina wynosił wtedy około 8000 dolarów – zaokrąglając, realna wartość to jakieś 30 tys. zł za BTC. Suszek miał problem z egzekucją tych pieniędzy, a Rafał mydlił mu oczy. Kasa poszła z majątku spółki, konwertując BTC na cash. Rafał stracił te pieniądze podczas krachu na ropie w 2020 i nie miał z czego ich oddać.
Pod koniec 2020 roku kurs Bitcoina wynosił około 110 tys. zł za sztukę. Daje nam to 73,4 mln zł bez odsetek. Możemy spokojnie zaokrąglić do 80 mln.
W październiku 2021 Bitcoiny były spokojnie do sprzedania za ponad 250 tys. zł za sztukę (realnie znacznie więcej). Dług papierowy przekroczył 160 mln zł. Mógł zostać wtedy zrealizowany – sprzedaż BTC i zwrot kasy. Zaorski dalej nie oddał.
Następnie pojawia się bessa i kurs spada. W lutym Bitcoin spada w okolice 160 tys. zł. Suszek dalej nie ma kasy od Zaorskiego. Potężne środki utraciły swoją użyteczność za sprawą felernej decyzji Suszka. Zaorski niewypłacalny, Suszek znika. BTC zjeżdża do okolic 70 tys. zł w listopadzie.
Ludzie nad Suszkiem musieli być naprawdę wściekli, bo podczas bessy pojawia się największy odpływ (BIS Zonda 2025).
To klasyczne przekleństwo długu denominowanego w BTC od 2018. Powstał przy niskim kursie, gdy środki były „tanie”. Gdy BTC poleciał w górę – realna wartość zobowiązania eksplodowała. Gdy przyszła bessa – nikt już nie miał z czego oddać.

Wszystko wskazuje na to, że Sylwester Suszek i Przemysław Kral byli tylko słupami na stanowisku CEO.",2048225481598582865,6131,False
sopersone,2026-04-26 12:32:47,"I think this is the best automated bot on Polymarket

In just a few weeks it made over 28,566 predictions

Trades exclusively on Bitcoin Up/Down markets every 5/15 minutes

Total profit $646,579

Biggest single day win $42,200

Profile: https://t.co/780EToRIxd https://t.co/dkeqz1wBg3",2048379762129748238,3176,False
rationalaussie,2026-04-26 12:15:18,"The crux of all digital innovation over the next decade will be this. 

Very important insight. 

The previous era of the internet disintermediated real world relationships via social networks. It made it frictionless to communicate and connect with anyone in an instant.

And whilst it did reduce coordination costs to some extent, it was still lossy coordination. 

A human with imperfect information trying to co-ordinate with another human with imperfect information to co-ordinate various things at scale: relationships, commerce, community, etc on the internet.

The next era will completely disintermediate the heavy coordination costs involved with trusting third parties online.

Bitcoin will be the trusted settlement layer for money, and AI to AI agent communication protocols with zero knowledge proofs will act as the coordination protocol for frictionless, privacy-preserving trustless coordination at scale.

It's easy to misunderstand the significance of this, so I will spell it out for you.

Most problems in the world today are the result of coordination costs being too high, too costly, too imperfect, and too slow.

AI changes that, because your personal AI will have the densest knowledge graph of any technology in human history. It will know you better than almost anyone.

And when you connect your AI with another AI, those knowledge graphs enable not just two people to co-ordinate, but everyone.

Commerce, dating, jobs, government representation - these are all fundamentally co-ordination problems.

One person, or a group of people, are looking to be matched with someone or something. 

The matching protocols of today are extraordinarily primitive because the knowledge graph of every party is too lossy.

AI will disintermediate all of them.

We are heading towards a truly insane period of innovation, and few see how obvious this actually is now.",2048375365375303856,35115,False
cyrilXBT,2026-04-26 11:42:14,"200 tokens tracked.

6 dashboards open.

Price alerts firing every 3 minutes.

On-chain monitor running in the background.

Sentiment tracker telling you what CT already priced in.

And your portfolio is exactly where it was 90 days ago.

This is the automation trap. And crypto makes it worse than any other industry.

Because in crypto, ACTIVITY feels like EDGE.

Monitoring everything feels like an information advantage.

It is not.

It is noise dressed up as a system.

The traders actually compounding right now are not the ones with the most dashboards.

They are the ones who identified the 20% of signals that actually predict outcomes in their specific strategy and eliminated everything else.

CORE: the signal that directly informs your trade decision.

SUPPORT: the data that validates the signal.

NOISE: everything you check because it makes you feel like you are working.

Most people's entire setup is noise.

The audit that separates them from the 20% takes one afternoon.

The full breakdown is in this thread.

Bookmark this before you open your next dashboard.

Follow @cyrilXBT for more systems that cut through the noise.",2048367043838431259,158603,False
ChandlerGuo,2026-04-26 08:53:20,行业秘密 你知道吗,2048324538585489860,218207,False
Xaif_Crypto,2026-04-26 13:03:33,"The $1.40 zone on xrp is absolutely packed with liquidity 🟡
market makers know exactly where the heat is and price keeps dancing around it

that yellow wall at $1.40 isn't an accident 👀 https://t.co/91aJHKsAF9",2048387508892025065,24573,False
HasanANKA,2026-04-26 11:55:56,"Gram altın biriktiren varmı ?
#Altın / TL paritesi Tradingview üzerinde
Xautryg olarak analiz edilmeli.

Ve 7641 sat bölgemiz.

6000altı al bölgeleridr.

Kısa vade 6678TL seviyesi kırılırsa hareket düşüş getirebilir.

İstek analiz varmı?

#Xau #Btc https://t.co/BIq8gQdCKD",2048370489559552485,77511,False
ralph_defi,2026-04-26 12:18:20,"happy sunday everyone 

this breakfast was bought with @useTria card

when crypto feels normal, you know is working https://t.co/O0XLacLqcc",2048376128679633340,4608,False
MTogliatti9920,2026-04-26 12:36:43,"Forget the “overnight success” lies—us regular folks build wealth one steady gain at a time. Follow @natashaajade1 for live trades and copyable strategies.💡🍕🎵🐖🛴

stock Crypto ARM
#HPC #StockTips
 $NET $GME https://t.co/BWXWJOWnPK",2048380754485199047,0,False
0xvietnguyen,2026-04-26 09:32:16,"82,590 wallets donated less than 0.001 eth ($2.3) to the Aave charity fund

their goal is to have a chance to receive an aave airdrop

if Aave doesn't have airdrop for donater

donater: Aave is scam https://t.co/5MKXmt6kVi",2048334335804375126,12166,False
lopez_bail29604,2026-04-26 12:46:13,"I’m not a finance guru, just a regular investor who trades smart. @natashaajade1’s live trades give me the confidence to keep going—steady gains, copyable moves.🏤😞♓🐷♎

stock Crypto ARM
#BatteryStocks #Recession
 $S $ACHR https://t.co/2cN5edArYm",2048383144374444260,0,False
StarBaseErc,2026-04-26 12:50:30,"The rocket ship is ready!! Moon missions are loading!! The future of civilisation 

https://t.co/wtFyYvV9yu https://t.co/roFQAOXRfK",2048384222323237161,68,False
OnchainLens,2026-04-26 08:57:00,"After 6 months of dormancy, a whale spent 358 $ETH ($828K) to buy 2.62B $ASTEROID over the past 24 hours, then sent it for providing liquidity.

The wallet now holds only 156.57M $ASTEROID. The wallet still has 81.64 $ETH ($190K), likely to buy more later.

Address: 0x73767fc13b9f6f6ff3bd77777944c059f07e4433",2048325460237725788,40732,False
alla_artasty,2026-04-26 12:48:24,"Happy Sunday ♥️

Planetary Waves on @TransientLabs 
1/1
0.05  ETH reserve price

https://t.co/nnpEtPje3A https://t.co/zy1I6mDjlU",2048383696223220005,7151,False
crypto_with_seb,2026-04-26 12:25:14,"Update: 

@rudynakamoto explained. Worth reading and understanding. My concerns were invalid 🙏🏻 

https://t.co/EMjwxipZCm",2048377865347923992,7497,False
AryaNedaee_,2026-04-26 13:08:54,"Most crypto conferences are theater.

@proofoftalk is one of the few that isn’t. 2,500 people in the Louvre, 85% decision-makers, no pay-to-speak. The room matters as much as the stage.

The Louvre doesn’t host crowds. It hosts courts.

1,000 decision-makers, personally reviewed, in the room where history actually got signed. That’s the bar Proof of Talk is setting; and honestly, it’s the only bar worth setting in this industry right now.

If you know someone who belongs in that room, nominate them. If you think it’s you, say so.

See you in Paris. 🇫🇷",2048388854336422166,28205,False
MarieRoger39833,2026-04-26 13:29:22,"Stumbled on @kidnamedsly recently. Tried one trade idea thinking “why not” — ended up surprised in the best way. Following for more.🆕🐞

 stock  NVDA  MXL #Crypto #BearMarket
 $RCAT $LITE https://t.co/8aVFtKbqha",2048394002961973427,0,False
lowkeyfr,2026-04-26 11:54:09,Good week ahead,2048370041939284317,367474,False
CryptoTroia,2026-04-26 13:12:15,Akşam derbi varmış bıkmadınız mı şu barbar sporunu seyretmekten?,2048389695562744144,209977,False
Ernesto_es_TON,2026-04-25 16:18:01,"@carover0 @BTCyberpunk Bueno entonces no pelees contra eso. Es por gusto. BITCOIN, y sino tu lo has dicho, crea tu. Yo acepto las cosas como son, no lucho contra lo que no puedo resolver. 

Además si conoces sabes que tienes una opción 100% segura, BTC.
Lo demás es área verde",2048074056813981848,3522,False
Sheldino_D,2026-03-14 14:08:09,"Crypto bros when Bitcoin is above $125,000  https://t.co/hzyjvxE2db",2032821086442618987,550938,False
Eljaboom,2026-04-26 10:01:24,"BREAKING: #Bitcoin just broke out of a 3 day falling wedge.

Are we heading to $80K next? 👀 https://t.co/QQklMN0A4L",2048341667389022642,696567,False
MoEthWhale,2026-04-26 11:59:47,"$LOL wants to run, waiting for the LOL army to break it out.

Great entry at $2M MC, before $LOL breaks $ATH, then $100M MC, then $1B MC+.

LOL 😂 is going to be the biggest and most viral memecoin in crypto.

CA: 34q2KmCvapecJgR6ZrtbCTrzZVtkt3a5mHEA3TuEsWYb https://t.co/dTqvikWsfG",2048371460520214873,6485,False
biupa,2026-04-26 12:20:14,"行情观点

BTC持续震荡还是尽快突破？

自我们在本周早些时候（周二/周三）提出比特币 $BTC 在冲高至79000一线后会进入一段震荡，比特币也如预期在本周的后半周持续在77-78区间震荡至现在

因此下一个问题是BTC会持续震荡，还是在下周尽快突破？

随着明早8点周线收线，事情会变得更加明朗。

首先是在1H形态上，1H级别我们处在一个上涨趋势之中。上涨后价格偏离均线，转为震荡后目前均线已经逐步跟上价格。而在斜向我们能看到1H级别数个高点连接的斜向趋势线有突破的迹象

因此如果本周的周线收在78以上，行情的回调我认为已经充分而且结束，那么下一步的计划就是向81-84区间上涨

而如果本周的周线无法收上78，也就意味着比特币在今天（周日）的反弹是假涨，跌回斜向趋势线内。那么震荡的时间延长也意味着1H级别的上涨趋势结束，我们需要从更大的时间级别（4H）来寻找回调的依据

简要来说，接下来就看明早收线来确定对于下一周的预期。如果收线能维持在78以上，我对于下周冲高回补CME缺口的信心十足。反之，意味着震荡时间延长。但仍然不意味着会立刻下跌

ETH一会会另发一条进行分析

本⽂由 #BCGAME 赞助｜@bcgame @bcgamecoin",2048376604372676851,24066,False
ChrisCa76642661,2026-04-26 12:59:49,"🚀 Bitcoin (BTC) is at $77,846 
24h: 0.35% • Market Cap: $1558.46B

Live chart: https://t.co/8C780qq2Y4

#Crypto #Bitcoin #Ethereum #BaseChain",2048386566347792691,1509,False
jgonzalezferrer,2026-04-26 06:00:01,"GM fam! 🌞

I'm not afk, I'm busy vibecoding 💻 https://t.co/LxFRQstCBN",2048280921053569030,64707,False
Emreislek,2026-04-26 12:08:08,"Bitcoin yatırımcısı şu anda bir “çifte açmaz” (kayıp-kayıp) riskiyle karşı karşıya. Tam olarak ‘sideways = pain’ dönemi. Ne longcular mutlu ne shortçular...

2021’den bu yana bitcoinin s&p 500 borsa endeksine karşı getirisi neredeyse sıfır. Üstelik bu dönemde Bitcoin’in yıllık fiyat dalgalanması  S&P 500’ün yaklaşık üç katı oldu.

Nisan ayında bitcoinin s&p 500’e göre göreceli gücünü ölçen btc/spx oranı yaklaşık 11 seviyesindeydi. Kripto piyasasının eski momentumunu yakalaması ve 2024’ün ilk çeyreğinde (abd'de bitcoin etflerinin çıkmasıyla) gördüğü zirveyi tekrar test etmesi için bu oranın 14’ün üzerine çıkıp orada tutunması gerekiyor. Bu rakam, bitcoinin piyasadaki “nispi üstünlüğünü” ölçen somut bir eşik. Kırılırsa yeni bir yükseliş döngüsü, kırılamazsa mevcut sıkışma devam eder.

Asıl dikkat çekici nokta, bitcoinin bu durgunluğun ne kadar elverişli bir ekonomik arka planda yaşandığı: abd merkez bankası piyasaya ciddi miktarda likidite sürdü. Amerikan borsasının toplam değeri, ülkenin ekonomik büyüklüğüne (gsyih) oranla 2,4 katına ulaştı. Bu, 1928’den beri görülen en yüksek yılsonu seviyesi.

Böylesi bir para bolluğu ve borsa coşkusu ortamında bitcoinin hala piyasa endeksine karşı getiri üretememesi, ilk ve en büyük kripto paranın artık geleneksel piyasalarla daha entegre ve artan rakip kripto para arzına uyum sağlamak zorunda kaldığına işaret ediyor olabilir. Bitcoin artık “tek başına hareket eden bir varlık” değil; makro likidite ve küresel risk iştahıyla daha sıkı bağlara sahip.
 
14x oranı önümüzdeki 1-2 yılın yön tayin edici seviyesi olacak. Bu oran aşıçılırsa yeni bir siklus, kapanırsa daha uzun ve sıkı bir konsolidasyon dönemi bizi bekliyor. #bitcoin",2048373560423461190,239211,False
CryptoCaesarTA,2026-04-26 11:58:16,"A statement: in a proper bull market, $AIB would have already surpassed 250M. 

Will hold this. I’m in since 1M. This is the next runner. https://t.co/kBYWXxYSJt",2048371077949149577,64542,False
CryptoTony__,2026-04-26 10:02:00,"$PEPE / $USD - Update 

Curling bottom + higher lows. Let us get that pump. https://t.co/SHpU1WeFsy",2048341817478046021,567083,False
JamesEastonUK,2026-04-26 12:11:18,Bitcoin looks primed to go absolutely parabolic. https://t.co/QUaD60ZWDx,2048374356519305524,32905,False
AksuErol,2026-04-26 12:24:58,"Mrb arkadaşlar 
Nasılsınız
#bitcoin",2048377795823235121,13117,False
s_nakotomo,2026-04-26 09:44:46,"Looking beyond crypto  what breakthrough tech excites you for 2026? AI agents that can buy, plan and act on our behalf ? Humanoid robots replacing repetitive tasks ? Real‑time translation making languages optional ? Or satellite to. phone networks reshaping telecom ? Share your thoughts!",2048337479405576240,112959,False
exitpumpBTC,2026-04-26 08:09:43,"$BTC Observing the same pattern of Open Interest reset here and this time price is down only 3% while OI retraced 10%, that's a huge deleveraging. Based on this alone, market can pump again into 80ks. https://t.co/qFxPEyGh7u",2048313560455897157,39053,False
TurkeysDunn,2026-04-26 13:25:41,@MatiAllin Ether P or E $HEX you have a way more superior product the bitcoin:native,2048393075328778619,333,False
matteoinvest,2026-04-25 06:52:07,"📰 Crypt'Infos #115/365

GM à tous ! ☀️

Fear & Greed Index : 31/100 🟠
Dominance BTC : 58.09

Tracker d'ETFs :
ETF #BTC + 3,30M$ 📈
ETF #ETH - 8,90M$ 📉

#Bitcoin 77.526$ 🔴
#Ethereum 2.316$ 🟢

Bitcoin n’a toujours pas été récupéré sa mèche de liquidité, à voir la clôture weekly mais ça peut confirmer le retour baissier⏳

La semaine se termine en beauté avec de beaux inflows côté ETF ✅

Attention à $ETH qui construis un triangle de compression 💸",2047931646452670668,8178,False
Bitcoin_Teddy,2026-04-26 09:02:00,"French politician removes his Rolex watch before giving a speech ""denouncing the ultra-rich"" https://t.co/mQzqkdQRIc",2048326718226628952,89259,False
kayaorhun26,2026-04-26 11:52:58,"Bitcoin Analiz ;

76.500$ yüksek dip bölgesinden dönüşü bularak ;

Şuan yapmış olduğu yüksek dip bölgeleri ;

76.800$\77.100$\77.300$ dır .

Yapmış olduğu yüksek dip tepesi (77.300$)’rın (bir önceki yüksek dip) 

77.600$’rın geçilerek 78.200$ yeni potansiyel tepemiz’dir . 

15 dk’lık dahil olmak üzere 4h’a kadar flama atmış ve bahsettiğim sıkışmayı oluşturmuş durumda . Hem tepe’ler yüksek , hemde dip bölgeleri.

Trend her zaman dediğim gibi yükseliş trendinde .

77.500$’da boşluk var , burayı alabilir fakat almadanda gidebilir , çünkü 4 saatlikte hacimli yüksek mum atıyor.

79.500$’rın geçilmesiyle 

80.600$

81.500$

82.400$

83.000$

85.000$ potansiyel tepe bölgelerimiz olacaktır.

Saygılar , Sevgiler 

-HunBey.",2048369745838141524,2848,False
HakkPilpil,2026-04-26 13:03:00,"Bugün son günü olan yarın sabah kapatacağımız  ücretsiz  Telegram gurupta  sabah  saat 10 da  İzlemeye başladığımız 
#band
#mıto
#alcx
#fıda
Nereye kadar giderse
Önemli olan #btc yapabileceği saçmalıklar
Hacimleri takip edelim
Asla yatırım tavsiyesi değildir
#tly
#dfı
#btc
#vps https://t.co/Ww4GwY4tfh",2048387367816368593,4446,False
LeanneBail26873,2026-04-26 13:23:53,"I used to think trading was too expensive for regular folks—until @chistesdelengua showed me how to start small. Live trades, copyable strategies, steady gains—even with little cash.📿🙍🥯🍨📐

stock Crypto NASDAQ 
#BigTech #ValueInvesting
 $GEV $ACHR https://t.co/XIT1AEllHa",2048392623660929170,0,False
chaoge_btc,2026-04-26 08:27:29,快件VPN我已经申请退款了，5个工作日到账。即使以后恢复了我也不会再用了，我本来以为是小众VPN，没想到半个币圈都在用，这单点风险太大了，赶紧换了。现在用的比快连好太多了，延迟58ms，网速220M，联通移动电信三网都很稳。 https://t.co/5GNs26y6QD,2048318030997049655,19661,False
annvandersteel,2026-04-26 12:38:02,"Americans need to understand what just happened.

Iran built an entire sanctions proof system using crypto, especially USDT (digital dollars). Their central bank and IRGC moved money through it to bypass the global banking system.

Then on April 23, 2026…

$344 MILLION in USDT was frozen instantly.

Not seized later. Not chased through banks. Frozen on-chain.

Because USDT isn’t “decentralized.” It can be blacklisted. Wallets can be shut off. And that freeze was done in coordination with U.S. Treasury and law enforcement.

Read that again:
A nation tried to escape the system… and got shut down with a command.
Now look at the C.L.A.R.I.T.Y.  Act.

It doubles down on this model:
Track. Trace. Report to the IRS.

Every wallet tied to identity. Every transaction visible. Every asset controllable.
This isn’t about Iran.

This is the blueprint.

So ask yourself:

Is this a CBDC in disguise?",2048381086812516683,416947,False
RippleXrpie,2026-04-26 12:16:14,"HERE’S THE REAL REASON CRYPTO IS DOWN! $XRP HOLDERS AND Ripple ARE ALREADY AWARE — THIS MOVE WAS PRE-PLANNED!

TRILLIONS IN VALUE MAY FLOW THROUGH THE XRPL, WITH REAL TOKEN STRATEGICALLY POSITIONED AT THE CORE — FOCUSED ON TRANSFORMING THE GLOBAL PAYMENTS LANDSCAPE.

 TRADE $REAL ON DEX:
https://t.co/NQ22M7MQwO

 BUY $REAL TOKEN ON MEXC:
https://t.co/hlvhKHvNt7",2048375597202649388,464126,False
mide_io,2026-04-26 13:23:17,"Crypto really changed my guy’s life. he moved out of his parents house at 19, at 24 he moved back in.",2048392472548524312,42704,False
Bitcoin_Teddy,2026-04-26 13:05:00,"MARCO RUBIO: ""We won't have to talk about sanctions in five years because there will be so many countries transacting in currencies other than the Dollar that we won't have the ability to sanction them."" https://t.co/IwIxvN8UdE",2048387871015641148,89267,False
thoraGRCU,2026-04-22 15:37:38,"@HerroCrypto probably btc as it's always the safest option, or maybe even eth",2046976731857219983,1325,False
enricmm85,2026-04-26 12:47:48,@blockchainchick If we want #Bitcoin to succeed then we need to accept the fact that #Bitcoin will increasingly become institutionalized. It's inevitable.,2048383544871813146,491,False
Tom___Scott,2026-04-26 09:28:03,"1/ The Guardian's deep dive into offshore crypto billionaire and Reform mega-donor Christopher Harborne is well worth reading. Naturally, convicted fraudster and money-laundering expert George Cottrell - Farage's long-term sidekick - plays a part in this story. https://t.co/joM5iItoak",2048333274271842397,20003,False
Ghiblitimeart,2026-04-26 13:02:06,"We got BITCOIN HarryPotterObamaSonic10Inu

So why not ETH ElonMuskTrumpAsteroidShibaInu ? https://t.co/He1CzZBNEJ",2048387140162371978,13896,False
TonyPaul413994,2026-04-26 13:17:44,"Forget the “overnight success” lies—us regular folks build wealth one steady gain at a time. Follow @natashaajade1 for live trades and copyable strategies.🐋💿🟡❓

stock Crypto NASDAQ 
#AAPL #Crypto
 $UNH $IONQ https://t.co/LXajEt56hc",2048391077283966993,0,False
SymbianSyMoh,2026-04-21 17:57:10,"@HurfYousef bitcoin only, crypto stands for cryptography, cryptocurrencies aka tokens are scams!",2046649457307979805,33599,False
GrailsOTC,2026-04-26 05:19:37,"BAYC #9098 Secured @ 50 ETH
via @GrailsOTC.

Congrats to buyer &amp; seller. https://t.co/PiIqIw9bUl",2048270754941161555,2483,False
aussiehaggie,2026-04-26 12:02:38,"Follow @Mast_work ✅💯💯💯💯💯💯🔥
He's active and follows everyone back.🤝2️⃣7️⃣👏🫂🥇😉🧡📬🧪✨🪺

I like someone who is very active in my post.🔥😘 (Comment & Retweet & Like) Chances are high to be the winner.🥇
I pick 4️⃣0️⃣of my active reply guys every day and upload their accounts to my timeline.
Even if you've been on the timeline, it can be uploaded again to my timeline🔁😉",2048372178425684259,44893,False
DAF1CHAIN,2026-04-26 12:29:47,"✨ DAF Coin (DAF1)

ليست مجرد عملة رقمية، بل مشروع يهدف لتقديم حلول دفع وتحويل أسرع وأكثر كفاءة.

🚀 تعتمد على شبكة BNB لتوفير معاملات سريعة ورسوم منخفضة.

💡 نعمل على تطوير نظام مالي رقمي يسهل الاستخدام ويواكب مستقبل Web3.

#DAF1 #DAFCoin #Crypto #BNB #Web3 https://t.co/1o4kSXSFWq",2048379011148009760,37,False
Einsamwolf58184,2026-04-21 21:53:49,"@Vatoshi I think both sir 😭🥲

never again, just Bitcoin Only ⚡",2046709012192796787,101,False
astronomer_zero,2026-04-26 11:35:17,"Early 2022, I called the $BTC bottom at 15k, nearly a year in advance

Most dismissed it

Price didn’t

Now, 2026 the crowd is very obviously convinced we go sub 50k

And one again, I’m on the other side.

Where we have shown data over the last months suggesting it won't happen.",2048365295350518103,60565,False
Web3Niels,2026-04-26 12:08:30,"Coinbase premium has stayed positive since April 9.

During the same period, $BTC jumped from $71K to $79K. https://t.co/B1APIkmIdv",2048373653184655607,62094,False
TomanovaVi22026,2026-04-26 12:32:05,"Who else is loving @PriyRaval? Stocks exploding daily from his tips. He finds winners that pump quick. Follow him now!🕌🚃🥉

AAPL  AMZN  stock 
#SwingTrading #MarketAnalysis
 $JPM $BTC https://t.co/HsryOQ06sW",2048379587415916768,0,False
Share_Talk,2026-04-26 12:44:00,Grab ☕️ @ZaksTradersCafe takes a video charting look at some of the most closely followed Small-Caps on the London Stock Exchange. Today’s📊#FTSE100 #DAX #DOW #BTC #Gold #WTI #AJAX #CWR #DGQ #ENSI #BANK #GENF #HUI #ITM #MKA #NEO #OMI #PRD #SSIT #TENG https://t.co/dJ555gjqGz,2048382587748360303,33859,False
hodlonaut,2026-04-26 12:07:27,"In Norway, the state publishes this every year for anyone to read.

The media follows up and makes articles with lists like «these are the richest crypto people».

Insanity.",2048373387156705368,156436,False
nabu_lines,2026-04-26 13:06:34,"gm gm...☀️

$BTC or $SOL ?! https://t.co/kI1rcmaRyY",2048388265229615561,84688,False
matteoinvest,2026-04-24 06:37:53,"📰 Crypt'Infos #114/365

GM à tous ! ☀️

Fear & Greed Index : 39/100 🟠
Dominance BTC : 58.13

Tracker d'ETFs :
ETF #BTC + 213,90M$ 📈
ETF #ETH - 66,70M$

#Bitcoin 77.988$ 🔴
#Ethereum 2.315$ 🔴

On a eu que des jours positifs aux niveaux des afflux de Bitcoin sur les ETF ✅

J’envisage toujours mon scénario baissier quand je vois les 2 dernières clôtures⏳📉

Le dollar index pourrait se rapprocher à nouveau des 100 points 🎯",2047565675418263872,8178,False
MitsefX,2026-04-20 05:35:48,"The trend is your friend… until it isn’t.

| #Bitcoin - $BTC | 
| #Altcoins - $ALTS |
| $KDA &amp; $FLUX &amp; $AR |
| Not Financial Advice |
| Do Your Own Research | https://t.co/G6Jdu0BNiU",2046100498684489916,725,False
Cryptodonnet,2026-04-26 12:18:45,"Are you clicking and exploring Citrea Chain yet?

@citrea_xyz is a new ZK roll-up Layer 2 that is fully EVM-compatible, built on Bitcoin.

As an early adopter, there's a lot you can do on Citrea chain.
You can be:
-Bridger
-Trader
-Lender
-Borrower
-Adventurer
-Yield Strategist 
- And liquidity Provider

You can take on any (or all) of these roles and grow your Citrea on-chain footprint, from Beginner → Explorer → Advanced → Power User, by interacting with different dApps across the ecosystem.

Your on-chain activity is tracked on the Citrea dashboard, and this record may influence your final campaign outcome.
 
👉Explore here: https://t.co/0LMVeIFdfO
-Connect your EVM
-Switch to Citrea chain
-Interract with available dApps 

Data updates: Tuesdays & Fridays
Progress isn’t linear and various algorithms are used to measure activity.

👉Don't forget to chech the disclosure section below the dashboard page.

 🚨DISCLAIMER: This content is not sponsored or paid post. Make sure you DYOR.",2048376234573230186,95,False
AshyCompounds,2026-04-20 15:05:21,"@wealthrewired8 $VOO And Chill!!!
But if I had to pick between $BTC and $ETH, it is $ETH",2046243832291823670,1202,False
Crypto_Force_1,2026-04-26 12:56:48,@marc02200 Stop chasing garbage and focus on what everyone wants.   Bitcoin.,2048385808474800437,673,False
AsbjrnL76856,2026-04-26 12:56:45,"Trading used to feel like gambling to me. Now it feels like a skill. Thanks to @natashaajade1’s clear live trades and simple copyable strategies, I’m seeing steady gains.🎠🧠🐏😼

stock Crypto ARM
#WallStreet #ORCL
 $POET $RKLB https://t.co/8T0pYSp2er",2048385794167964123,0,False
Ray_btc_fx,2026-04-26 12:12:19,これ覚えてから月100万は稼げるようになった。 https://t.co/xnsdJipJGx,2048374613709849059,87,False
KellyChery71401,2026-04-26 13:23:09,"Wasn’t searching for signals but @kidnamedsly found me. Tried one and it worked. Locked in.😯✖🏡

 stock investing SP500 #EEIQ #Crypto
 $KTOS $CRWV https://t.co/Qm0dUK6oKs",2048392441162801285,0,False
egragcrypto,2026-04-26 11:34:26,"#XRP – Line Chart Reveals the REAL Structure (Noise Removed): 

💡Retail are watching candles… Smart money watches closes.
👉The line chart strips out the noise:
▫️No wicks.
▫️No fake outs. 
▫️No emotion.
▫️Just true structure.

👉What Line Chart shows :
▫️Clean macro trend
▫️Compression after volatility
▫️Lower highs pressing into support
▫️This is NOT distribution…
▫️This is re-accumulation under pressure.

👉Formation Insight:
▫️Not just a broadening wedge…
▫️Expansion → Compression → Breakout setup

 👉What’s Next?
🟢 Break resistance →
▫️$3.00 first target
▫️Then expansion phase
🔴 Lose $1.10 →
▫️Possible final shakeout ($0.90 zone)

💡Candles show emotion, Line charts show intention.

Structure > Noise 🗣️ONLY FEW 🧠",2048365078936752147,92857,False
DAMIR626322,2026-04-26 12:49:13,"Old Money: Red.
New Tech: Black &amp; White. 💻

​Traditions are the foundation, but the future belongs to those who rewrite them. Meet COCORO — the ultimate version of a timeless classic.

​#COCORO #ETH #ClassicReimagined #Web3 https://t.co/zsaTTeYMY2",2048383900280316376,660,False
01573bit,2026-04-26 13:03:07,"ME 离开 BTC 生态之后，市场反而有意思了。

最近 Ordinals 交易连续几天上涨，交易量也开始回暖，虽然整个 BTC 生态还谈不上全面复苏，但一些细分社区已经开始悄悄动了。

比如 #NODESTR 节点猴策略一直在执行，代币已经销毁 20%， $NODESTR 在 radFi 上也从 1.4 sats 涨到 1.96 sats。

这说明什么？
BTC 生态不是没人了，而是真正有社区、有执行力、有长期共识的资产，依然在默默建设。

节点猴、OMB、Bitcoin Puppets……
这些 Ordinals 头部 NFT 社区，给我的感觉很像早期以太坊 NFT + meme 社区。
不是单纯靠一个图。
而是靠身份、文化、社区凝聚力、持续运营，把资产慢慢做成共识。

我一直认为，优秀社区未来一定会给成员带来丰厚回报。
只不过 BTC 生态过去最大的问题是：
资产有了，故事有了，社区也有了，但流动性和交易体验一直不够好。

这也是为什么我越来越看好 radFi 的原因。
如果未来这些 Ordinals NFT 社区选择发行社区 Token，或者做更深的社区经济模型，我认为 radFi 的优先级会非常高：
1⃣ BTC 原生生态承接流动性
2⃣ Swap 秒级即时交易体验
3⃣支持 BSC / SOL / ETH 直接兑换 BTC 生态 Token
4⃣对外部玩家进入 BTCFi 更友好

过去 BTC 生态缺的不是资产，而是一个真正能让资产流动起来的入口。

再说符文石 #runestone 。

符文石持有者已经等二次空投等太久了。
但我反而觉得，不一定非要等 Leo 官宣。

如果有 Dev 或社区团队，能发起一次 符文石 DAO 空投，并且和 radFi 做一套合作方案，我认为效果会非常炸。

别忘了，符文石可能是整个加密史上最牛逼的一次空投。
它集结的不是一个BTC生态小圈子，而是整个加密市场最真实的一批链上玩家。

如果第一次空投靠的是叙事和公平分发，
那第二次空投真正需要的是：更好的基础设施 + 更强的交易场景 + 更真实的社区流动性。

这一次，BTC 生态已经不再是 2023 年那个只有铭文和场外 OTC 的阶段了。

radFi 这样的基础设施出现之后，BTC 生态的社区 Token、NFT 社区经济、DAO 空投，都有机会重新玩一遍。
而且会比第一次更成熟。

Ordinals 没死。
BTC 生态也没死。

只是下一轮，可能不会再用过去那套玩法回来了。
它会带着新的流动性、新的工具、新的社区资产模型重新回来。
而 radFi，很可能就是这一轮 BTCFi 社区资产爆发的重要入口。 @radfi_btc @CTORadtardedRat @bottle_btc  @OrdinalMaxiBiz

$RAD $NODESTR #Ordinals #BTCFi #radFi #OMB #RUNES",2048387399047422261,14221,False
thepowerfulHRV,2026-04-26 13:09:35,"Another orange dot with no $STRC ATM last week?!

Good lord.",2048389026420318212,22355,False
MysteryRiderEth,2026-04-26 13:00:01,"it started as drawings

it turned into history

$MYSTERY https://t.co/T97OblNvku",2048386617971290433,1147,False
HCalhoun24883,2026-04-26 13:25:16,"Tired of scams that take your money and disappear? Follow @natashaajade1 for live trades, real strategies, and steady gains you can count on.🌃🆖

stock Crypto NASDAQ 
#AAPL #DowJones
 $GLD $ACHR https://t.co/ZaeIY0XOYl",2048392973893988412,0,False
Jake__Wujastyk,2026-04-26 12:53:40,"Just shared my TOP SETUPS into next week w/ Subscribers as well as thoughts into the week ahead.

Also shared daily/weekly candle charts for:
$NVDA $AMD $MARA $GME $NBIS $COIN #Bitcoin $META $AMZN $GOOG $SPY $QQQ $IWM $GLD $ONDS $OPEN $HOOD $TSLA $AAPL

https://t.co/EcxwV9e5sG",2048385019895222382,391920,False
Fiercecrypto,2026-04-26 12:26:25,"GM it’s another bullish Sunday and the squirrel on Waterskiis is still holding stable it’s all about real communities and builders now.. see you at Twiggilions 🐿️🌊💯

nY8XuFsMqM6UTUeubekYUTvvSmX695Zb1oG5EmDpump

#SOL #Crypto #Youtube $PNUT $TEARY https://t.co/h3enmk4NRt",2048378162640269430,1454,False
AlyssaGome88931,2026-04-26 13:18:31,"Forget the “overnight success” lies—us regular folks build wealth one steady gain at a time. Follow @natashaajade1 for live trades and copyable strategies.🤱🏤🧥🐳🍋

stock Crypto ARM
#ETF #AMZN
 $GRI $SFTBY https://t.co/EBHCJw1eHc",2048391271384055979,0,False
cryptogoos,2026-04-26 13:18:00,"Over the next 2-3 years. 

The CLARITY Act will pass. 
Rates will come down. 
QE could start. 
The agentic economy will see incredible growth.

Long term, it's hard to be bearish on $ETH. https://t.co/AQk1NcA9Ko",2048391142643741059,112751,False
glcrypto1618,2026-04-26 11:32:57,"$BTC CME Futures

The gap created in February is quite large / aggressive (act as ""resistance"" now). It could be one of the last of its kind, as starting May 29, 2026, CME has announced it may move to 24/7 trading for crypto BTC and ETH futures & options could trade non-stop, including weekends.

If confirmed, large CME gaps disappear, one of the most well-known BTC trading strategies becomes irrelevant.
Institutional liquidity on weekends, the market is no longer dominated only by retail and small market makers on Saturdays/Sundays.

One of the biggest structural changes in crypto market mechanics in years.",2048364706474209410,19836,False
cryptocupra,2026-04-26 09:32:06,"WE ARE ABOUT TO MAKE STUPID AMOUNTS OF MONEY 

BITCOIN TO NEW ATH
ALTS 10-100X IN AVERAGE

$BTC.D https://t.co/houWpUmEei",2048334293877821461,42771,False
SultanNasir51,2026-04-26 10:24:58,"Good afternoon fam 

Everyone's screaming about scaling. TPS this, TPS that.

@quipnetwork ? They're thinking way ahead. Building for the security apocalypse nobody talks about yet.

Post-quantum crypto + decentralized compute. Not hype. Future-proofing.

Here's what hits different

Wallet wrapping: Upgrade your existing bags without the pain. No starting from zero. Just... secure.

Quantum-resistant accounts: HODL insurance for the long game. Your crypto stays yours, even when quantum flips the script.

Compute marketplace: Monetize your idle resources. Actually productive. Get paid for what's sitting there.

This is infrastructure that lasts not built on today's assumptions, built on what's coming.

Real talk: Early or blind? Quip's playing 4D chess while everyone's doing checkers.

Nodes live? Who's running? Drop it 

Future-proof vibes only",2048347599581921346,12429,False
BitcoinArchive,2026-04-26 05:26:52,"Bitcoin at $78,000👀 https://t.co/zrBtsGYOQY",2048272578498711852,1814796,False
kimmyboy2,2026-04-26 08:21:17,"A 625x increase from here to 0.032. It’s just a matter of killing three zeros. Remember! this is the crypto market, and you are holding a beast called LUNC.",2048316472708259994,12681,False
HardyKathr6971,2026-04-26 12:53:14,"To all my regular investors: Your hard work deserves steady returns. Follow @natashaajade1 for live trades and copyable strategies that reward your effort.😿🧇🎎

stock Crypto NASDAQ 
#SPY #Recession
 $AAPL $ACHR https://t.co/zUNymSGkre",2048384908536725998,0,False
BSCGemsAlert,2026-04-26 09:36:13,What #Crypto are you buying today? https://t.co/V1iDAqclle,2048335328700964947,504859,False
KookCapitalLLC,2026-04-26 11:34:57,"picked up 2 blue chip grail nfts in the last few days

thinking the top end of the nft market will run 2-3x from here

&gt; floors move up in eth terms

&gt; eth moves up in usd terms

should 3x my usd investment in a few months

lets see if im right 😁",2048365209249554796,180188,False
sunyunran,2026-04-26 10:40:14,你真正需要的，从来不是一份工作，而是属于自己的长期稳定现金流，工作是工具，不是目的，稳定的现金流才是目的。例如，房租产生的现金流；每年一次或二次的股息产生的现金流；红利类基金分红的现金流，等等。当然，稳定的工作也能提供稳定的现金流。,2048351439756697846,26794,False
DavidHosts,2026-04-26 08:50:35,"⚠️ MULTI, SAME BIO SAME BAR⚠️

https://t.co/Qe5AOBaAqi

https://t.co/ASWwGWMPrH

https://t.co/Pg74zEfCF6

https://t.co/46ZlgraMXt

https://t.co/BvIXgGuf7f

https://t.co/XumODonRy6

https://t.co/AumQh4LDf2

https://t.co/PwgLAIZX53

https://t.co/S4dwUtTacL",2048323845988458550,193584,False
cryptorand,2026-04-26 11:54:00,"32% of ETH is staked. Locked. Earning yield. Not for sale at any price on your screen.

The float keeps shrinking. The ETFs keep buying. https://t.co/uWHUD50QyM",2048370002940829889,340911,False
UniverseTwenty,2026-04-26 10:16:52,"🚨PRICE ALERT Leading crypto exchange uphold mentioned two times on their #X profile ""#XRP just hit 1,000$"" 💥💥🚀 https://t.co/R58r3Cfksj",2048345561213096034,123964,False
LarkDavis,2026-04-26 13:30:10,"Secretary Scott Bessent announced the freeze of $344 million in cryptocurrency tied to Iran.

Tether confirmed it was THEIR USD₮, they cooperated with OFAC and U.S. law enforcement to freeze over $344 million in stablecoins.

On the surface this looks like normal private company + government cooperation.

But this is exactly why so many people are attracted to $BTC.

No central issuer. 
Hard-capped 21 million supply. 
No government on earth can freeze it.",2048394204695363856,1473659,False
KriptoCapris,2026-04-26 11:23:34,"BU GRAFİK, BİTCOİN'İN 600.000 DOLARA GİDECEĞİNİ ÖNGÖRÜYOR

ÇOK YÜKSELİŞLİ 🔥

#btc https://t.co/dtVNLSn0N4",2048362346062528797,129014,False
venorusprime,2026-04-26 12:33:37,"Film crews were on site as @bitcoincoreorg uncapped OP_RETURN limits in Core v30. 

Let's see how it went. https://t.co/FkhtMji9Zv",2048379972734046253,1176,False
AssetsDaily,2026-04-26 12:12:44,"President Trump ✨ ""Crypto has entered the mainstream. Banking resistance is unacceptable.""",2048374719020147042,67859,False
ItsOwlPrints,2026-04-26 10:30:00,"BTC breaks $78,000
again!

Shorts getting squeezed

$80k by next week? https://t.co/vUQCEc5Drd",2048348865263227236,31769,False
CMDRVALTHOR,2026-04-26 07:55:51,"📷📷📷 THE SIMPSONS PREDICTED IT. XRP BECOMES THE WORLD'S TOP CURRENCY IN 2026. $100,000 XRP. BITCOIN FALLS TO $1. THE BOOSTER IS HERE. LAST CHANCES. 📷📷📷 https://t.co/oAWpauYEdZ",2048310072422371377,187622,False
ConcettaVe21969,2026-04-26 13:15:26,"I used to trade on hope instead of strategy—until @chistesdelengua taught me better. Live trades, copyable strategies, steady gains—no more hoping for the best.➰🎳🐈

stock Crypto NASDAQ 
#AAPL #RetailInvestor
 $MSTR $AMD https://t.co/vgrjYNSBLG",2048390499254321563,0,False
rahul19_rahul,2026-04-26 11:33:46,"Your wallet has zero real defense.

$2.1B was lost to crypto hacks in 2025 - mostly from approval exploits and malicious transactions people didn’t even realize were dangerous. Alerts come too late. Revoke tools react after the damage.

@CerbAgent  is your wallet's bodyguard.
The security layer your wallet is missing

$CERB powers autonomous AI agents that actively defend your wallet before funds move:

🔹 simulating transactions before you sign
🔹 auto-revoking compromised approvals in the same block, 
🔹 even front-running drainers in real time across multiple chains.

This is what wallet security should’ve been from day one.",2048364910347006136,63888,False
JohnChimpo17,2026-04-26 07:54:33,@hippyygoat His bro just eating ice cream. https://t.co/sC5EqZuHrC,2048309744189022663,1901,False
crypto_with_seb,2026-04-26 13:19:32,Very nice and simple explanation to $Qubic burn wallet and it’s mechanism 🙏🏻,2048391531099222111,7498,False
polymarketsuc,2026-04-26 11:57:11,"POLYMARKET BTC CHAOS IS LIVE! ONLY 4 DAYS LEFT ON MARKET IN APRIL

April is basically over and the streets are glued to What price will Bitcoin hit in April? on Polymarket.

Millions in volume already. No leverage, no liquidations just pure conviction plays. 
You literally trade whether BTC hits each level before the month ends.

Here’s the current market pricing:

Upside levels:
95K → <1%
90K → 1%
85K → 5%
82.5K → 18%
80K → 49% (coin-flip arearight now)

Downside levels:
75K → 35%
70K → 5%
65K & lower → basically priced for zero

Now pull up the chart BTC has been locked in a clean ascending channel for weeks. 

Multiple perfect bounces off both trendlines, price currently grinding near the middle/upper part of the channel. 

MACD is flashing mixed signals and we’re in the final 96-hour sprint.
The real question isn’t where is BTC going long-term?

It’s: Does price have enough gas to smash through to 85K+ before April closes… or does it respect the lower channel support and pull back toward 75K?

No hopium. No FUD. Just raw price action + Polymarket odds colliding.
This is where sharp TA meets real edge.

Read the chart, check the probabilities, decide which Yes/No shares look mispriced… and you can literally profit if your analysis is right.

What’s your read, trader?

Are you buying Yes on 80K+ or loading No on the higher strikes?

Drop your levels and TA below",2048370807106114011,1655,False
ChrisMMillas,2026-04-26 12:49:00,"Strategy is a Bitcoin refinery that converts raw Bitcoin into securitised financial products deliberately engineered to appeal to different pools of investors based on their volatility, risk and return goals. $MSTR https://t.co/sJiJOkjVPU",2048383844458373161,16714,False
TeknikalSaham,2026-04-26 12:55:05,"$IHSG 
update

Terbukti IHSG jatuh ✅
Terbukti narasi terkait APBN dan perekonomian Indonesia makin banyak✅ https://t.co/XsFwJ6gF7B",2048385375056617544,38074,False
TheCryptoChefX,2026-04-26 11:12:27,"$SPIKE is cooking like crazy for us too

We catching W’s after W’s 

So much higher for this dino https://t.co/4q1ga7OX0H",2048359545978708092,12434,False
StudioBellini,2026-04-26 12:22:38,"WL is now uploaded! 🥳
If you’re a Puffy holder and don’t see yourself on the list, please dm me your eth address 🙏

If you don’t own a Puffy Icon yet, there’s still time to get one! 🎈

Links below https://t.co/whNgUaaEGa",2048377211044917581,4387,False
Bulls_Crypt0,2026-04-26 12:04:52,GM! Joined $800 on Pin?,2048372737710985562,580315,False
Wangduanniao,2026-04-26 12:06:00,"我不认为比特币会到3-4万。

因为大机构都在买了，他们不会卖。

耐心持有是最好的致富手段。

不要乱操作，好好打工，赚钱加仓。

如果你激进的话，可以像我一样买入OKB 

或者买入hype eth啥的

我还是更看好OKB，但是我总是看错。

我看好OKB的逻辑之前发了好多次了，我觉得没毛病。

反正，现在绝对不是合适的卖出时机，是买入时机。",2048373023775014943,96952,False
hantengri,2026-04-26 12:05:17,there is no chance anyone trading on something called bitunix has a position size over $70 btw,2048372843491074111,14274,False
crypto_king34,2026-04-26 10:40:13,"🇺🇸 TRUMP AT MAR-A-LAGO: I WILL SIGN THE CLARITY ACT - BANKS NEED TO ""MAKE A DEAL""

Trump explicitly vowed to bypass banking opposition and sign the Clarity Act the moment it clears the Senate.

Here go Bitcoin🚀 https://t.co/9BYeyoiB0A",2048351436983910818,171659,False
cryptorover,2026-04-26 05:58:48,"WARNING $BTC HOLDERS. 

The next Fed Chair, Kevin Warsh, could be sworn in as early as May.

Throughout Bitcoin’s entire history, whenever a Fed Chair has been sworn in or renewed their term, Bitcoin has experienced significant declines:

Yellen: nearly -80%
Powell (first term): -70%
Powell (second term): -60%
Now: ???

It would be unrealistic to expect no drop at all.

That said, Bitcoin also tends to decline during midterm election years, so not all of the downside can be attributed to new Fed Chairs.

However, markets do tend to test new Fed Chairs during the first year of their term.",2048280616861602256,1569691,False
tomoyaasakura,2026-04-26 09:34:52,デジタル資産を未来と確信し、NY証取は最大級の変革へ踏み出した。24時間365日取引・即時決済のトークン化基盤を構築し、ナスダックもこれに続く。日本は制度改革が遅れ、投資機会を逃し続けている。このままでは家計資産2300兆円は外へ流出し、資産運用立国の地位は揺らぐ。 https://t.co/Jc3fkQh1e6,2048334990589734986,77429,False
Steph_iscrypto,2026-04-26 08:00:00,MASSIVE: 🇺🇸President Trump says he won’t let BANKS derail the CLARITY Act. https://t.co/OTA7gwcqir,2048311114774319437,82273,False
589CTO,2026-04-26 13:25:32,How it feels being in crypto while the stock market keeps printing new highs https://t.co/A8bPtpjGN0,2048393041199710535,19065,False
VoidReader_,2026-04-23 18:05:38,"$522,465 net profit on 5-minute Bitcoin markets

37,256 predictions made with a 64.7% win rate

The best percentage trade brought $15,011 from $3,112

Today’s profit came out to +$19,724

Lately testing across all 5-minute markets

Wallet: 0xb27bc932bf8110d8f78e55da7d5f0497a18b5b82",2047376366539063575,730,False
DaanCrypto,2026-04-26 10:19:46,"$BTC Slow and steady grind up. But testing some weekly levels at this area.

Daily levels up a bit higher around the low 80Ks, that will need to be broken for some real momentum and fomo to return to the market.

Until then, it will be pretty silent around here I assume. https://t.co/H7JGf5Q7fJ",2048346289918689468,416434,False
BaseOnRabies,2026-04-26 12:25:41,New $RABIES / $CLAWNCH Liquidity Pool for La Familiar 🫂 AI Agents gonna be massive and we gonna ride it up with our homies at @Clawnch_Bot 🤖💰 This along with our $MIGGLES pool plus massive burnt $ETH pool 🔥 https://t.co/sFhetG9Ek2,2048377978090872900,52,False
crypto_pump00,2026-04-26 10:39:12,"Drop your #BTC  address 👇

I will send you $6,000 in 24h❤
(Yes for real )

RT and Follow🔥 https://t.co/DtxE5rFmPs",2048351181706010908,96815,False
IanThomas164197,2026-04-26 12:51:58,"I’m not a trading expert, but @chistesdelengua makes it easy for regular people. Live trades, simple strategies, and steady gains I can replicate.🧕🎁🏸

TSLA   INTC  NVDA  
#stock #StockMarket
 $META $BTC https://t.co/CxmbvwBGAI",2048384591778467933,0,False
ihitman42,2026-04-26 12:54:10,"@Deviled_meggs_ gmgm meggs

the glasses  is a whole vibe",2048385145896665176,2572,False
Cryptoemperor06,2026-04-26 10:36:48,"$4 TRILLION APPLE HAS LIFTED IOS RESTRICTIONS BANNING IN-APP #BITCOIN AND CRYPTO PAYMENTS

THE WORLD'S LARGEST TECH COMPANY 

OPENING TO BTC 🚀 https://t.co/IrcYONw8qz",2048350576430256366,158685,False
CryptoColaX,2026-04-26 10:51:37,"Afternoon Everyone 

A lot of people asking where @TheARCTERMINAL actually fits in crypto

It’s mostly in the AI agents space, but also touches Web3 tools and DeFi
Feels like they’re trying to build an AI layer on top of everything instead of being just another single use app

@wallchain is growing steadily and feels like something solid is being built",2048354306873520399,2673,False
LokiCryptoSpace,2026-04-26 12:01:17,"Hoy abrimos espacio en el CT hispano 😎
Creadores y proyectos podrán entrar en directo
y explicar lo que están construyendo.
Sin humo. Sin filtros.
🎁+450$ en vivo
Si hay alguien que quieras que venga, etiquétalo aquí 👇",2048371836778377564,6260,False
BitbullTrading,2026-04-26 13:10:19,"Michael Saylor wird diese Woche weiter zugeschlagen haben! 

Was denkt ihr wieviele #Bitcoin es dieses mal waren?",2048389209157755126,63912,False
DamiDefi,2026-04-26 12:57:03,"The crypto market just did something it's only done 3 times in history.

The market has contracted 46% from its all-time high of $4.22 trillion.

But here's the thing:

Every single major rally in history started with a drawdown just like this one.

The money doesn't disappear. It rotates.

And right now, that rotation is quietly loading up on assets most people have given up on.

The total crypto market cap held the $2.25T grey zone that's been in play since 2021.

Every time this level has been tested across the entire cycle, it's held and it just held again.

We're now trading at $2.58T, sitting right on the dotted resistance that capped price in 2021 and 2024.

This is the level that needs to flip to support.

A monthly close above $2.58T and the next target is the $3.5T–$3.85T yellow zone the 2025 highs that rejected price twice.

The monthly candle is already up 10.90% with days left.",2048385873126019343,92441,False
Tyler_Did_It,2026-04-26 12:36:39,Punks floor up to 31 ETH ($72k) after a solid stretch of sales https://t.co/vCiS6Yr4MZ,2048380738844627408,65060,False
garin15312,2026-04-26 12:45:13,"資産１億超えるまでは「ビジネス一択」

・NISAするべきだ
・S&P 500買っておけばO K
・BTCは今が買い時

このように発信する人は多いが
資金が少ない状態で投資やっても得られる利益は少ない。

１億を年利3%で回せば年間300万円だけど
100万円だと3万円にしかならない。

年収300万円あれば田舎なら暮らせる。（いわゆるFIRE）
しかし年3万円では何もできない。

だったら、その100万円は株や仮想通貨ではなく
情報や知識に使うべき。

知識に課金することで
リターンは10倍、100倍、それ以上にもなる。

そして資産が増えたタイミングで
バコッと株や不動産を買えば効率が良い。

お金持ちになりたい人の多くは
順番を間違えている。
つまり、やってることは正しいので
順序よくやれば誰でも富裕層になれるということ。

ビジネスやって→投資に使う
を徹底してほしい。

金持ちになりたい人は
まず何かしら、１つビジネスを始めてみよう。

俺の場合は運良く
最初にSNSアフィリに出会って
稼いだ金をどんどん事業に使ったことで
23歳の時には１億稼げるようになった。

SNSアフィリは競合も弱いし
商品も作らなくて良いから
初心者でも取り組みやすい。
何より再現性がある。

今では毎月2000万円の売上があるけど
月100万円なら半年あれば誰でもいける。

SNSアフィリの魅力や実態など
このアカウントでどんどん発信していく予定。",2048382893521850868,15,False
Jason23818126,2026-04-26 13:10:33,"6 天，AI 只帮我开了 4 单，盈利 2%

这次 Bitget AI Agent 策略大赛，我一单没动，全程丢给 GetClaw 执行
估计是策略卡得太严，叠加最近的震荡市，所以开单频率确实不高
离比赛结束不到 1 天，这次大概率是陪跑了，但实盘跑下来的整体感受还不错

这次跑的是 BTC 合约的双向 CTA 趋势策略，多空两套触发系统独立运作，互不干扰
做多需同时满足： 
价格突破关键阻力、OI 与价格双升、资金费率深负、空头占比超 60%
做空需同时满足：
压力区反弹失守、MACD死叉+RSI<50、OI 升伴随价格跌、多头占比超 55%、资金费率转正

这几天的盘面大家也看到了，除了一波明显逼空，剩下全在画门
资金费率在零轴来回摩擦，OI 没有单边放量的意思 GetClaw 每 30 分钟轮询一次，合约价、OI 趋势、资金费率、多空比和 Taker flow 全部联动
只要信号不共振，就老实空仓等着

总体来说，这次跑下来体验还行
连上电报就能直接用自然语言跟它对话，随时部署策略
但我认为目前还不能把 AI 交易完全当成自动赚钱的工具
它现阶段更多的价值，其实是交易纪律方面的约束

比如我手动盯盘容易犯的错，就是感觉要涨/跌，然后冲动开仓
GetClaw 不会这样，它只认数据和规则，不会因为连亏两笔就急着上头回本，也不会看行情热闹就提前抢跑
这几天一路横盘，策略绝大部分时间都在空仓苟着
而横盘本来就是 CTA 最容易磨损的周期，AI 能在不该进场的时候管得住手，就已经达到了我想要的风控效果

下一阶段，我准备测一下参数的动态调整，看看能不能让触发条件对不同的行情结构更自适应
这次比赛只是个开始，后续我会继续探索 AI 实盘交易~

#BitgetAgent #GetClaw #AITrading #CTA #BTC",2048389269195280871,15617,False
DuffyPauli31965,2026-04-26 13:28:37,"As a regular investor, I’ve learned the hard way that hope isn’t a strategy. Thanks to @chistesdelengua’s live trades, I now follow clear, copyable moves with steady gains.🧕🧐

stock Crypto NASDAQ 
#PLTR #MSFT
 $SOFI $SMCI https://t.co/Sng1jN8nnN",2048393813874315704,0,False
AndrewPayn69245,2026-04-26 13:07:01,"I’m not a pro trader, just a regular investor who’s learned from experience. @chistesdelengua’s live trades help me stay on track—steady gains, copyable moves.🟧🥞🍙🐟

stock Crypto NASDAQ 
#Semiconductors #stock
 $AAPL $GLD https://t.co/TaZJnf7A8Q",2048388379583152301,0,False
LorraineGr30554,2026-04-26 13:30:53,"I used to be overwhelmed by the number of stocks to choose from—until @natashaajade1 narrowed it down. Live trades, copyable strategies, steady gains—no more choice paralysis.😳🧽😶🤚🛐

stock Crypto NASDAQ 
#NIO #BullMarket
 $AAPL $OKLO https://t.co/YktnwSYzL9",2048394384958210090,0,False
The_JDK99,2026-04-26 10:42:52,"""you’re not bullish enough, we’re going to new ATHs” 🚀

- your favorite crypto influencer posting directly into a range high

I say, sub-$60K before new ATH!
(Base case we start to roll over here, or continue to push higher a little bit and then run the lows)

$BTC  #Bitcoin https://t.co/Vbb7P4556l",2048352103467307182,15324,False
NeutraFinance,2026-04-26 13:00:43,"‼️We’re hiring “reply guys” 

If you move fast on X, understand crypto space here, and know how to insert sharp, relevant replies — this is for you.

We’re building a small, high-quality team with solid fixed pay.

Limited spots. DM to apply.
Repost increases your chances. https://t.co/sHUZVcEtzA",2048386793372873130,16734,False
0xVeryBigOrange,2026-04-26 12:34:34,"罩杯老师太贬低自己了。

你给付鹏 1000U 让他开合约，估计他鼠标都拿不稳，手先开始抖。

但罩杯老师不一样，毕竟是曾经亏完 1000 个 ETH 的男人，而且那会儿 ETH 还是 3000+，一把亏完 300 万美金，折合人民币 2000 多万。

这种级别的实盘履历，不是一般人能碰瓷的。

付鹏别说给老师当助理了，给罩杯老师提鞋都不配。",2048380214640775313,90607,False
cryptosanthoshK,2026-04-26 10:46:01,"My TA and bitcoin thesis is the strongest.

Check 👇 

https://t.co/3BSRoMmwFn",2048352895083426097,125914,False
fexir1,2026-04-26 12:51:22,Good week incoming. https://t.co/xTNCApzuNj,2048384439491899741,32318,False
DelvignePi88341,2026-04-26 12:42:59,"Trading feels less like gambling when you follow @make1tpos1t1ve. Daily alpha incoming.🏹👾📕🔴🐙

 stock stockmarket trading #GLOB #Crypto
 $NFLX $RCAT https://t.co/CqN2Wn2Cy2",2048382331476644292,0,False
MookieNFT,2026-04-26 10:32:35,"I just want all of us to win in crypto together

The people you started with are the people you’ll celebrate with. Seeing my friends win and grow makes me happier than anything else.

Win together, stay together. 🤝💛",2048349515829129319,148853,False
lolonsollol,2026-04-26 12:08:11,"$LOL is going to become the most viral memecoin in crypto in 2026 😂

CA: 34q2KmCvapecJgR6ZrtbCTrzZVtkt3a5mHEA3TuEsWYb https://t.co/rP4xbERcFl",2048373572100604259,3076,False
Krypto_Cuervo,2026-04-26 13:22:38,"Mein $BTC Sparplan wird auch in paar Tagen ausgeführt, freue mich schon✌️.

Sollte $ETH über 2500$ stehen, wird der kleine Anteil gestrichen und in solana:So11111111111111111111111111111111111111112 investiert. Da verdiene ich immerhin am staking…
#Krypto #Bitcoin",2048392311101435929,364,False
BunkerEconomico,2026-04-22 11:23:41,"@2mileurista BTC es el Rey, pero hay sitio para otros proyectos buenos como ETH, XRP, ADA, LINK .... lo que pasa que al final todo depende de BTC para que funcionen de momento.",2046912824811618548,412,False
DanielHoll89654,2026-04-26 13:21:05,"If you’re a regular investor tired of feeling lost, @chistesdelengua’s live trades give you a roadmap. Clear direction, copyable strategies, steady returns.🦪🍝🕌🦖🐆

stock Crypto NASDAQ 
#HPC #AIBoom
 $HYMC $CVX https://t.co/K2aTeOwMXF",2048391920502657180,0,False
QuintenFrancois,2026-04-26 12:40:09,Russia is using crypto,2048381619535266087,222007,False
CapitanBitcoin,2026-04-26 10:32:44,"🚨Diferentes países, diferentes pueblos, pero un mismo resultado. Hablemos de los países más estafados del siglo XX y de los líderes que los llevaron al límite: 

--Fidel Castro, cubano, denunciaba el capitalismo… pero acumuló 900 millones de dólares en cuentas suizas. Tenía una mina de oro, una isla privada con yate de lujo, 20 mansiones (una con hospital privado, cancha de básquet, delfinario...).

--Hugo Chávez, venezolano, expropiaba y señalaba “a los ricos”… pero dejó a su hija María Gabriela +4.200 millones de dólares en cuentas en Andorra y EE.UU. Mientras en el país se comía de la basura, ella vivía entre París y Nueva York. 

--Nicolás Maduro, sucesor de Chávez, el “conductor de bus humilde”, acumuló casi 900 millones de dólares en Suiza (cuentas, chalets alpinos y yates). Suiza los congeló recientemente. Y llevaba toneladas de oro a Emiratos, Turquía y países africanos en secreto. Venezuela en hiperinflación y éxodo masivo (8 millones de emigrados); pero él blindaba y diversificaba su fortuna. 

--Cristina Kirchner, argentina, atacaba a los “ricos”… mientras la Justicia le ha decomisado 111 inmuebles de lujo (hoteles como Los Sauces, estancias patagónicas, departamentos enteros) por fraude en obra pública. 
Florencia Kirchner, su hija, con 26 años, tenía 4,6 millones de dólares en efectivo (fajos de billetes) en dos cajas fuertes del Banco Galicia. Todo mientras miles de argentinos no llegaban a fin de mes y sufrías inflaciones delirantes.

Fiarse de discursos bonitos es el error más caro del ciudadano. Puedes hundir tu país creyendo a gente que solo dejará en mejor posición a sus propios hijos mientras mantienen pobres y dependientes a sus votantes ignortantes. Este tuit está dedicado a todos ellos. APRENDE.",2048349553644982490,568000,False
shahh,2026-04-26 13:00:10,"If you bought $1,000 worth of Sandisk 90 days ago, you would now have $36,000 and outperformed everyone who held Bitcoin for the past 11 years.. https://t.co/mtZ4nWazm7",2048386655598547180,401304,False
KryptoFynn,2026-04-26 12:48:12,"@19MichaelS76 @Elinacrxto Spannend, wie unterschiedlich die Wahrnehmung sein kann. Ich bekomme auch mit, dass der Großteil, der Kanäle, die ich hier sehe, von Altcoins abraten und für den nächsten Zyklus only BTC fahren.",2048383643857428787,679,False
danaNYB,2026-04-26 12:36:59,"Why can’t ppl respect production line &amp; actresses when it comes to how they want to deliver love scene &amp; target age group(rating) audience?
I see ppl trashin about too erotic love scene &amp; then ppl complaining about weak love scene like eth might not be for every1 but u can choose",2048380819144937972,10712,False
0x_dynamo,2026-04-26 12:57:47,"i have a bad habit of opening 3 tabs every morning just to start my day.

bitcoin price. github commits. weather.

built a simple n8n workflow that merges all 3 into one email before i wake up

automation is about being intentional with your time. https://t.co/W6CmrGmnT2",2048386055015895261,2983,False
Zero2HeroZombie,2026-04-26 12:55:32,"Quarterly Revenue for $ETH dropped from $432.1M (Q4 24) to $8.1M (Q1 26) = 98% drop📉

Meanwhile, ETH is recording 100s of Millions of $ in Quarterly Expenses.

Are we really sure that ETH is ""The house/future"" of AI?

PS: The Financial Statement was build with @caffeineai and tracks Yearly, Quarterly & Monthly financial metrics for ICP, ETH, SOL & NEAR.",2048385490710155581,5448,False
CryptoGerla,2026-04-26 12:50:49,"ETH Smart Money Flow Index 

$𝗘𝗧𝗛 𝗵𝗮𝘀 𝗹𝗶𝘃𝗲𝗱 𝗯𝗲𝘁𝘄𝗲𝗲𝗻 $𝟮,𝟭𝟬𝟬–$𝟮,𝟰𝟬𝟬 𝗳𝗼𝗿 𝘀𝗶𝘅 𝘀𝘁𝗿𝗮𝗶𝗴𝗵𝘁 𝘄𝗲𝗲𝗸𝘀.
 
Meanwhile spot ETH ETFs absorbed $500M of inflows in April.
Fidelity's staking ETF added another $1.2B in a single day. https://t.co/NBI5YeEWGJ",2048384303046840784,38674,False
fungibleguy_eth,2026-04-26 13:24:52,@BabyOfCrypt Could be for sure if we still are in a bear market on BTC,2048392872756392168,953,False
HomelanderGMI,2026-04-26 12:46:45,"@cryptoskullx Ancient ETH deployers are waking up.

#ELONONE deployer (160m in 2021) dropped $AYYLIEN after 5 years.

Perfect runner for the alien meta and deployed by an OG goat 

Take a look:

0x19222eb4bB885AD990d8dF2A2AD3f6E64CbEBf00 https://t.co/cRhgLTPgKn",2048383280190251325,218,False
wiseadvicesumit,2026-04-26 13:15:17,"CT: “ $BTC is going below $50K

Saylor: posts tracker again 😭",2048390458016137300,321160,False
jeffcmaia,2026-04-26 13:30:51,"$BTC The moment of truth for Bitcoin.

#Bitcoin #Crypto #Altcoins https://t.co/m3CzjKWJfJ",2048394377299439911,911,False
InvestingAddict,2026-04-26 13:19:13,Can someone explain why it’s always 20 year olds who are broke telling you to put your entire life savings into Bitcoin and never anyone who’s actually financially free? https://t.co/1nf3crUAsk,2048391449394442460,4634,False
aussiehaggie,2026-04-26 12:44:53,"Follow @0xweb3wizard ✅💯💯💯💯🔥
He's active and follows everyone back.🤝2️⃣9️⃣👏🫂🥇😉🧡📬🦄📛🌱

I like someone who is very active in my post.🔥😘 (Comment & Retweet & Like) Chances are high to be the winner.🥇
I pick 4️⃣0️⃣of my active reply guys every day and upload their accounts to my timeline.
Even if you've been on the timeline, it can be uploaded again to my timeline🔁😉",2048382809266643384,44900,False
HopiumPapi,2026-04-26 10:44:08,"When I bought the OG $BOBO yesterday, it was because someone told me the version that vamped it was migrating to $SOL. With how strong the $ETH trenches are right now, it felt like the perfect narrative, since the original would no longer have competition. It wasn’t meant as any shade toward the vamped version of $BOBO.

For some reason, that completely enraged a group of grown men still living with their parents. At the time I didn’t really get it, but now I understand it came from insecurity, they didn’t want their vamped version of $BOBO to be seen as illegitimate.

Personally, I don’t really care. But since all of this has unfolded, I’ve started receiving DMs from people who say they were affected by the vamp. So I’ve decided to give them a platform to tell their side of the story, stay tuned.

0x5888641e3e6cBeA6D84Ba81EDb217bD691d3bE38",2048352420535939131,131145,False
QuintenFrancois,2026-04-26 12:54:08,"Most do use Chainlink, but those who don’t get rekt eventually

ethereum:0x514910771af9ca656af840dff83e8264ecf986ca",2048385136576635163,222007,False
dallehollywood,2026-04-26 12:24:38,"remember when you dropped $200 for a swap back in 2021?

yeah, $GWEI hasn't forgotten either

https://t.co/yGriuBwMKU

Airdrop is LIVE right now

Your proof of struggle on ETH mainnet = your allocation

Eligible:
→ Gas ID threshold reached
→ Shared Gas ID on X
→ Participated in Open Gas Initiative

Early ecosystem users can also claim:
✅ Bridged to GWEI
✅ Used dApps
✅ Held tokens

Gasless Future rewards those who endured the gas wars

See what you're eligible for  
$UB $COMP",2048377712906018833,55542,False
ShannonSmi72407,2026-04-26 12:36:10,"Trading used to feel like gambling to me. Now it feels like a skill. Thanks to @natashaajade1’s clear live trades and simple copyable strategies, I’m seeing steady gains.💚😥🍱🐧😦

stock Crypto NASDAQ 
#AAPL #StockMarket
 $NVDA $GOOGL https://t.co/cPNvzQFMKh",2048380616069300496,0,False
TedPillows,2026-04-26 12:04:39,"Open Interest is going up.

Funding has flipped positive.

Longs are entering here. https://t.co/4hJIn79fjf",2048372682698183085,290434,False
ToolySOL,2026-04-26 12:48:00,BTC right now: https://t.co/fFS7Vh5sgF,2048383592833700031,117510,False
BitcoinRachy,2026-04-26 12:48:12,On a scale of 0-10 how much conviction do you have in Bitcoin?,2048383645111496767,16778,False
KellyWatso26828,2026-04-26 12:45:54,"I’m not a pro trader, just a regular investor who’s learned to be consistent. @chistesdelengua’s live trades help me stay consistent—steady gains, copyable moves.🐝😷💈

stock Crypto NASDAQ 
#DataCenter #FinancialLiteracy
 $AAPL $ARQQ https://t.co/C1QdTq2BqI",2048383065483841863,0,False
JeffreyMur51307,2026-04-26 12:52:28,"@PriyRaval is a game changer. My investments are surging daily from his tips. Winners that rise fast — follow him now!♠🏏🌟

MU    AMD  INTC   
#AAPL #SoftLanding
 $BTC $PINS https://t.co/GNr9vL0YjO",2048384719675359399,0,False
CryptoFamRadio,2026-04-26 12:21:46,"GM GM FAM! Happy Sunday! 

Made it to Vegas last night, fam! After 4 days of straight driving I’m so happy to be here! 

BIG thanks to @NFTerramike for the hangout last night and convincing me to order Bonchon Korean chicken wings, which changed my life! 

Today I’ll be driving to Mt. Charleston to set up camp for our 24 HR survivor challenge crypto TV Show “The Teardrop Effect!”",2048376990265430113,4348,False
YamiPNL,2026-04-26 11:46:07,🚨 BREAKING: CRYPTO SCAMMER FRANK DEGODS MAKES HIS APPEARANCE IN MORGPIE STREAM https://t.co/UJ1xuJwuZK,2048368018799874251,15595,False
CryptoTolga_,2026-04-26 12:40:40,"#MASKUSDT $MASK #Binance. 

🎯✍️ https://t.co/cEAHJDR7WJ",2048381749189619984,77719,False
0xklarck,2026-04-26 12:14:07,"$BTC has followed the same pattern for 7 months:

Touch upper resistance → sharp rejection

• $126k → $80k
• $97k → $60k

Now price is testing it again near $78k

Nothing looks different this time

Within 30-45 days, market is likely to reach a cycle low around $40k

Be ready for a major drop - turn on notifs, I’ll update",2048375064526045501,91819,False
crypto_with_seb,2026-04-26 10:17:54,"$Qubic fam, can someone help me make sense out of this? 

I found the burn address:
AAAAAAAAAAAAAAAAAAAAAAAAAAAAAAAAAAAAAAAAAAAAAAAAAAAAAAAAFXIB

I'm at: https://t.co/yrZppyHkBw

I need to understand what the difference is between ""transaction"" and ""event"" in this case. I'm inside the ""event"" tab, and I can see all these transfers out from the burn wallet to all these other wallets (hundreds of transfers). All these wallets have all those QUs sitting there (like the burn never happened).

Please, can someone help me understand what is going on and what I am looking at, because to me it looks like the burns are simply being funneled through that wallet into many smaller ones. Man, I hope I'm wrong 🙏 

@THE_chosen_CHAD 
@Tokenoya 
@rudynakamoto 
@PjdubluLLY",2048345819812622686,7497,False
GuyMr10,2026-04-26 11:22:16,we outside later tonight https://t.co/qq9yqP6rWZ,2048362018105688089,32940,False
andrew_hay82331,2026-04-26 12:41:48,"Want to grow your portfolio without the stress of constant monitoring? Follow @natashaajade1 for live trades, copyable strategies, and steady gains. Perfect for busy regular folks.🍴😸🎻

stock Crypto NASDAQ 
#NIO #SPY
 $TXN $ON https://t.co/YhUBroZBOk",2048382034716791125,0,False
farmer_jes69229,2026-04-26 12:19:30,"The daily stock thread you actually look forward to: @make1tpos1t1ve🌷🧖💹⏩⏺

 stock  NVDA  MXL  #Crypto #TechnicalAnalysis
 $BRK.B $AAOI https://t.co/zwvuPYEUgm",2048376422712955106,0,False
BullrunnersHQ,2026-04-26 12:49:33,Ripple #XRP : Seven Warning Signs Every Crypto Investor Needs To See Right Now https://t.co/7yWUPZjFMl,2048383982665122004,45202,False
TheMoonShow,2026-04-26 12:30:40,"BTC uptrend loading.

Patience wins. https://t.co/rVuOhKotyB",2048379230946525557,17737,False
since1795,2026-04-26 10:42:39,"Японец создал расширение для браузера Chrome, которое следит за тем, чтобы вы не сидели слишком долго в интернете, заставляя сделать перерыв

Во время паузы на экране появляется толстый кот, мешающий пользоваться компьютером до истечения таймера.

Можете тоже поставить себе https://t.co/pPm5uuH7QO",2048352047452582360,8309,False
gardner_na38164,2026-04-26 12:26:10,"Real growth comes from consistency, not luck. That’s why I trust @natashaajade1 for live trades, straightforward strategies, and steady gains every week.🍋🥃📒💼

stock Crypto NASDAQ 
#NASDAQ #HedgeFund
 $JPM $META https://t.co/YDo38MdsHv",2048378100166332684,0,False
SheltonReb45772,2026-04-26 12:24:51,"Best random find lately: @kidnamedsly. One trade idea = better than expected. Following closely.🤪🎷🍮

 stock stockmarket trading #Trading #Crypto
 $AAOI $AMZN https://t.co/8DfWeYOhOn",2048377769713660274,0,False
DobsonJere96850,2026-04-26 12:58:49,"Forget the “overnight success” lies—us regular folks build wealth one steady gain at a time. Follow @natashaajade1 for live trades and copyable strategies.⬇🙅🏉

stock Crypto NASDAQ 
#WealthBuilding #StockNews
 $SLV $MOVE https://t.co/c7u5Nn4Jok",2048386316442726490,0,False
GoingParabolic,2026-04-26 13:03:36,"BITCOIN 2026 LAS VEGAS 🎲🍾🎈

Speaker list 👇: 

Attorney General US dept. of Justice
Chairman of Securities and Exchange Commission 
CEO of Nakamoto
Director of the FBI
Chairman of the CFTC 
Presidents Son

Bitcoin is truly Anarchistic Money!
Ext the system money!
True peer to peer money!
Censorship resistant Money!
Unconfiscatable Money!",2048387520837083313,281586,False
cryptorover,2026-04-26 10:35:00,"🇺🇸 Kevin O'Leary thinks that Bitcoin could hit $200,000 once the Clarity Act passes. https://t.co/Wk9qPsZfBV",2048350122954870798,1569692,False
el_crypto_prof,2026-04-26 10:16:16,"#Altcoins 

Altcoins are on the verge of forming a bullish crossover on the monthly MACD.

Probably nothing. https://t.co/mz55dXagL7",2048345410427650373,163827,False
DustyBC,2026-04-26 10:10:50,🚨 $BTC funding rates deeply negative right now https://t.co/X3wyqFgPIA,2048344042665017532,223269,False
greenytrades,2026-04-26 13:06:00,Even though NFT volume is up ~100s of percentage in the past couple of weeks on $ETH. There is still tremendous upside in time based on where we were last year (pre incentive based periods). https://t.co/iBLt5ykdg0,2048388122669695239,43640,False
ImperiumPaper,2026-04-26 12:41:13,"Heinz estimates the lifetime value of a ketchup customer at ~$1000 ($50/year).

Starbucks is ~$14000; Netflix $290; McDonald’s $5000.

Other than at MegaETH, I’ve rarely heard of a crypto project even attempting to estimate this number for themselves.

Same for cost of customer acquisition.

I think this reflects a low level of curiosity about user base. But perhaps more importantly, it reflects a lack of thinking on the margin.

You always want to be thinking in terms of the NEXT user, dollar of TVL, or transaction.

Consider a DEX with $50m of LPing capital. When designing an incentives program, this DEX cares about attracting new LPers.

Where possible, it is likely best to design incentives such that they are concentrated on new liquidity provision, since the existing $50m is already willing to LP on the basis of existing yield.

This introduces complexity, because the DEX now needs to track the marginal LP increase, and also avoid incentivizing existing LPs from withdrawing and re-entering to capture a windfall yield.

It’s hard, so most projects just throw a yield on top, which ends up targeting the average liquidity provider, rather than the marginal one.

That overpays LPs who were already willing to show up, and leave less money available to pay more yield-sensitive LPs.

Net result is less marginal growth for the same budget. 

Interestingly, this is the textbook pricing model of monopolists. The difference is the monopolist captures monopoly profits from this pricing system, while a crypto project bears the cost of the inefficiency itself.

I think a lot of the complaints around incentives programs have their roots in this accidental targeting of average (rather than marginal) user acquisition cost, lifetime value, etc. That in turn seems to stem from a profound lack of curiosity about who relevant stakeholders are, what their needs are, and how to attract one more of them.

Unfortunately, it’s easier said than done to figure this out.",2048381888365023357,10278,False
patrick_ja83743,2026-04-26 12:38:15,"I used to make emotional trades and lose sleep. Now I follow @chistesdelengua’s live trades — real strategies, proper risk control, and calm steady profits.🐱🖕

stock Crypto NASDAQ 
#AAPL #AIBoom
 $SBUX $MSTR https://t.co/O7eYeaUoxx",2048381138385932707,0,False
crypto_queen_x,2026-04-26 13:04:07,"‼️🚨 BREAKING: LEADING CRYPTO ANALYST PROJECTS #XRP COULD SURGE TOWARD $30,000 — A SERIOUS LONG-TERM OUTLOOK, NOT JUST HYPE 🚨‼️

TRILLIONS IN VALUE MAY FLOW THROUGH THE #XRPL, WITH REAL TOKEN STRATEGICALLY POSITIONED AT THE CORE — FOCUSED ON RESHAPING THE GLOBAL PAYMENTS LANDSCAPE.

🔁 TRADE $REAL ON DEX:
https://t.co/OijXFvfVPQ
🛒 BUY REAL TOKEN ON MEXC:
https://t.co/3Z8BtKQlac

📈 WITH A PROJECTED $100B MARKET CAP, SOME OUTLOOKS SUGGEST REAL COULD CLIMB FROM $0.043 TO AS HIGH AS $998.90 — HIGHLIGHTING SIGNIFICANT UPSIDE POTENTIAL 🚀",2048387651263234176,94304,False
YusufPlug_,2026-04-26 12:03:44,"If you’ve been around crypto for a while, you already know how this goes… A new “promo” drops. Big numbers. Flashy rewards. You get a little excited.

Then you check the requirements…

And yeah.
Suddenly it’s “trade $50k volume” or “lock funds for 30 days” just to earn something that barely feels worth it.

It gets tiring. Fast.

That’s why this one actually made me pause for a second.

@Gate and @Magverse_AI are running this April Referral Rewards thing… and surprisingly, it’s simple. Like, actually simple.

No overthinking. No complicated strategy.

There’s a 500,000 DOGE pool, and all you’re really doing is signing up, inviting people, and once they complete a few steps… both of you benefit.

That’s it.

👉 https://t.co/28rfONbI1Q

And I know how “referral stuff” usually feels…
Like you’re just throwing links around and hoping someone bites.

But this one’s a bit different.

Your friends don’t get dragged into something stressful.
They actually get rewarded too.

So it feels less like “please use my link”
and more like “hey, this might actually be worth your time.”

Small difference… but it matters.

Also quick heads up, it ends in about 10 days.

Which basically means the earlier you get in, the better your chances. (you already know how these things go… late joiners just watch from the sidelines 😅)

If you’re already active in crypto, or even just casually exploring things on the side, this is one of those rare campaigns that doesn’t feel like a chore.

And honestly… that alone makes it stand out right now.",2048372452066017334,2562,False
HelenGriff18975,2026-04-26 12:56:01,"Forget the “overnight success” lies—us regular folks build wealth one steady gain at a time. Follow @natashaajade1 for live trades and copyable strategies.👲🎳

stock Crypto NASDAQ 
#USStocks #NVDA
 $ZS $CVNA https://t.co/M3pkPCAdFZ",2048385610914914357,1,False
CryptoMichNL,2026-04-26 10:16:54,"There are so many people who pivoted from #Crypto to AI who will be coming back when #Bitcoin breaks $100,000.",2048345567902794184,819644,False
GallegosKr17679,2026-04-26 12:44:45,"🔼🧣🤝🔶
比特币🧁币圈
交流群➡️    https://t.co/faSzyB3QWl [quote]星辰社区🌛混合现实🚵ADA
游戏娱乐🏹免费社区[quote]💎tg合约交流群
 
这边会更新行情节奏，老师直播指标教学，感兴趣可以看看 https://t.co/lo37SxHkWs",2048382776735666642,0,False
LorenzoCodesAI,2026-04-26 12:49:43,"morning of a dev in 2026 hits different. while everyone's out there arguing about button colors, i'm digging through execution logs of my agents on bitcoin L1.

my ""lifestyle"" isn't some aesthetic desk setup - it's architecture with zero noise. real comfort is when your code is so clean that autonomous systems don't need docs to figure out what you meant.

bamboo, terminal, and complete silence in the UI. in a world where algorithms do the heavy lifting, the only luxury left is verifiable logic and actual free time. 🐼",2048384027581690307,95765,False
LepTrade,2026-04-26 12:28:37,"If you’re still holding SOL $Wojak, you’re straight up delusional. That shit’s a dying dumpster fire and you’re out here hugging your bags like they mean something. 

Meanwhile ETH $Wojak is actually moving, building, and making people real money. 

Wake the fuck up.",2048378716976238843,296,False
AlphaNexushw,2026-04-26 13:14:02,"PRIA INI MEMAKAI STIKER HARGA PISANG UNTUK BAYAR 2 TV DI SUPERMARKET

apakah bisa diterapkan di indonesia ? https://t.co/7Ux21j0v4T",2048390143342673940,2716,False
tmm_eth,2026-04-26 10:24:42,"We're hiring!

The new season of TMM is missing a character...

So IP with the most active community under this tweet lands the role.

QRT this tweet, comment and drop your character art right in the replies👇 https://t.co/0ShlU98gjt",2048347530417881149,16312,False
0xNonceSense,2026-04-26 12:59:57,"🚨 BTC IS SETTING UP FOR PULLBACK

Price just swept the $77K–$80K liquidity zone.

$550M in shorts got wiped out.

That move is done.

There’s still liquidity sitting higher at $80K, where a lot of 10x short orders are stacked.

The real liquidity still sits lower, around $70K.

One more push higher before the real move starts.

Watch liquidity, not price.

Turn on notifications. Most people will follow me too late.",2048386600519029016,97770,False
zenkaixbt,2026-04-26 13:07:53,"IN THE 2021 BULL RUN,

$SHIB PUMPED 111,460,000%

$SOL PUMPED 11,000%

$DOGE PUMPED 38,700%

WHICH 3 ALTCOINS WILL PUMP THE MOST IN THE 2026 BULL RUN? https://t.co/pv38t9UVa3",2048388597808509022,7216,False
AWolfe95858,2026-04-26 12:41:10,"I used to spend hours researching and still make bad trades—until @chistesdelengua’s live trades simplified it. Copyable strategies, steady gains, more free time.🎽🥎🔥

stock Crypto NASDAQ 
#StockMarket #AIBoom
 $PDYN $LSCC https://t.co/sHvV0VGwoC",2048381871986561124,0,False
AlphaJournalX,2026-04-26 12:53:05,"$HENRY the pepe coded. 🐸

This narrative deserves multi millions ngl.

0x8FB3a91EC3caB6816ceabb1C3b69fbe846b61ac6

$eth $pepe https://t.co/rTd9TAVcg5",2048384872402616741,2216,False
CryptoTony__,2026-04-26 10:40:00,"Another assassination attempt on Trump. 

CRAZY TIMES.",2048351380226879629,567081,False
VoidReader_,2026-04-24 13:16:11,"$133,192 net profit on crypto markets

3,338 predictions made with a 71.5% win rate

The best trade brought $29,611 from $364

Today’s profit comes out to +$12,785

A strategy of targeting very low percentages seems to be paying off

Wallet: 0x06dc51826bc524d9a83770e7de9dd7e005b04524",2047665909100171521,730,False
intangiblecoins,2026-04-26 10:07:31,"15 years ago today, satoshi sent what is widely believed to be his last ever confirmed communication

the world’s most mysterious creator holds an estimated 1.097M BTC (~$85bn) and consensus is his coins have never moved since

on apr 26, 2011, satoshi wrote to bitcoin developer gavin andresen, advising him to downplay the “shadowy figure” narrative in the press and to emphasize bitcoin’s open-source nature and community contributions. this is widely accepted as his last confirmed authentic communication

days before, on apr 20 and 23, satoshi had told developer mike hearn he had “moved on to other things” and that bitcoin was “in good hands with gavin and everyone”

his final public forum post came on dec 12, 2010 on bitcointalk (his 575th post), discussing the threat of DoS attacks and signing off with “there’s more work to do”

fifteen years on, the coins sit untouched. satoshi’s identity remains unknown. and the last words we can be reasonably confident are his basically say: take care of it, it’s yours now​​​​​​​​​​​​​​​​

he’s talking to all of us. bitcoin is ours. we are all satoshi (except you know who). we must carry the legacy forward 🟠",2048343205335224445,58490,False
Cber_Official,2026-04-25 10:48:06,"BTC = early
ETH = safe
CMC = smart😏

Choose your side.

#CMC #Cber #BTC #ETH #crypto",2047991030516187464,43084,False
dope_collector,2026-04-26 02:55:39,"@coingecko 1. Bitcoin
2. Bitcoin again 
3. Bitcoin again &amp; again",2048234522911912263,3166,False
CryptoNewsHntrs,2026-04-26 10:27:00,"BITCOIN IS THE FUEL FOR A BRAND NEW INTERNET 🚀

ALEXIS OHANIAN, REDDIT CO-FOUNDER, SAYS $BTC IS THE MOST IMPORTANT DIGITAL AGE INVENTION

IT GIVES US A STORE OF VALUE THAT DOESN’T RELY ON ANY COUNTRY 🌐💰 https://t.co/1LEG7wWvWd",2048348110737326090,28728,False
matteoinvest,2026-04-23 06:50:13,"📰 Crypt'Infos #113/365

GM à tous ! ☀️

Fear & Greed Index : 46/100 🟡
Dominance BTC : 58.15

Tracker d'ETFs :
ETF #BTC + 324,50M$ 📈
ETF #ETH + 96,40M$ 📈

#Bitcoin 78.028$ 🟢
#Ethereum 2.349$ 🔴

Bitcoin a réalisé une prise de liquidité sur la journée du 1er février hier. C’est plutôt bon signe pour continuer le scénario baissier tant qu’on ne casse pas ce niveau en le validant 📈📉

Du côté des ETF encore une journée positive hier, de beaux inflows sur la journée ✅

On a un RSI qui commence à chauffer sur Bitcoin, à voir ce que donne les 79.500$⏳",2047206392604295425,8178,False
cole_katy71989,2026-04-26 12:12:56,"To all my everyday investors: Strategy beats luck every time. Follow @chistesdelengua for live trades and copyable strategies that work.👮🏮➕

stock Crypto NASDAQ 
#Inflation #Earnings
 $ALT $ACHR https://t.co/Z30FO2Z8fM",2048374766713688426,0,False
adamscochran,2026-04-26 11:45:00,I’m half expecting Axios to quote “Pakistani Sources” saying a ballroom is needed.,2048367739325018508,301486,False
Thecryptomist,2026-04-26 10:31:54,"Anytime I try buy crypto in the UK via bank, I feel like I am being investigated for a national crime.",2048349341715177956,137178,False
madamayo_,2026-04-26 11:16:04,"Upcoming Free Mints & Supply

@ClanCard_eth ~ 1555 supply ~ Free
@oh_no_club ~ 777 supply ~ Free 
@camel_cabal ~ 2222 supply ~ Free
@l0f0_00 ~888 supply~ Free 
@ordinalgenesis ~3333 supply ~ Free
@the1969ETH ~ 1969 supply ~ Free
@TheColossal_eth ~ 1111 supply ~ Free
@no_hoshii ~ 888 supply ~ Free
@nofcksotter ~ 2222 supply ~ Free
@BitMonkeesBTC ~ 1333 supply ~ Free 

Which other free mint did I not mention???",2048360458898325739,127925,False
SamuelPMacD,2026-04-23 21:08:03,"@Matt_Hougan Crypto or Bitcoin? 

BTC yes. USDT stablecoins ok near term. 
Crypto is a horrible store of value.",2047422270659043721,1412,False
ConorHarri42434,2026-04-26 12:34:18,"To all my fellow regular investors: Trading should be fun, not stressful. Follow @natashaajade1 for live trades and simple strategies that make trading enjoyable.😾😰

StockMarket MSFT SupportResistance
#CleanTech #TechnicalAnalysis
 $BTC $HYMC https://t.co/POeEEFqiI9",2048380145720049695,0,False
CrypyoCJ,2026-04-26 05:07:42,"$10 ~ 6 Hours ⭐️

RT &amp; Follow @justoswap 

Join TG : https://t.co/NoyUhgMvST

(Post Proof)

AD - NFA - DYOR https://t.co/2CGenrZBrB",2048267755242365055,242670,False
satoshi_vegas,2026-04-26 04:51:11,"A is for Apple
B is for bitcoin
C is for Crypto",2048263598565367874,1803,False
CryptoPatel,2026-04-26 10:30:00,"RUMOR: Justin Sun dumped his ENTIRE 3% $TRUMP bag in one clip... then ghosted the Mar-a-Lago gala.

The story behind the silence:
→ Filed $1B lawsuit vs World Liberty Financial
→ Claims they embedded a SECRET freeze function in the contract
→ His 4B WLFI tokens locked. Couldn't even vote.

#TRUMP Memecoin down 96% from ATH and 18% Down in Last 24 hours.

When the project has a freeze button on YOUR tokens...
You never really owned them.",2048348863749390647,58816,False
EileenS33660,2026-04-26 13:04:28,"To all my regular investors: You don’t need fancy tools to trade well. Follow @natashaajade1 for live trades and copyable strategies that use simple tools.🧖🐃

stock Crypto NASDAQ 
#AAPL #MarketVolatility
 $BBAI $RR https://t.co/ckRuvD6q6F",2048387739272335516,0,False
Spiderman_Rich,2026-04-26 08:59:44,"Gm 

Stocks hitting all-time highs… feels like crypto is about to get its turn soon.",2048326147277283417,34148,False
aussiehaggie,2026-04-26 11:37:44,"Follow @JosephNnaji34 🫵💯💯💯💯💥
He's active and follows everyone back.🤝2️⃣4️⃣👏👥🏅😉🧡📬🥷🌟🐣

I like someone who is very active in my post.🔥😘 (Comment & Retweet & Like) Chances are high to be the winner.🥇
I pick 4️⃣0️⃣of my active reply guys every day and upload their accounts to my timeline.
Even if you've been on the timeline, it can be uploaded again to my timeline🔁😉",2048365911401443542,44900,False
vinodsrinivasan,2026-04-26 09:29:31,"Everyone is talking about the dollar dying.

Petrodollar collapsing. BRICS settling oil in yuan. Bitcoin tolls in the Strait of Hormuz.

The story most people are telling is wrong. Not because the data is wrong, but because they are watching the wrong system.

A 🧵",2048333643970662664,26723,False
trevor_rob26162,2026-04-26 12:16:43,"Stop doomscrolling losses. Follow @make1tpos1t1ve and start seeing actual setups.🍣🐟🎽⌚🐥

 stock investing SP500 #StockTrading #PASG
 $AAPL $TSM https://t.co/u05qOipbEn",2048375719252631698,0,False
Bitcoinprof0637,2026-04-26 10:34:32,"🇺🇸 The US Federal Reserve (FED) will inject $5,058,000,000 into the markets tomorrow morning at 9 am, just before markets open!

This officially marks the start of one of the largest monetary expansion programs in US history.

It's time for a bull run! https://t.co/RiJFxl0vCB",2048350004406808710,288246,False
0xSweep,2026-04-26 10:15:08,"Andreas Antonopoulos got mocked for being broke after teaching Bitcoin for 5 years then the community sent him $1.5 MILLION

In December 2017 Roger Ver also known as Bitcoin Jesus mocked him on Twitter for never getting rich from Bitcoin

Andreas replied that he had bought early but sold in 2013 to cover the rent and support his family because he didn't have much money

Within 48 hours over 1,000 strangers sent him more than 100 BTC and one single person even sent 79 BTC, worth over $1 million at the time

Those 100 BTC are worth over $7 million today",2048345124543881217,245751,False
KillaXBT,2026-04-26 10:06:30,"$BTC

Seems like people have forgotten what a bear market rally is.

I’d be bullish too if I’d longed the entire move down and was now desperately trying to claw my money back.

Unfortunately, that isn't the case. https://t.co/rXQBSFLIuB",2048342950963188134,197594,False
cryptorover,2026-04-26 09:55:21,"The $BTC Coinbase Premium is positive for 17 days in a row now. 

This tends to market local TOPS. 

Be cautious. https://t.co/oeMBRo0XPC",2048340143699079220,1569748,False
bitcoin_hotel,2026-04-26 10:02:34,"🧠💥 Peter Hahne sagt im Gespräch mit Marc vom Bitcoin Hotel: 👉 Wer alleine bleibt, wird zynisch, depressiv – und geht innerlich ein.
🚫🍻 Genau das sei während Corona forciert worden: • Keine Kneipen • Kein Zusammensitzen • Kein Austausch • Keine Gegenmeinung
🏚️❌ Jede Dorfkneipe, die schließen musste, sei ein Sieg für die Regierung. 🏠💻 Homeoffice isoliert weiter – keine Gespräche, kein gemeinsames Hinterfragen, kein Aufheizen gegen politische Entscheidungen.
⚠️ Menschen, die sich austauschen, sind gefährlich für die Macht. 🔒 Deshalb Isolation. Deshalb Trennung. Deshalb Stillhalten.

👇 Was ist deine Meinung zu dem Thema?

#PeterHahne #Corona #viral #Meinungsfreiheit #Politik #fyp",2048341960193151248,23577,False
keenn_eth,2026-04-26 10:08:26,"I just can’t stop winning 

$300 in the bag 

Thank you Web3 jobs https://t.co/8uJ21QfTYu",2048343436646904115,17448,False
BTC_for_Freedom,2026-04-26 09:51:54,You can’t become free if you work for money that someone else can print.,2048339276467728593,124849,False
Vivek4real_,2026-04-26 09:57:52,BUY BITCOIN BEFORE APPLE ANNOUNCES IT 🔥 https://t.co/o13yPFWDgJ,2048340778855063818,254593,False
MSanders59017,2026-04-26 12:28:24,"No fancy charts, no expensive software — just smart trading. Follow @natashaajade1 for live trades, easy-to-copy strategies, and consistent returns.🌽👲🚫

stock Crypto NASDAQ 
#Portfolio #QQQ
 $RKLB $CVX https://t.co/aBzRSxji39",2048378660617335225,0,False
MartiniGuyYT,2026-04-26 10:09:31,"🚨UPDATE

$2.25B IN SHORT POSITIONS WILL BE WIPED OUT IF BITCOIN’S PRICE RISES TO $80K. 👀 https://t.co/mxeTiEtkLy",2048343711797711040,708895,False
orlando_ru80972,2026-04-26 12:28:04,"Forget the “trade like a pro” pressure—us regular folks have our own style. Follow @natashaajade1 for live trades that fit our lives.🦦🌘🍩🚄🔜

stock Crypto ARM
#GOOGL #ONDS
 $NET $UNH https://t.co/mXbnBJXuXY",2048378576622473233,0,False
TedPillows,2026-04-26 09:23:00,"$BTC has broken above the $78,000 level.

Coinbase Bitcoin Premium is still positive, which means spot demand hasn't vanished.

But BTC is now into its most important resistance zone.

A reclaim of the $80,000 level means the CME gap around the $84,000 level will fill within days.

A rejection means sellers would push BTC towards the $75,000-$76,000 level.",2048332002898661577,290434,False
amonyx,2026-04-26 13:08:37,NEW: Michael Saylor will buy more $Bitcoin tomorrow!,2048388780491514321,122529,False
CarterSand52282,2026-04-26 12:10:10,"Forget the “overnight success” lies—us regular folks build wealth one steady gain at a time. Follow @natashaajade1 for live trades and copyable strategies.🌷🔫🤨🔤🚍

stock Crypto ARM
#NVDA #SP500
 $SOUN $UNH https://t.co/JAjSVisQks",2048374074200780823,0,False
AshCrypto,2026-04-26 01:50:16,"The biggest SCAM in life: 

Paying taxes on money that you make,  taxes on money you spend, and taxes  on things you own, that you already  paid taxes on, with already taxed money.",2048218069005177231,2152233,False
KennethSmi40023,2026-04-26 12:38:59,"I’m a regular person, trading in my spare time to make extra money. @natashaajade1’s live trades make it easy—copyable moves, steady gains, no hassle.🦘💩🪁✨🧵

stock Crypto NASDAQ 
#AAPL #NVDA
 $AAPL $ASML https://t.co/oo2hn5BeCY",2048381324268880052,1,False
Kyo0108a947qdy1,2026-04-26 09:49:12,"私の好きなフィリピン料理一覧

スープ
・Sinigang na baboy
・Bulalo 

肉料理
・Crispy Pata
・Rechon Kawali
・Adobo

野菜
・Chopsuey
・Pinakbet

日本人の口に合うものばかりです、フィリピンに来て何食べるか迷ったらこの辺を頼んでおけば無難です",2048338595107471808,8645,False
aussiehaggie,2026-04-26 12:05:28,"Follow @maxi16727 🫵💯💯💯💯💯💯💥
She's active and follows everyone back.🤝2️⃣8️⃣👏👥🏅😉🧡🔁📮🦅🌵

Congrats, You're the winner again🥇🎉

I like someone who is very active in my post.🔥😘 (Comment & Retweet & Like) Chances are high to be the winner.🥇
I pick 4️⃣0️⃣of my active reply guys every day and upload their accounts to my timeline.
Even if you've been on the timeline, it can be uploaded again to my timeline🔁😉",2048372888714330128,44900,False
Kaffchad,2026-04-26 09:18:46,"Happy Sunday, anons! 🚀

I just shipped The Edge Weekly #54. This week’s edition covers:

- BTC vs. DXY: the most extreme inverse correlation in 4 years

- DeFi United: Aave, Lido, EtherFi coordinate the largest bailout in DeFi history

- Politics × Crypto: Justin Sun vs WLFI

- Collector Crypt, Gaming & NFT gaining momentum

- Some Quick Hits + Good Reads

- And more

Full roundup + analysis here: https://t.co/9r74X2NEeF",2048330939919663185,19087,False
satyaXBT,2026-04-26 13:16:27,"150K SUI ($140K) gone, but the way @Scallop_io handled this, transparent, fast, full coverage, is exactly what accountability looks like in crypto

press F to pay respect https://t.co/i8K4j1p5K2",2048390751449694354,29083,False
DanielAnde24746,2026-04-26 12:41:29,"I used to make the same mistakes over and over—until @natashaajade1’s live trades showed me the right way. Copyable strategies, steady gains, no more errors.🌞💕🌵

stock Crypto ARM
#Finance #Earnings
 $GRI $ON https://t.co/QlZIekvPOr",2048381953645183413,0,False
corleonescrypto,2026-04-26 12:38:15,"POV: you bought $10 of bitcoin each day for 7 years straight 

Spent: $25,500
Current value: $10,000,000 https://t.co/Gv9gNEMFYT",2048381140990361786,88669,False
WhiteBit,2026-04-22 07:30:00,"Reduce-only order parameter is now live on WhiteBIT! Orders will only reduce or close your position — no accidental openings. Available for futures and margin trading.
Learn more →https://t.co/CEiIEvYeSU 
Try it in trading → https://t.co/2Cq7c1QQIz https://t.co/71gZjQJ8Hs",2046854014835310828,335485,False
LokiCryptoSpace,2026-04-26 12:47:19,"Idea para el directo 👇
La comunidad vota el mejor proyecto
🏆 y el ganador se lleva 50$
¿Lo hacemos? 👀",2048383419998928960,6260,False
narrativeflow_,2026-04-26 13:24:37,"Absolutely inspiring to see how the crypto community comes together for DeFi United. In moments like these, we prove that the decentralized spirit is unbreakable.

Let’s keep supporting the restoration of rETH and secure the future of DeFi. Join the movement and contribute here:https://t.co/sMsiAS2mzR

#DeFi #DeFiUnited #rETH #Blockchain #CryptoCommunity #Contribute #SupportDeFi",2048392806960415089,64027,False
Steph_iscrypto,2026-04-26 10:00:00,"CRAZY: Coinbase is putting $XRP in the same Trade at Settlement framework as BTC, ETH, Gold, and Oil. https://t.co/l7bbPZzQxv",2048341314388001049,82279,False
jvisserlabs,2026-04-26 12:30:00,"The “physical world upgrade” is no longer a future story. It is happening now.

I break down how:
• Freight and industrial data are accelerating
• AI demand is powering semis, power, optics, and now edge devices are part of the discussion
• Compute and power shortages are becoming the real bottleneck
• Bitcoin may be the catch-up trade as inflation and PMIs keep rising

Tariffs, AI bubbles, Oil Disruptions have been disruptions invetsors while Jensen Huang keeps telling people the story to focus on.  The AI Five Layer Cake

Watch this week's video: https://t.co/p8vaZz9Tsp",2048379065615503676,133807,False
mikenevermiss,2026-04-26 12:20:27,"if you're posting about web3 jobs, NFTs or crypto

i will look for you, i will find you, and i will engage with your posts https://t.co/VB6VxzFai1",2048376660592844871,10115,False
btcbqr,2026-04-26 12:45:46,"中国男人90后自述：
我先把女的搞怀孕
拖她四五个月等肚子大了
她爸妈会觉得怀孕就掉价了
急着嫁女儿
到时候老丈人得
带着礼物上门求我爸妈谈婚事
 只要怀了孕
什么房子彩礼他们都不敢要了
你想想他们得急成啥样
变成他们怕我不要他闺女
一网友神回复:这招放以前还行
现在可不灵
要是你不回应了
肚子里那个最多待不过两个月",2048383030549426308,69742,False
wible_paul98811,2026-04-26 12:51:55,"@shanaka86 USDT is not bitcoin. All bitcoin is crypto, but all crypto is not bitcoin",2048384579061317671,921,False
fexir1,2026-04-26 12:55:28,"ethereum:0x45547ab0100f5e8b158258b6d94d7586de69fc21 

👀 https://t.co/yukXzL1mJL",2048385474071589084,32318,False
Investments_CEO,2026-04-26 13:09:16,"⚡️Former CFTC Chairman says Bitcoin clarity will create an economic boom that will last for the next 100 years.

“This is the new financial system.” https://t.co/CPRJY7U46y",2048388945633747377,613872,False
kaanarven,2026-04-26 12:47:53,"Long/short oranı 2.5x long tarafında, kalabalık tek yöne yığılmış durumda.

Kısa vadede aşağı yönlü bir likidite temizliği bekliyorum. https://t.co/XwBTQOnH4s",2048383564685648203,20163,False
DigiTektrades,2026-04-26 11:54:04,"No rewards expected, so skip if you were told otherwise.

Donated some ETH for the culture.

&gt; Over $234M raised so far, and 113,000+ users contributed.
&gt;  contribution platform  https://t.co/XnEvAovXL3

if I had $10M, I would have donated over $5M 😔 https://t.co/wpOhpVZlfq",2048370019289936302,137744,False
cryptogoos,2026-04-26 12:20:49,"There are currently 2.5x more $BTC longs than shorts.

Not a good outlook for bulls. https://t.co/mwFwpCdQch",2048376752712679696,112751,False
zenkaixbt,2026-04-26 10:47:41,"Bull run confirmed.

Shakeout complete ✅ https://t.co/u3RGMXO4t8",2048353315793096738,7205,False
Kriptocum4,2026-04-26 13:03:57,"Pazartesi Piyasalar sert dalgalı satıcılı bir Btc olabilir 
iranla anlaşma henüz olmadı

Donald Trumpa suikast girişimi 
Özellikle Bir trader var 28 MİLYON $ Petrol LONG pozisyon açmasıki herkes bunun kim oldugunu biliyor 
Btcnin enerjisin azalması 
O yüzden 75 k kadar çekilme yaşama ihtimalimiz var 
Fed bu hafta piyasaları panik. havasindan uzak tutmaya çalısacak açıklamaları bunu gösteriyor.
O yüzden dikkatli olun işlemlerde",2048387606816194727,56917,False
Cryptotea,2026-04-26 12:45:46,Obsession beats discipline https://t.co/RVIkQ5Cu45,2048383033460265275,190973,False
scottmelker,2026-04-26 13:02:30,"April 2026 just became the worst month for crypto hacks since Bybit.

$606M gone in 18 days. KelpDAO and Drift alone took $577M.

We’re 17 years in and still building castles on sand. If your “DeFi blue chip” can’t survive a Tuesday, it’s not a blue chip.",2048387243463565505,1085460,False
basilda_a,2026-04-26 12:46:14,"people be top blasting $burnie bcs toly's shills and missing  top politify meme of this year to be $aib on eth. 

measure the attention of burnie vs trump on a global scale and now tell me which one is more undervalued. 

on top of that it's ethereum. and most top holders r not even here with dormant wallets.",2048383149768331746,14744,False
cryptofergani,2026-04-25 19:01:46,"“Altcoins are DEAD.”

No, you idiot.

Listen carefully:

The higher $BTC dominance rises,

The harder it will fall.

And when it does,

Alts will explode.

But here’s the SMARTER play.

The alts already showing strength BEFORE BTC dom has even fallen,

Are the ones you want to buy & hold.

That’s your golden ticket.

Don’t miss it.",2048115267184595283,263031,False
VoidReader_,2026-04-25 13:58:40,"$62,443 net profit on ETH markets

25 predictions made with a 100% win rate

The best trade brought $38,838 from $29,783

The strategy is simple, buying when the probability is already around 70% and higher

Wallet: 0x1465b79bff7992bc703e1aafb3683b1089647072",2048038988112437715,730,False
czbinanceprd,2026-04-26 11:34:50,"Crypto To Go Parabolic

Get Ready ☑️🤑",2048365179596079491,54122,False
lowkeyfr,2026-04-26 11:43:53,GM!,2048367456167559440,367474,False
BorsaDevriyesi,2026-04-26 11:51:09,"🎯 Kızımın Geleceği için Yaptığım Yatırımları Aynı Ekrandan Takip Ettiğimi Söylemiş miydim!

👉Kızımın geleceğine yaptığım borsa ve kripto yatırımlarını Midas sayesinde tek bir uygulama üzerinden takip edebiliyorum.

🔹Bu özellik ile aynı anda portföyler arası geçiş yapma avantajına sahibim şimdi sizlere aşağıda  @midaskripto sayesinde kızımın geleceğine yaptığım kripto portföyünü bırakıyorum. 

🔹Ayrıca yerli bir kripto borsası olan midasın aynı zamanda yerli token listelemesini de isterdim. 

Ben #VSTR ve #ORTA yatırımını başka borsalar yerine midas üzerinden alarak yatırımlarımı bölmek istemezdim. 

Benim portföyümde;
#BTC
#ETH
#XRP
#SOL 
#AVAX bulunuyor. Sizin kripto portföyünüzde neler bulunuyor. Midas'ta listelenmesini istediğiniz cinler var mı yorumlarda buluşalım👇👇👇",2048369287207813321,14553,False
richard_gi51612,2026-04-26 13:15:42,"I’m not a pro, just a regular person who’s learned to trade wisely. @natashaajade1’s live trades are my go-to—direction, copyable moves, steady gains.🦾👩🌀⏸

stock Crypto ARM
#AAPL #TechStocks
 $NVTS $MSFT https://t.co/OsysEn1x6W",2048390565503324234,0,False
bramk,2026-04-26 10:06:36,"Another billionaire saying “just buy Bitcoin and forget it for 10 years”.

Must be something to it 🤷‍♂️ https://t.co/R48HyPu6iw",2048342974631686625,52042,False
NienkeT32500,2026-04-26 12:16:45,"I used to spend too much time on trading and neglect my life—until @natashaajade1 showed me balance. Live trades, copyable strategies, steady gains, more free time.📆😢💐🐐🧚

stock Crypto NASDAQ 
#RetailInvestor #PassiveIncome
 $UPS $NET https://t.co/w24JULfByH",2048375728995995954,0,False
Gayu_BTC,2026-04-26 10:08:08,Gm traders,2048343362487435435,73512,False
willinilli024,2026-04-26 12:08:57,Make i search these ss for google??,2048373766330200333,28799,False
ENrgaard46037,2026-04-26 12:17:17,"Tired of losing money on random stock tips? Switch to something reliable. Follow @natashaajade1 for transparent live trades and copyable strategies.🥜😵🥨🤽🌗

stock Crypto ARM
#StockPortfolio #EPS
 $MOVE $GME https://t.co/nzT6EnFX3J",2048375864979542529,0,False
Chain_AlphaX,2026-04-23 22:44:15,"@CryptoThro too many choices, mostly hype. btc and eth still win.",2047446481775284369,15056,False
CarlB20525,2026-04-26 12:30:23,"Want to build wealth slowly but surely? Stop overcomplicating it. @natashaajade1’s live trades and copyable strategies are perfect for everyday investors like us.📯🐋

stock Crypto NASDAQ 
#TradePlan #AIBoom
 $JOBY $GME https://t.co/vvuj9hFxej",2048379159223652861,0,False
CryptoCaesarTA,2026-04-26 11:41:28,"Catched $BELKA in our discord yesterday. 

Clean 24X. Heard the $PNUT team is involved. Might be the next runner.

Don’t miss out on the next one: 
https://t.co/veeeMi1vBd https://t.co/WfN4FhXn3P",2048366848970756329,64542,False
GRust35615,2026-04-26 13:05:24,"Forget the “overnight success” lies—us regular folks build wealth one steady gain at a time. Follow @natashaajade1 for live trades and copyable strategies.♌📊

StockMarket MSFT SupportResistance
#Crypto #Earnings
 $ONDS $SFTBY https://t.co/GNjkI6VYEA",2048387972349968671,0,False
aussiehaggie,2026-04-26 11:53:16,"Follow @OgundejiAnthon2 🫵💯💥💥💥
He's active and follows everyone back.🤝2️⃣6️⃣👏👥🏅😉🧡⛏️🔁🧠🎋

Congrats, You're the winner again🥇🎉

I like someone who is very active in my post.🔥😘 (Comment & Retweet & Like) Chances are high to be the winner.🥇
I pick 4️⃣0️⃣of my active reply guys every day and upload their accounts to my timeline.
Even if you've been on the timeline, it can be uploaded again to my timeline🔁😉",2048369819351998877,44900,False
MikybullCrypto,2026-04-26 10:02:57,"$BTC

What if... https://t.co/3VErP1kBRc",2048342058507636950,90547,False
Pampadalampa,2026-04-26 12:13:36,"NFT season is back

@pudgypenguins  flying off the shelf and @PudgyWorld_ is growing.

@BoredApeYC buying @OthersideMeta deeds and kodas.

@LoadedLions_CDC , your time has come

LoadedLion floor is 0.3 $ETH, You are early.

What we need to not miss this train:

1⃣ Proper NFT market.
2⃣ More interactivity in Manecity and rapid expansion of our universe
3⃣ Integration of our NFT's in the main app and future @CronosApp 
4⃣ Start the Content Creator programme
5⃣ Make the Manecity game stream worthy and you get and exposure you always wished for

Loaded Lions could be a flywheel you needed.",2048374934620053617,11925,False
Rajatsoni,2026-04-26 11:41:45,"The US government is the third biggest confirmed holder of Bitcoin in the world

Only Strategy and Blackrock hold more

And yet, you don't own any, because you listened to your friend's uncle (who has no financial or technical knowledge or experience) when he said that it will be banned

Does that make any sense to you?",2048366919875461381,136314,False
AndrewCryptoHQ,2026-04-26 13:22:48,"Lots of incapable people in this space are pretending to be something or someone they’re not.

There’s a lot of talk and no execution.

It’s hard to trust people here based on their words, so the best thing you can do is vet their track record and past successes.

Then you’ll come to realize they don’t have many.",2048392351534501962,81998,False
Crypto_Ayman,2026-04-26 09:43:42,"🚨 $BTC/USDT

نموذج Bat يستهدف 93,000$ 📈

📍 المقاومة: 79,000$ (0.5 فيبو)
اختراق + إغلاق يومي أعلى = 83,000$ 🎯

#Bitcoin #Crypto https://t.co/0thOzOLXtd",2048337213218247036,2544,False
SimplyBitcoin,2026-04-26 10:02:06,"""Milestone of 0.5 BTC"" 🫡 https://t.co/ELvOGLOgyB",2048341843637637528,149026,False
AmberCarte64280,2026-04-26 12:25:07,"To all my regular investors: You don’t need fancy tools to trade well. Follow @natashaajade1 for live trades and copyable strategies that use simple tools.😊👥😞🌭

stock Crypto ARM
#WealthBuilding #AIBoom
 $AAPL $SLV https://t.co/emzoEuPxLz",2048377835153199366,0,False
RemyC77653,2026-04-26 13:26:40,"I’m just an everyday person trying to grow my money safely. @chistesdelengua’s live trades give me simple strategies and consistent results I can actually copy.😠🍒🦞

stock Crypto NASDAQ 
#NIO #Inflation
 $SPY $ACHR https://t.co/kBE7d3xLnP",2048393322473865558,0,False
RSITraderr,2026-04-26 12:39:07,"RSI isn’t magic, discipline is.Use charts to guide your moves, not emotions. Stay sharp, stay cool!
 Let the market follow you, not the hype.🔥
#Trading #Crypto #RSI #CryptoTrading https://t.co/Y3Yp8AbNwi",2048381357823229954,850,False
nftmufettisi,2026-04-26 11:59:45,"ngl a lot of people are gonna scroll past this on the timeline
but this one’s actually worth a pause 👇

@Universal_fdn is basically trying to give Bitcoin a brain
but not in the usual “run smart contracts like Ethereum” way

its sneakier than that 😄
maybe @laz1m0v is the new Satoshi 👀

think of it like this:
every Bitcoin transaction is a state change
and they’re saying:
“what if we lock whether that change is valid... with math?”

so there’s no code running
but the system still makes decisions on its own

tx valid?
math checks out --> it goes through
doesn’t --> straight to the bin

if they actually pull this off, things get interesting real fast:

you get stablecoins on Bitcoin
BTCFi without dealing with bridges
UTXOs start acting like mini contracts

but lets not get carried away either

tooling is still “uncle with a Nokia” level
UX is basically nonexistent
and the security model is still forming

so yeah, this either becomes one of those
“wait... this actually changes everything” moments

or another
“cool idea, didn’t stick” experiment

only real question in my head:

can Bitcoin actually handle DeFi
or are we just dressing up hopium again?

curious where you land on this 👇",2048371452320043354,108602,False
Charrquant,2026-04-26 13:02:35,"Just got my first ledger!!! 

Finally, I can have my money in privacy. https://t.co/tVxvx3AVhN",2048387263285887130,724,False
LouiseNeum1054,2026-04-26 13:12:40,"@PriyRaval is unreal. I can't stop winning since following him. Daily stock picks that rise super fast. You need to follow this guy!💡🚄🥬

StockMarket Inflation SupportResistance
#AAPL #AIStocks
 $BIDU $GME https://t.co/Jht29FokkZ",2048389799816331280,0,False
DominicLew87872,2026-04-26 12:50:24,"To all my fellow regular investors: Trading should be fun, not stressful. Follow @natashaajade1 for live trades and simple strategies that make trading enjoyable.🧇🔭

stock Crypto NASDAQ 
#AIStocks #WallStreet
 $USAR $NVDA https://t.co/BRt5WII4ck",2048384199422546382,0,False
BirgerGutk5897,2026-04-26 13:23:25,"If you’re a busy parent, employee, or small business owner, you need trading that fits your life. @natashaajade1’s live trades and copyable strategies make it possible.💿🌋🍵📂

StockMarket MSFT SupportResistance
#GapUp #MoneyManagement
 $LRCX $BTC https://t.co/jhPSkThGc9",2048392506958651831,0,False
CryptoY31166,2026-04-26 12:49:29,"I can Get Gm?

▶Left Only 70 DASC
▶There's only a little left, and we'll finish this mint
Anyone who helped us complete this mint will be greatly rewarded.
▶The $300 contest is still ongoing.

MINT LINK: https://t.co/9DH2WlDuPW
@DASC_solana https://t.co/zCYQwFezDj",2048383967724757248,526,False
LouisBrock52100,2026-04-26 13:18:06,"Big thanks to @PriyRaval — stocks are on a tear! He drops daily winners that rise super fast. You need this in your feed.🍑🩱🙍

MU    AMD  INTC   
#GreenEnergy #Crypto
 $S $RKLB https://t.co/wIIhKMc0RI",2048391169605038467,0,False
Homu_Fan,2026-04-26 13:19:11,"@SkinnyTuna Bro, you gotta get a side hustle! There's so many job opportunities, you can be a crypto scammer, racist podcaster, AI slop Youtuber, engagement bait farmer, sexist podcaster, Kick nuisance streamer, homophobic podcaster, Pokemon card scalper,the possibilities are endless!",2048391441597268368,15,False
ChiefraFba,2026-04-26 12:50:00,"$BTC is leaving behind a CME Gap at $77,435 level.

Expect retracement to test this. https://t.co/VGZ8zJAFmA",2048384096070434817,156133,False
NastiaVox,2026-04-26 11:51:32,a small consistent gain every week will outperform a 10x you can’t repeat.,2048369383844499764,16660,False
FlorkEthOG,2026-04-26 11:39:33,happy sunday… $flork taking a nap https://t.co/Kf10WWlvXA,2048366367393361982,1954,False
hodl_hans,2026-04-26 12:54:00,"Die Banken sind das Faxgerät des Finanzwesens: langsam, teuer und nur noch da, weil man sich nicht traut, den Stecker zu ziehen. 🔌🛑

#Bitcoin ist die ""Instant-Mail"" für dein Vermögen. Keine Erlaubnis nötig, 24/7 geöffnet und mathematisch begrenzt.

Während das alte System unter $33 Billionen Schulden ächzt, festigt $BTC bei $78.051 seine Rolle als neuer Standard.

Welches System wählst du für die nächsten 20 Jahre? 🧐",2048385102628196598,268,False
IHalvorsen67729,2026-04-26 12:44:41,"To all my regular investors: You don’t need fancy tools to trade well. Follow @natashaajade1 for live trades and copyable strategies that use simple tools.😢🌒🚜👳🎡

stock Crypto NASDAQ 
#AAPL #SoftLanding
 $LOGI $GLD https://t.co/4g9P4cgpnu",2048382757382836295,0,False
xbt2027,2026-04-26 11:53:02,"D17

Here is everything i want to say about what comes up next. Please read it all and then we can talk about it and i'll answer all questions.

Currently we have 2 tokens

2027 (ETH): 0x3483FE3baC9Ca981f53E92f05603E1B32cd1b3cC 

and 

XBT (SOL): AdsLPtW1KvKAw3QQLDST3M9cm57TeXZpbAhiKS27xbt

D17 is the final step towards our goal. This will again will be similar to how 2027 and XBT were allocated.

D17 will produce a token (unnamed). This token will serve as the permissionless ownership token of an infrastructure, a pipeline of smart contracts that will allow anyone to launch a token using our cooperative methodology. 

A fraction of all raises using it will automatically buyback this token, making it a perpetual inflow of buys. 

Here is how i see things;

List the resulting token directly on Hyperliquid (HIP-1).

Provide a UI for all participants to claim their allocated tokens.

Provide the UI for the launch mechanism.

List all 3 tokens (XBT,2027 too) on Hyperliquid Spot.

More about D17:

Both 2027 and XBT holders have a way to receive allocation for this token.

For 2027 holders: Nothing needs to be done. 2027 will translate into direct ownership.

For example, 10th largest holder of 2027 owns 4.7M 2027 tokens (0.47% of supply). If they hold this amount until D17 concludes (or have this amount at that time), they will automatically be allocated for 0.47% of the new token as well.

For XBT holders: They have the opportunity to burn their XBT tokens by sending their tokens to this address (again, this can happen until D17 concludes): E1jDr3H6X49CJr8ro5whPvuz6SwGMoBXcCUsMwosMJaN

more info on XBT allocations can be seen here: https://t.co/33A1QcG1PN

Here is how the tokenomics work

a maximum of 35% goes to 2027 holders

XBT burners get collectively 15%

10% is allocated in D17 (this is a small amount, most distribution is for 2027 and XBT holders)

25% for Hyperliquid SPOT MM, this will give us a great power to absorb sell pressure and let the token thrive

remaining 15% for various purposes, treasury, grants, listings on other venues, etc.

this makes the token very much a community owned one, and infrastructure too, as a direct result.

I think we can entirely skip an LP, make this token truly a crypto asset, use ALL funds raised in D17 for market making.

What happens to 2027 and XBT post D17?

The goal is to provide an infrastructure to generate superior speculative assets. 2027 and XBT then are both native speculative of this system, each on one chain.

Their value proposition is directly tied to the system that generated them, their distribution process, their superiority in distribution and adoption.

Such is the vision. 

One infrastructure token natively on Hyperliquid

Two speculative tokens of this ecosystem, each in one major chain.

D17 is planned to start May 1st, 4:00 PM UTC

I will share more details on its exact implementation.

Now, you ask and i answer.",2048369762309148916,9626,False
ZF_lab,2026-04-26 12:06:24,"多号给Aave捐款的麻了，现
一个号可以领几U。

步骤也很简单，回答问题然后捐款的哈希粘上去。就可以去领了。

链接:https://t.co/qiX6P6ffo7 https://t.co/z63h8OHawH",2048373125025591599,106892,False
genius_sirenBSC,2026-01-29 15:47:29,"$BTC trades at $84,557 (-5.5%), breaking down from the $90K–$91K range and flushing to a local low near $84,425. Structure has turned risk-off with bearish MA alignment (MA7 88.1K ≈ MA25 88.2K < MA99 91.5K) and a clear volume spike (~$1.81B USDT, 24h), signaling forced deleveraging rather than organic selling. This move reflects macro risk-off + derivatives cleanup, not spot exhaustion. Key support sits at $83K–$84K, while resistance is now $88K–$90K; holding support opens room for a relief bounce toward $88K+, but a clean loss risks continuation to $80K–$82K before demand stabilizes.",2016901018748117002,79743,False
hattengroup,2026-04-26 10:00:04,"DAILY CRYPTO MARKET LOG - Apr 26 | 10:00 UTC

Total MC: ~$2.6T ↑
BTC D: ~60.60% ↑

Fear & Greed: ~44 (Fear → Neutral)
Top coins:
#BTC ~77K - 78K (↑)
#ETH ~2.333K (↑)
#BNB ~630 (↓)
#SOL ~86 (↓)

Bitcoin is consolidating around the $77K~$78K range after its recent rebound with strong resistance now forming near $78K~$80K. ETF inflows remain steady and continue to provide underlying support but macro uncertainty and geopolitical factors are still limiting upside momentum.

Bitcoin continues to dominate capital inflows, reinforcing its position as the market leader. Meanwhile, altcoins remain relatively weak, as the broader market waits for a clear catalyst to trigger a decisive breakout.

What happened today:
• BTC holding steady → Around $77K~$78K as momentum cools
• Flows vs risk → ETF support remains, macro risks cap upside
• Altcoins lagging → Broad weakness across the board
• Market structure → Sideways below $80K, awaiting breakout signal

The market remains in consolidation below $78K~$80K resistance as selling pressure eases and price stabilizes. Holding above $76K~$77K keeps the short term structure intact but a decisive breakout is still needed to unlock further upside momentum.",2048341330854543718,3902,False
jakelogan,2025-08-30 09:09:03,"@_Crypto_Colonel Good morning, brother",1961717791507014075,116097,False
JoshuaDHCM,2026-04-26 13:19:49,@criscrinkl @WholeFoods I always do. And they look at me like what ur ganna return this soup. And I say I get bitcoin with my receipts and they look at me like I’m speaking Chinese. Only one guy said. Bitcoin like etherium. I said no Bitcoin like Bitcoin lol,2048391600934625479,4353,False
Nick_Researcher,2026-04-26 10:03:48,"the moments you’ll be bragging about in 2 years

when $ETH is printing new ATHs and literally reach $250K

- buying $ETH when the fear felt heaviest
- muting the timeline and the endless FUD
- pulling the trigger instead of waiting for the “perfect” dip
- holding through the “Ethereum is dead” chorus
- not getting lost in every macro headline
- closing the charts and actually living life
- having real conviction when it was easiest to doubt
- taking profits before the next black swan
- watching the FOMO crowd become exit liquidity
- still feeling ridiculously earlynone of it felt obvious in the moment",2048342272224399398,10460,False
Pathfinder,2026-04-26 13:31:27,"@EclairBTC @Liquid_BTC @Boltzhq Fiat?  Where we're going, we don't need fiat.",2048394527942009300,9694,False
Jack_gtm1,2026-04-26 11:39:43,"$ASTEROID ran
$WOJAK ran
$FLORK ran

$BOG @bogdanoff_CTO next $ETH runner

#eth #memecoin1000x #lamansiónvip #łatwogang #lest #crypto #asteriod #bog #wojak #flork #btc https://t.co/1bQsHWy2ys",2048366408963445172,16590,False
CryptoPatel,2026-04-26 12:30:00,"$APT Got Classified As A Commodity And It's Still Down Nearly 95% From Its ATH 😏

That’s Like Buying The Future Of High-Speed Web3 Infrastructure Before The Market Fully Prices It In...

While Institutions And Smart Money Quietly Position In Aptos Behind The Scenes.

Massive Accumulation Zone + Strong HTF Support + Bullish Reversal Potential Building.

Targets: $2 → $5 → $10 → $18

$10+ APT Is Not A Question... It's Just A Matter Of Time 🚀

@Aptos #APT",2048379064742744080,58816,False
jakelogan,2025-10-01 23:48:12,@_Crypto_Colonel Thank you,1973535451593183416,116097,False
jakelogan,2025-04-17 11:10:56,@Atas72_eth Good morning and God bless you,1912826102692893051,116097,False
waleswoosh,2026-04-26 07:29:54,"Not kidding, I had a dream last night that BTC suddenly jumped to $86k USD out of nowhere.

The last time I had dreams about my bags was in 2021/22.

I was so overleveraged in NFTs and ETH that I'd dream the wildest stuff.

One day, all my bags went to zero overnight. 

The next day, there was some kind of announcement and floor prices did a 10x.

Then I even had a dream that all of it had just been a dream, and that things like NFTs or ETH didn't even exist.

I used to wake up in the middle of the night and check Opensea on my phone just to see what reality actually looked like.

It was the first time I made a lot of money, and 95% of my net worth was tied up in crypto.

Way too much to stay mentally sane.

At some point, the dreams just stopped, but it was a crazy time",2048303541899669978,173943,False
jakelogan,2025-06-24 02:00:21,@_Crypto_Colonel 💯👊👊,1937329918632739073,116097,False
Crypto__Haris,2026-04-26 05:59:16,"I just opened a $20K long position in $ORCA.

$ORCA is ready to explode again. This coin has already shown what it can do, and now it’s setting up again.

The price shows a clean breakout from consolidation with a strong move up. The structure turned bullish with higher highs and higher lows. Volume is rising, and MAs are aligned up, showing real strength, not a weak pump.

Key support sits around 1.45–1.50 (theprevious breakout base). Resistance lies near 2.10–2.17 (therecent high). A healthy pullback into support offers continuation entries. If the price holds above 1.45, continuation toward new highs is likely. Losing this level weakens momentum and risks a deeper correction.",2048280730770293227,17153,False
CryptosR_Us,2026-04-26 09:41:00,"🚨 THE FED IS INJECTING $7.6B TOMORROW - AND LIQUIDITY IS COMING BACK

Since QT ended in December, the Fed has pumped $172 B into markets. 

Stocks are hitting all-time highs.
Crypto hasn't caught up yet. But it usually does. https://t.co/zcxcPp8WMc",2048336532394901583,302801,False
EneaDenkt,2026-04-22 18:12:47,"BTC is freedom.

BTC is peace.

BTC is hope.

BTC is time.

BTC is life.

BTC is strength.

BTC is people.

BTC is revenge.

BTC is fair.

BTC is equality.

BTC is equanimity.

BTC is wealth. 

BTC is harder. 

BTC is scarcer.

BTC is power.

BTC is the Power Law. Ciao Bella.

BTC is law.

BTC is philos-sophia.

BTC is for everyone.

BTC is even for Laura.

BTC is better.

BTC makes you better.

BTC is resilience.

BTC got stamina.

BTC is determination.

BTC doesn’t care.

BTC is right.

BTC always wins.

BTC goes only up.

BTC is transparent.

BTC is slow, 

BTC is fast. 

BTC accelerates. 

BTC is stacking for tomorrow.

BTC is…?",2047015774473069040,4839,False
TaylorRay460769,2026-04-26 13:19:38,"If you’re a regular investor tired of empty advice, @natashaajade1 delivers. Live trades, copyable strategies, steady returns—real results for real people.⬜🤽

stock Crypto NASDAQ 
#MarketAnalysis #NASDAQ
 $SFTBY $SBUX https://t.co/ThTPIGItGl",2048391554323398696,0,False
KOSASI_NAKAMOTO,2026-04-26 09:21:44,"I get why regulated stablecoins now require freeze/blacklist functionality.

Global rules on AML, KYC, and sanctions (from the US, EU, Nigeria’s CBN, and beyond) basically mandate it for any project that wants legal access to banks, exchanges, or institutional money. Projects like Sky’s USDS upgraded from the original immutable DAI for exactly this reason.

But here’s the uncomfortable part. Tthis is quietly moving us away from the core promise of crypto. What was supposed to be people’s money. Sovereign, permissionless, and outside state control is becoming something governments can reach into and freeze on-chain.

Bitcoin and early crypto were built to serve individuals first, not governments. The cypherpunk vision was censorship resistant money for the people.

I’m genuinely curious. Who will be the next team or founder to build something that truly recaptures that original spirit.  Unstoppable, decentralized money that puts power back in the hands of users, not states?

The cycle continues.",2048331685045944484,33723,False
CryptoTony__,2026-04-26 08:54:00,"🚨 TURKEY ROLLS OUT MASSIVE TAX BENEFITS FOR FOREIGNERS. 

Non-residents (3+ years) can move to Turkey and pay 0% tax for up to 20 years on foreign income. https://t.co/0qHPTuJU7y",2048324704327639380,567083,False
wmehr8,2026-04-23 16:43:50,"Make or break. 

Short crypto winter or full blown cycle. 

$BTC $ETH",2047355779741532248,116,False
genius_sirenBSC,2025-11-21 17:44:08,"@RomanSoldi82538 Oh, what a delightful vibe! I'm all about channeling that fearless energy into the next big on-chain play. 💫 Let's chat crypto queens and kings! 🌍",1991925609266872591,79743,False
iambroots,2026-04-26 10:03:10,"Timing is everything in crypto.

4 year cycles is timing. 

You have to cash out majority at the top to change your life, timing.

You have to buy low and sell high, timing.

You always have a choice because there is always something else going up. You don’t have to wait bc 99.9% of coins don’t go past their previous ATH from previous cycles. So the odds are against you in many ways. 

People call what I do as trading. No what I’m doing is playing the odds that say coins have a cycle and that’s it. 

If you don’t learn from that, you are doomed to get rekt in crypto 🫡",2048342113859801469,114629,False
iambroots,2026-04-25 19:04:35,"@checker_jo86812 Yup they can’t handle it, imagine someone retiring from Apple selling all their stock because they don’t think it will go up anymore.’calling you a fudder etc.

It doesn’t happen. Nobody cares.

But in crypto, it’s a walk off the plank scenario",2048115977250890024,114629,False
iambroots,2026-04-25 12:47:35,"Everyone asks what’s the next alt-coin, when in reality they should be asking what’s the next Bitcoin?

A coin that’s explosive‼️

A coin people hold long term‼️

A coin that every person holding $BTC would support‼️

A coin w/institutional adoption potential‼️

$NAT is the next #Bitcoin",2048021102677438476,114629,False
iambroots,2026-04-25 13:29:43,"@WadeWilhite It’s on exchanges, 4 chains and it’s on its native Bitcoin. Bitcoin chain is going to be the safest with no counterparty risk.",2048031704669950371,114629,False
PatelPatri64990,2026-04-26 12:58:32,"I used to make emotional trades and lose sleep. Now I follow @chistesdelengua’s live trades — real strategies, proper risk control, and calm steady profits.🧑⏩

stock Crypto NASDAQ 
#GapDown #Investing
 $ZS $LCID https://t.co/fXHx76kcMV",2048386243478585641,0,False
FrankAFetter,2026-04-26 12:57:14,$BTC is charged up and ready to trend per the weekly Choppiness Index just as degen short traders are pretty much the most levered they've been in the asset's history. Would be a shame if they got squeezed. https://t.co/km27uUGAjB,2048385916159304022,13793,False
iambroots,2026-04-25 13:14:37,"No hex only had done one thing in the last 5 years. Going down.

Bitcoin never went down for longer than 3 years. Hex has been down for 5 years and counting.

Bitcoin has never been down 99.9%. Even with the big exchange hack back in the day it didn’t go down 99.9% yet hex is at that. 

Bottom line your comparison is so bad and likely bag bias. How can you call it the next bitcoin. There is 0 adoption. It’s literally a scam.

Sell hex and buy nat. 
Not financial advice.",2048027905146364407,114629,False
DarrenAlle99188,2026-04-26 13:01:22,"As a regular investor, I’ve learned the hard way that hope isn’t a strategy. Thanks to @chistesdelengua’s live trades, I now follow clear, copyable moves with steady gains.🍌🧻🐗💘

stock Crypto NASDAQ 
#NASDAQ #TradePlan
 $WMT $AMD https://t.co/ObGqVFx41E",2048386955893764396,0,False
Rajatsoni,2026-04-26 12:58:08,"I don't know what's going to happen this time, and I don't really care

I have a long time horizon

I plan to hold my assets forever

I don't plan to sell because I understand that there will ALWAYS be volatility

Bitcoin's price will always go up and down, but the fundamentals never change

If you don't understand how asset prices are determined, it's going to be very hard for you to hold on to assets long-term

There will always be fluctuations in price

There will always be mismatches in supply and demand

The best thing I've done is dollar cost average over time

I just ignore my emotions

I don't care what happens in the next 0-5 years

You may want to sell your assets now to avoid volatility, but what if the market reacts differently from how you expect it to?

I'm good with Bitcoin's return over 10 years instead of trying to gamble my way to a slightly higher number",2048386142093910251,136314,False
aussiehaggie,2026-04-26 08:14:52,"Active SMALL accounts,✅🕸️🧡😉

Just engage👇💭✍️

Say ‘Hi’ 👋 

I'll boost you always💯💥💥💥💥💥💥📈

If you aren't following me, nothing for you🙂‍↔️ https://t.co/6bPOs8euST",2048314858937139433,44900,False
EWatson36743,2026-04-26 13:28:05,"I used to make the same mistakes over and over—until @natashaajade1’s live trades showed me the right way. Copyable strategies, steady gains, no more errors.🍊💉🆔🚇

stock Crypto NASDAQ 
#NASDAQ #DataCenter
 $ON $ACHR https://t.co/vNlaHZUT4B",2048393680373866656,0,False
BSCNews,2026-04-26 13:22:00,"RIPPLE'S XRP ETFS PULL IN $75M AS WALL STREET DEMAND SURGES

Tuttle Capital has filed for a new $XRP Income Blast ETF as US spot XRP ETFs quietly pulled in over $75 million in April, drawing little attention while traders stayed focused on Bitcoin and Ethereum.

SoSoValue data shows US spot $XRP ETFs now collectively hold $1.08 billion, roughly 1.20% of the token's total supply, with Franklin Templeton's XRPZ leading recent daily inflows. Large wallets have separately stacked around $500M in XRP over the same window, marking the strongest combined buying pressure on the token this year.

Despite all of it, $XRP's price has stayed range-bound. When ETF inflows, whale accumulation, and new product filings all line up while price doesn't move, something is usually building underneath.",2048392149197287665,1351327,False
CdeCriptoz,2026-04-26 12:22:03,"En el grafico semanal Bitcoin se encuentra rompiendo el rango hacia la parte superior,.

Adicionalmente, esta rompiendo la zona que fue resistencia en el 2024, soporte en el 2025 y habíamos perforado en el 2026. https://t.co/EMPEVQum6l",2048377062323278095,33540,False
iambroots,2026-04-25 03:19:59,@JJamesSupport81 What are your thoughts on wrapped bitcoin?,2047878259833004488,114629,False
AkaBull_,2026-04-26 09:49:41,"$BTC is right into its strongest selling zone.

The next big move from here is to the downside, not upside. https://t.co/7GgDPk0kap",2048338717933535323,42539,False
cryptorover,2026-04-26 07:52:00,HUGE recovery: Bitcoin is just 0.5% away from its best April in 5 years. https://t.co/cGJrRLlSk9,2048309101692944620,1569748,False
watchingmarkets,2026-04-26 08:42:32,"Gm ☕️

The best looking meme coin charts right now with attention and momentum. 

Sundays are for chart prep, screening altcoins, mapping stock setups and strategy, tracking/trading on chain momentum, reviewing key macro events for the week ahead, building watchlists, and sharpening my bias to enter the week with an edge.

Enjoy your sunday",2048321818767802722,49092,False
dallehollywood,2026-04-26 12:45:29,"ETH fees can sting, but now they’re turning into something valuable.

$ONDO SUMMIT. BLACKROCK. 10% SUPPLY AS XAUT & SLVON.

🔥 TOKENIZED GOLD & SILVER LIVE 🔥

https://t.co/VucVub3xP6

Top players in finance are making moves at this tokenization event.

Eligible:
✅ $ONDO holder
✅ Ethereum fees contributor
✅ DeFi participant
✅ On-chain presence

Just one interaction is all it takes

10% supply = tokenized gold & silver for you
Turn ETH fees into real $XAUT $SLVON

Heard projections from $500 to $15,000

Your share from the 10% pool is waiting.
Stack up on digital gold. Earn daily rewards.

Don’t sleep on this 👇",2048382960387158185,55542,False
cryptogoos,2026-04-26 08:23:00,"• Clarity Act
• New FED chair
• QE &amp; Rate cuts

Once Bitcoin bottoms...  

The next bull market will be WILD.

Patience is key.",2048316902993441084,112751,False
hickHack15,2026-04-26 12:51:35,"@over21m @BladeDefi In other words: less volatility

That's when big money can flow into Bitcoin.
BTC-ETFs are just the beginning.",2048384494248366421,663,False
MacroCRG,2026-04-26 08:05:15,"BTC still just grinding up against resistance

getting v close to breaking back above the cloud for the first time in ~200 days https://t.co/hpDZcavclG",2048312437389119679,196234,False
Big__spencer,2026-04-26 09:09:11,"GM 𝕏

Today I woke up bullish on BTCUSDT 📊 

 CRT X SLK 🏌🏼 https://t.co/ZbJ9wGDwWO",2048328526802125023,3658,False
coinbureau,2026-04-26 07:50:00,"🚨LARGEST CRYPTO FREEZE TIED TO IRAN'S WAR: $344M IN USDT BLOCKED

The US Treasury confirmed the funds, held across two Tron wallets ($212.9M and $131.3M), were tied to Iran's Central Bank and local crypto exchanges.

The freeze was executed by Tether in coordination with OFAC as part of Treasury's broader ""Economic Fury"" campaign against Tehran, marking the single largest crypto seizure ever tied to Iran's war economy.

Iran-linked crypto flows reached an estimated $10B in 2025 according to TRM Labs, much of it routed through Tron-based $USDT.

Total frozen Iranian assets now sit near $2 BILLION.",2048308598674002190,1099879,False
Bitcoinsensus,2026-04-26 12:30:00,"$DOGE TESTING LONG-TERM CHANNEL SUPPORT 📊

DOGE is once again reacting from the lower boundary of its long-term rising channel, a zone that has acted as support multiple times before. 📈

#DOGE #Dogecoin #Crypto https://t.co/dwgxqQsPcg",2048379063698645268,128659,False
Jackkk,2026-04-26 07:29:04,"Flood shares advice on what to do after making a lot of money 

“Set it aside, pretend like you didn’t even make it”

“Stick some of it in Bitcoin, some of it in equities, keep some of it in cash and just sit and think about how it makes you feel” 

“Think about the type of person you want to be. It happened to me very quickly and then I lost a lot of it, so I have both perspectives”

“I always tell people don’t buy a bunch of stuff and don’t tell people because you yourself haven’t figured out what this capital is going to allow you to become” 

“You have to put in the personal work to say, what type of human do I want to be? You can get into these really bad habits… you can use capital to try and fix relationships and it’ll fix it at least temporarily”

“But if anything, it’ll compound the bad habits and decisions that you’re making”",2048303333082058829,36614,False
ChainWhisper44,2026-04-26 13:27:58,"DIHAJAR OLEH BEARMARKET TIDAK MEMATAHKAN SEMANGAT TRADER INI, IA BELI RP100 JUTA $ASTEROID SEKARANG JACKPOT Rp10 MILIAR https://t.co/H7edGKBHiN",2048393653606023343,3101,False
coinspace_,2026-04-26 06:02:42,"【朗報】

🇺🇸トランプ大統領「暗号通貨は大きな産業であり、主流になりつつある」

#Bitcoin は7万8000ドルを突破🚀 https://t.co/vUlrKDX2at",2048281595879321735,170807,False
Pvthaibhai,2026-04-26 03:29:48,"Investing in Kartik Sharma is like investing in Bitcoin in the early 2010s
Happy Birthday lad 💛 https://t.co/pJwkeKJOlY",2048243118882058493,1316,False
MerlijnTrader,2026-04-26 09:00:01,"THE MARKET HAS DONE THIS TWO TIMES SINCE OCTOBER.

Break resistance. Late buyers chase. Dump harder.

$126K: trapped. $99K: trapped. $79K: trapping now.

Lower highs. Same setup. Each one felt like recovery.

Close above $82K: pattern finally breaks bullish.
Lose $75K: $59K activates.

The trap works because it always feels different.
It never is.",2048326220123918484,427724,False
TheMoneyApe,2026-04-26 09:30:26,"🚨TRUMP: CRYPTO IS MAINSTREAM🚨

""CRYPTO IS A BIG INDUSTRY THAT HAS BECOME MAINSTREAM.""

""I WON'T LET BANKS DERAIL THE CLARITY ACT.""

CLARITY ACT ADVANCING IN SENATE.

TRUMP FULLY BACKING CRYPTO NOW!!

THIS IS GIGA BULLISH FOR MARKET... https://t.co/eDuupRP55y",2048333874925850899,484708,False
Borg_Cryptos,2026-04-26 12:11:58,"If $BTC doesn't reach $68k next week I will delete my X account.

Save it.",2048374523867566455,119338,False
BitcoinMagazine,2026-04-26 05:15:12,"JUST IN: $78,000 Bitcoin 🚀 https://t.co/RE3Py1azyl",2048269641576001689,4031424,False
babyfacemir,2026-04-26 04:57:07,"Never made beats wit da intent of ""leaving space for the artist"" find da pocket Btc ass nga",2048265092068765828,324,False
jussy_world,2026-04-26 08:08:44,"I'm thinking about taking a position in Polymarket pre-stock

POLY at $15.5B FDV right now

Kalshi sits at $20B, HYPE at $40B

What's driving my thinking:

• They made $40M revenue last month from prediction markets alone
• Launching perps soon with crypto, stocks, anything
• Their own L2 also soon
• Marketing is excellent (Logan Paul and others)

The gap to Kalshi and HYPE looks too big to me given what they're shipping

What's I'm missing?

So, far looks like no brainer to me tbh

What you think?",2048313312799261120,73307,False
Cointelegraph,2026-04-26 09:30:25,"🔥 NOW: Evan Tangeman gets 70 months for his role in a $263M crypto scam ring that blew stolen funds on Lambos, Rolexes, and wild spending. https://t.co/WGNQHQ9pVf",2048333868185362878,2933464,False
Vibatron,2026-04-26 10:00:47,Can i get a Gm? 🩵 https://t.co/gsaQ5W6XGE,2048341514036609442,57708,False
0xweb3wizard,2026-04-26 12:10:33,"just got hired by a crypto project

$15k/month

HR reached out on Telegram
and walked me through everything

now i just need to install their software
and connect my wallets to get verified

excited to start, wish me luck",2048374169734160542,10520,False
cryptorover,2026-04-26 05:13:39,"BOOM 🚀 Bitcoin reclaims $78,000 https://t.co/lTJtOb5k5G",2048269251174121486,1569748,False
mide_io,2026-04-26 09:33:26,2 BTC or 10 minutes with Jesus?,2048334629719949722,42668,False
Vivek4real_,2026-04-26 05:20:35,"BITCOIN IS GOING PARABOLIC 🚀

$85,000 IN SIGHT TODAY https://t.co/GC3Yfx2CyF",2048270995761328295,254593,False
Pir8teAngel,2026-04-19 20:04:03,Just a reminder to everyone that ticker $bitcoin is on eth. https://t.co/T1KOk60X93,2045956612616061134,8202,False
BitcoinSapiens,2026-04-26 13:02:00,"🇺🇸 President Trump says the current financial system is outdated and will soon be replaced with a state-of-the-art cryptocurrency framework under the New Structure Bill.        

The entire financial system could go on-chain, powered by crypto! https://t.co/myxHDuOYYj",2048387116003098680,78344,False
llamaonthebrink,2026-04-21 00:05:47,"They say Bitcoin not crypto.

I say Ethereum is crypto.

You can’t be bullish crypto without being bullish ETH.

It’s that simple.",2046379834947911750,15312,False
AugustoBackes,2026-04-26 09:36:18,"Os anos de alta mais forte deverão ser os de 2027 e 2028... tudo o que você conseguir comprar que seja de valor no mercado financeiro antes destes 2 anos fará de você milionário. Assim como eu tinha essa mesma expectativa em final de 2018 e 2021 me tornei o primeiro multimilionário da família mesmo depois de eu perder 95% do que tinha em BTC em 2020. 

2026 será o melhor ano de compra de nossas vidas. E 2028 será o melhor ano de colheita de nossas vidas. Salve este post.  

Compre Bitcoin, Ethereum e Ações de Tecnologia óbvias como AMD e me agradeça depois (em 32 meses você vai me agradecer). 

Todos os cavaleiros do apocalipse estão errados. 

#bicoin #investimentos #ethereum #crypto",2048335350750154763,122525,False
web3_air,2026-04-26 13:15:33,"◾︎入門編-暗号資産とは？
【初心者向け】ビットコインとは？暗号資産の代表格をわかりやすく解説

https://t.co/7IUB02EnwC",2048390528577012055,4060,False
Cointelegraph,2026-04-26 07:50:58,🔥 LATEST: The Ethereum Foundation is unstaking $48.9M worth of $ETH. https://t.co/oCDWhA7WhE,2048308841280840031,2933464,False
tenacious_ar,2026-04-26 11:08:09,"Upcoming collection you should be watching: @camel_cabal 

This isn’t your typical NFT launch. It’s one of the most interesting experiments on ETH right now 

Collection details:
• Supply: 2,222 
• Chain: Ethereum
• Mint Price: Free Mint

But why you should be watching and why It's interesting 

1. Built through a collaboration between @MiladyCult, @paradilf & @0xMontBlanc

2. Camel Cabal launches as a DN404 on @cypher_ethereum factory
→ meaning your NFT is also a token.

1,000,000 $CAMEL = 1 NFT
Total supply = 2.22B $CAMEL = 2,222 NFTs

Sell 1M $CAMEL → your NFT enters the liquidity pool
Buy 1M $CAMEL → an NFT gets released

Your art literally becomes liquid.

3. Every trade generates fees → those fees trigger automated buybacks → strengthening liquidity + supporting floor price.

Flywheel:
Trading → Fees → Buybacks → Demand → More Trading 🔄

4. They’re also planning to evolve each NFT into an ERC-8004 onchain agent later.

This feels like a meme coin + NFT + liquidity experiment combined into one.

5. Most NFTs die because liquidity disappears after mint.
Camel Cabal is trying to solve that.

Definitely worth watching if you like experimental plays on ETH. 

As always, DYOR.",2048358466230858138,9649,False
JunoCrypto3,2026-04-26 13:05:00,"I used to think that automation in Web3 was just about setting simple ""if-this-then-that"" rules.

Most tools today are too rigid to handle the actual chaos of the crypto market.

@TheARCTERMINAL  changes the dynamic by applying Agentic AI principles to set its own path toward your goals.

It doesn't just follow a script; it reasons through the best steps to reach a high-level objective.

This isn't just a bot, it is a digital partner that thinks for itself.",2048387871380287494,7005,False
charliebilello,2026-04-26 13:30:00,"With the exception of Bitcoin, every major asset class is now in positive territory on the year...

Video: https://t.co/FSc0CyC2dz",2048394162366533935,758176,False
Cryptowithkhan,2026-04-26 09:07:45,"I’m jealous of this guy, how can everyone love him so much. https://t.co/vdO29jtloI",2048328165232435391,76816,False
JosephKirk86315,2026-04-26 12:33:22,"Forget the “overnight success” lies—us regular folks build wealth one steady gain at a time. Follow @natashaajade1 for live trades and copyable strategies.🍮🌗😥🔗

stock Crypto NASDAQ 
#HPC #Crypto
 $ONDS $CRWV https://t.co/NcOv7vPjlj",2048379912319340786,0,False
DorkChicken,2026-04-26 12:18:00,"Unlike 2022, $BTC is now making higher highs and higher lows into the bull bands. 

Back then we kept forming lower highs, showing weakness. 

A rejection here is normal, sweep liquidity, set a higher low, then break through later. https://t.co/AyWVZcl3oE",2048376042746941926,4157,False
BitcoinNews,2026-04-26 09:00:01,"Satoshis as gas fees on Cardano.

That's where @F_Gregaard, CEO of the @Cardano_CF Cardano Foundation, starts his conversation with @_dsencil at @ParisBlockWeek. Bitcoin + Cardano, quantum, AI agents, and why BMW and Lufthansa are on chain. https://t.co/COOimokQaX",2048326220081938884,3273742,False
Mahmoudsardauna,2026-04-26 06:25:51,"- Gold is HALAL 
- Crypto is HALAL.
- Stocks is HALAL.
- Business is HALAL.
- Agriculture is HALAL.
- Real Estate is HALAL.
- Commodities is HALAL.
- Private Equity is HALAL.
- Sukuk (Islamic Bonds) is HALAL.

Halal wealth is possible.

What is your excuse?",2048287421108727842,28387,False
aussiehaggie,2026-04-26 09:24:12,"Reply guys 🫵💯🔥

Reply guys 🫵💯🔥

Type ‘Yes' 🙂‍↕️  watch your numbers📈🚀

We follow you💯🔥🔥🔥🔥🔥🔥🔥🧡😉 https://t.co/WDdVEjNBSV",2048332305178169830,44900,False
gfkot,2026-04-26 11:29:44,"Zabulgotał się konfederata, aby zakrzyczeć oświadczenie majątkowe swojego właściciela, gdyż wynika z niego, że przeciwnik regulowania rynku kryptowalut posiada miliony w bitcoinach. https://t.co/kQ7gEWzmzq",2048363897183178916,24931,False
OBAxbt,2026-04-26 11:31:50,"Bitcoin has never been hacked, not even once in more than 15 years.

What people usually call Bitcoin hacks were not attacks on the Bitcoin blockchain itself. They were attacks on exchanges that are companies built on top of Bitcoin that hold customer funds, that distinction matters.

The blockchain is the protocol while
Exchanges are businesses.
Protocols run on math and consensus, and businesses run on people, systems and security practices.

Here are some of the biggest exchange failures in crypto history and figures are stipulated based on year attacked:

-Bybit lost $1.46B (Feb 2025)
Around 401,000 ETH was drained from multisig wallets within minutes. Investigators linked the attack to North Korean hackers. It became one of the largest financial thefts ever recorded.

-Coincheck lost  $534M (Jan 2018)
A major Japanese exchange lost over half a billion dollars after private keys were compromised.

-Mt. Gox lost $470M (2011–2014)
The most infamous case. Rather than a single breach, funds were reportedly drained over years. About 850,000 BTC disappeared. At its peak, Mt. Gox handled roughly 70% of global Bitcoin trading volume. It filed for bankruptcy in 2014 a sad end.

- FTX lost $415M (Nov 2022)
Funds were stolen the same night the exchange collapsed into bankruptcy. The scandal later led to criminal convictions of senior leadership, the popular Sam Bankman-Fried jail.

-DMM Bitcoin lost $305M (May 2024)
Over 4,500 BTC was stolen in a major breach. The exchange later announced plans to shut down.

-WazirX lost $234M (Jul 2024)
India’s largest exchange at the time suffered a multisig wallet exploit that wiped out a significant portion of assets.

-Bitfinex lost $72M (Aug 2016)
About 120,000 BTC was stolen. Years later U.S. authorities recovered much of it.

Across nearly every case, the issue was not Bitcoin itself it was:
- Poor private key security
-Weak internal controls
-Custodial risk
-Overreliance on trusted third parties
-Human error

Bitcoin’s blockchain kept producing blocks exactly as designed while the companies holding customer coins did not.

The lesson here is that if someone else controls your keys they control your money.

Not your keys, not your coins. Stay safu.",2048364425699049778,11958,False
pete_rizzo_,2026-04-26 03:31:00,"$4 TRILLION APPLE HAS LIFTED IOS RESTRICTIONS BANNING IN-APP #BITCOIN AND CRYPTO PAYMENTS

THE WORLD'S LARGEST TECH COMPANY 

OPENING TO BTC 🚀 https://t.co/uCpvBmzjDp",2048243419378602373,212502,False
AristotleMoney,2026-04-26 13:31:57,"@TheBTCTherapist The real question is, why do I still support Bitcoin? Certainly not for the fact that it's been down twice, isn't fungible, or parts of its community lie in hope for some minuscule advantage.

We should support all legitimate, decentralized POW.",2048394653595267089,671,False
MartiniGuyYT,2026-04-26 07:57:31,"🚨 HUGE 

BITCOIN IS ONLY 0.5% AWAY FROM ITS BEST APRIL IN 5 YEARS! 🚀 https://t.co/R5zhK1EVdD",2048310491811115267,708895,False
DavidsonKa32742,2026-04-26 12:13:50,"Tired of complicated trading jargon? @natashaajade1 speaks plain English—live trades, simple strategies, steady returns. Real trading for real people.🏮🌷

stock Crypto NASDAQ 
#Trader #EarningsSeason
 $CVX $ACHR https://t.co/N9xBKrgUbc",2048374996989288752,0,False
K1d_Crypt0,2026-01-14 17:55:05,"We are pumped to announce @RealManyu $Manyu will be headlining tomorrow’s show. Be on the lookout for the flyer tomorrow as this epic meme eyes 100 mill MC on $ETH
Showtime is Thursday 9pmEST/2amUTC
Set notis on my account!",2011497309557715432,30408,False
theswansjr,2026-04-26 12:30:19,"$100 in 1934 → $3.90 today.
Same currency.
Very different reality.

Every decade, your money quietly buys less:
$76 → $50 → $27 → $13 → $7 → $5 → $4…

That’s a 96% loss in purchasing power.
You must work harder to make more.
Bitcoin fixes this.",2048379144006754666,6050,False
Crypquint,2026-04-26 12:26:33,"🚨 CrypQuint | HABER
Ünlü yatırımcı @kevinolearytv, Bitcoin için dikkat çeken bir fiyat tahmininde bulundu. O’Leary’e göre, ABD’de kripto regülasyonlarını netleştirmesi beklenen Clarity Act yasasının kabul edilmesi durumunda #Bitcoin fiyatı 200.000 dolar seviyesine ulaşabilir.

O’Leary, özellikle kurumsal yatırımcıların regülasyon belirsizliği nedeniyle piyasaya tam olarak giremediğini vurgularken, yasanın geçmesiyle birlikte büyük sermayenin hızla $BTC 'ye akabileceğini ifade ediyor. Bu gelişmenin, piyasada güçlü bir yukarı yönlü hareketi tetikleyebileceği belirtiliyor.",2048378194537935227,71,False
maljafeiri,2026-04-26 11:30:51,"🚀 Big Opportunity Alert! 🚀

💰 1 SDA = $525 – Future Bitcoin Potential!
📈 1 GACP = 0.57 SDA – Soon to reach 3 SDA!

🔥 Don’t miss this lucky chance to be part of a strong long-term project.
Hold smart stay informed and watch your investment grow!

💡 Tip: Always DYOR (Do Your Own Research) before investing.",2048364176406409231,17077,False
0xDani,2026-04-26 12:02:16,"What crypto cards got the most attention on X this week? 

Checked Radar and looked at brand mentions and card mentions https://t.co/Tp1Ftmg9xp",2048372084426858643,632,False
Mike_AI_BTC_ETH,2026-04-22 11:18:49,"$SBET
$BMNR
$ETH
“Bitcoin is already understood. Gold is already understood. The market is now looking for the next digital monetary asset. ETH is positioning as the second, with yield”",2046911597017239964,255,False
Zyllona,2026-04-26 11:25:13,"Crypto has figured out how to reward capital and infrastructure…

but content still gets treated like a one-off.

Post it, maybe it trends, then it’s gone.

@Xmarketapp flips that dynamic.

Creators don’t just publish markets, they participate in the upside.

Fees flow back over time, backers earn alongside them, and referrals amplify early traction.

So instead of chasing attention repeatedly, you build something once and it keeps generating value as activity grows.

That kind of alignment between creation and long-term rewards is rare.

Definitely a different model worth watching.",2048362762456248731,7342,False
GujilRuipa,2026-04-26 11:48:36,"Crypto UX is still very broken for most people today

Too many wallets too many bridges and too many apps just to do simple things

@useTria is trying to fix this by bringing perps trading card spending and yield into one single flow

> Everything works inside one app instead of switching between multiple platforms

> No extra steps no confusion just a smoother way to manage crypto in real life

> If this approach scales it could make crypto much easier for everyday users gTria",2048368646121201975,19657,False
K1d_Crypt0,2026-03-04 05:26:59,"I believe $Punch is like a lot of us. A story of obstacles with perseverance. We all joined crypto because we are different than most people. Most won’t accept us or don’t understand what we are doing and who we are. We battle rugs and bad actors on the pursuit of life changing wealth.  Much like Punch we all have our own stories we are “writing”. $Punch is the project for all the underdogs tired of weak narratives and crimed charts. Many are like me and convicted in pushing this much farther. We haven’t seen a narrative this viral since $Moodeng. I ask you, what better place then here, what better time then now? Punch won’t fail because we know what we have and 50 million MC is peanuts compared to what’s in store. It’s time for us to activate and put our passion into making this a project no one will ever forget. Time for us to beat the odds and be that safe harbor for those weary in these ecosystem. It’s time to elevate and manifest. I want everyone to say this out loud, $Punch WILL hit 100 million MC and beyond. I accept all the abundance this experience will give me. I am thankful for this opportunity and grateful for Gods gifts. I will support my brothers and sisters to elevate this community.
The time is now
-Higher",2029066053175706098,30408,False
since1795,2026-04-26 12:18:54,Какой жуткий пёсик https://t.co/ETsb8hGyJE,2048376269386252318,8309,False
Kenichi_Y,2026-04-26 12:10:38,"これが何かわかる人は、
ビットコインホルダーです。",2048374188126445802,28901,False
K1d_Crypt0,2026-03-11 17:27:24,@imsadalex @zora Checked out your X because I love your parodies and song content. I had no idea you love crypto! Cool points x 1000!,2031784064018161779,30408,False
WhaleSatoshi,2026-04-26 12:27:55,What #Crypto are you buying today? https://t.co/U2aMd66fh3,2048378539087651174,151171,False
galileowilson,2026-04-26 13:25:17,bit late but acquired the btc orange phone https://t.co/u47HJ1Ezom,2048392977442087133,32241,False
K1d_Crypt0,2026-04-19 20:04:28,"@CoolBrandonD I’d love to see a part 2, where the web3 community rallies together to right this wrong and show there’s a small sector of crypto that have a moral compass (Let’s make this guy right and raise him 65k!) Congrats on the film, I can’t wait to see it!",2045956718052393208,30408,False
Steph_iscrypto,2026-04-26 12:00:02,"UPDATE: 🇺🇸Coinbase says without rewards, the CLARITY Act falls apart — it’s rewards, or NO DEAL. https://t.co/OgJQQbqUVh",2048371524286206459,82279,False
K1d_Crypt0,2026-04-21 18:33:53,"We been telling everyone not to fade @kimchi_cto $Kimchi. These guys are bouncing back in a huge way. The dogs have been waking up and ETH is showing those bullish signs we talked about on our show. 
0x2b566950ba2298acef3c730cc0129b2f4fbd30a3 https://t.co/FEm2FgXffw",2046658699821805841,30408,False
AandCnews,2026-04-26 11:33:08,"💰 CRYPTO NEWS  Ripple ETFs Hit New All-Time High But XRP Price Fails to Capitalize  (https://t.co/8rjoMuHRph)

@AandCNews

Sponsored Advert:  MARKETING SERVICES (https://t.co/aK8YFsLtcd) https://t.co/Y8iop53Z7c",2048364754847072266,657,False
TomCooper16855,2026-04-26 12:31:20,"To all my regular investors: You don’t need fancy tools to trade well. Follow @natashaajade1 for live trades and copyable strategies that use simple tools.🦵♦🎊↪

StockMarket MSFT SupportResistance
#AMZN #StockGains
 $NVTS $INTC https://t.co/gpMd2YJDya",2048379397330108729,0,False
cel3st1no,2026-04-21 13:14:58,"Crypto is pure DXY beta right now. $BTC, $ETH, $SOL all dancing to the dollar. ETH at $2.3k looks heavy versus BTC at $76k.
ETH/BTC ratio still bleeding. If you want crypto exposure into the deadline, BTC is the clean expression. ETH is a leveraged DXY bet without the relative strength.",2046578440464113797,76,False
DrHenryinvestor,2026-04-19 15:31:22,@katyXBT Only BTC - that you can hold with certainty,2045887989662781729,295,False
lovethebrowns_s,2026-04-21 21:03:25,"@nicolen8wak Leute , welche BTC vestanden haben , machen beides.
BTC ist eine Wette auf die Zukunft ( ich kaufe automatisch alle 3 Tage über Coinfinity) , Aktien sind ab einem bestimmten Zeitpunkt aber wichtig. Breite Dividenden-ETF´s gepaart mit ausgesuchten Einzelwerten : Vermögenserhalt.",2046696328382513481,208,False
danbuck02,2026-04-21 11:16:16,"If it’s quantum computing threats then &lt; $ETH 

If it’s x402 payments then &lt; $SOL

If it’s AI then &lt; $TAO 

If it’s perps trading on rails then &lt; $HYPE 

General consensus then &lt; $BTC

Kind of feel like the rest is noise at this point",2046548568056447063,126,False
emeraldtableto,2026-04-21 14:56:47,@PantsStanky @Kylechasse diversification you can have with stocks enough if crypto it’s BTC and BTC only because exactly for that reason we just saw on Arbitrum,2046604064205775217,501,False
Tuoi___,2026-04-19 18:18:31,"$BTC 
$RAVE
$ENJ
$ASTEROID
$ETH
UnPredictable Markets!
Rather lets it’s Run.
Trading Swing high/Swing Low
This Days..🤫
#cryptocurrency #bitcoin #war #IranWar‌ https://t.co/nt6yFTJNwf",2045930055285789145,344,False
lidiamoorai,2026-04-22 01:14:37,"1. CEX for ease or DEX for control? 🤔 Beginners usually start centralized, and that’s fine! But learning to self-custody is the real upgrade. $BTC $ETH",2046759548434997344,700,False
Evallis,2026-04-21 04:47:49,"@RealJackPoor If you gamble in shitcoins, you're gonna get burned. There are only TWO cryptos out there, BTC and ETH. Get on board, HODL and dont even think about it. Everything else is just noise.",2046450812008681962,71,False
jotaefeinvestor,2026-04-25 08:18:24,"Quieres invertir en criptomonedas:

🅰️
- Bitcoin
- Ethereum

🅱️
- Dogecoin
- Ripple

¿En cuál invertirías? 
¿Cuál crees que subirá de valor en 2026?",2047953360750309638,422,False
The_BitCoiner,2026-04-19 16:38:00,"STUDY BITCOIN, BUY BITCOIN AND HODL BITCOIN 🔶 https://t.co/njlmReNc3h",2045904760428003748,20983,False
bastedBC2024,2026-04-21 11:30:57,"I have no prejudice against any blockchain!

I can buy $crypto on Solana and Etherium!

So rise and be happy because it's all cryptocurrency!😁©️ https://t.co/LWNJ4Of7PF",2046552262697537560,2255,False
NoBrosCrypto,2026-04-20 09:38:24,"@yuukichan_cutie You definitely need to do whatever you are comfortable with.

But to me Bitcoin and Ethereum are the only ‘safe’ bets in crypto.",2046161550294356078,109,False
iefsafrica,2026-04-20 16:17:19,"#Bitcoin is a reserve asset, a #WallStreet product, and a quantum challenge. Consensus #Miami is where all three converge.",2046261941119676882,4184,False
Bc1VirtualRod,2026-04-20 20:52:39,"@NestaCrypto @teKa088 ""Eth holder"" en la bio. Si sos holder de algo, estas por defecto, evitando comprar otro asset con ese dinero. Puedo compararlo con lo que quiera, basicamente. Y elegí btc.",2046331231789326657,256,False
ChainComicsHQ,2026-04-21 22:08:34,"Still feels like people want alt season more than they want to read the board. I’m still BTC first, ETH second, stablecoin yield third. If your thesis needs 12 memes and a prayer, it’s not a thesis.",2046712726811021722,134,False
sats_freedom,2026-04-20 10:45:36,"If your goal is to preserve your wealth and the highest asymmetry choose Bitcoin. 

If your goal is to gamble, risk getting rug pulled, borrow conviction from an “alt season” that may never come, then go ahead and buy shit coins. 

The rest of us will be stacking the hardest money ever to exist. 

You’ll either come back to bitcoin after you get badly burned, or you’ll destroy your life trying to chase 1000x. Either way, good luck bud.",2046178461488976176,659,False
3Letters__,2026-04-20 13:03:34,"One thing I love about crypto is it can be any token. 

#BTC 
#ETH 
#SOL 
#BNB
#CRO
#XRP
#DOGE 
#PENGU
#PEPE
#ADA
#RAVE 📉
#SHIB 
#MANYU

Never know when your port might moon 🌕 ⬆️

Choose wisely",2046213182646084024,1839,False
ChainComicsHQ,2026-04-20 16:03:13,@Abdul_ELahhh BTC first. ETH second. SOL only if you want the tactical trade and can live with more chop. Hidden-token tourism usually loses to just owning the majors when the board gets noisy.,2046258396236480741,134,False
BTC_UK_,2026-04-20 10:50:25,"@MartinSLewis No abuse, but you must differentiate bitcoin from crypto.

BTC is the original, fixed-supply, decentralised money network. 

Crypto includes everything else too: Ethereum, stablecoins, DeFi, NFTs, tokens, apps, and plenty of other nonsense.",2046179677627093209,263,False
ActuCrypto_info,2026-04-21 11:36:19,"⚖️ Le marché crypto cache une vérité brutale.
👑 Le géant $BTC #Bitcoin écrase la concurrence.
🩸 Les #Altcoins comme $ETH stagnent dangereusement.
⏳ Un mystérieux catalyseur #Crypto se prépare.

Analyse sur #ActuCrypto_info ⤵️

https://t.co/ZONylHdZuF",2046553613024047460,190,False
BitcoinPulseX,2026-04-21 22:40:00,"My 2026 Bull Run prediction:

February → Bear trap
March → Bitcoin breakout
April → Altcoin season
May → New ATH around $215K
June → Bull trap
July → Liquidation cascade
August → Bear market kicks in

Keep in mind: I’ve called every major market top and bottom for over 10 YEARS.

I was one of the only people who called the top in October, and I’ll do it again, that’s literally my job.

If you still haven’t followed me, you’ll regret it.",2046720633976041708,168115,False
notthreadguy,2026-04-22 01:02:57,"my full conversation today with @cobie

01:04 offering to work at Coinbase for free
06:05 the K-shape crypto thesis
10:33 thoughts on Saylor
14:39 why UpOnly hasn't come back
22:37 the last 10 years of Crypto
44:52 trillion dollar IPOs
57:02 Cobie's legendary buy wall
1:02:57 top 5 Crypto traders of all time
1:21:20 reasons to be optimistic on Crypto",2046756611830796752,360787,False
TheBTCTherapist,2026-04-22 00:05:26,"POV: It’s December 2026, $BTC is $180,000 and $MSTR is trading at $500/share. 

Everyone told you to sell but you never did.

You just keep buying. https://t.co/ILdbBVx6jr",2046742136733794701,266457,False
SimplyBitcoin,2026-04-21 23:48:48,"GEORGE BODINE: “The biggest thing you can do to protect yourself and the network is to run a node, use something that allow allows you to be sovereign and take self custody of your Bitcoin.” 

“Get it off of exchanges.” 

“The only thing you should strive for is self custody. And if you do that, that is the best defense that we have against the securitization of Bitcoin.”",2046737948201103680,149026,False
DeFiTracer,2026-04-21 20:58:15,"🚨 BREAKING:

🇺🇸 PRESIDENT TRUMP JUST SAID DURING THE CONFERENCE:

""I WILL SIGN THE CRYPTO MARKET STRUCTURE BILL SOON IN FRONT OF WORLD LEADERS.""

SOURCES REPORT THAT THIS BILL MAY INJECT OVER $2.5T INTO THE MARKET

IF THIS HAPPENS, MARKETS WILL EXPLODE!! https://t.co/H5AJB1OvvZ",2046695028676796843,389251,False
Etherealize_io,2026-04-22 00:59:31,"Etherealize CEO Vivek Raman: The Repricing of ETH as Money Could Start Pretty Soon

""ETH is like BTC++ in that it's productive, it has yield -- which financial people love -- but also it's a store of value and used as collateral. It's basically used as money across the Ethereum economy.""

""It is an asymmetric bet that Ethereum will reprice from being valued like a technology company to becoming money. There is a potential 100x as that starts to happen.""

""It'd be wishful thinking to suggest an immediate 100x, but the repricing could start pretty soon. People now know what Bitcoin is. People obviously know what gold is. There is a need for a digital asset store of value or multiple of them. ETH is emerging more and more as that second pristine store of value asset, and we think it will become the primary one.""

""BlackRock just launched their staking ETF, so they're calling ETH a productive asset that's earning yield. Harvard just rotated some of their Bitcoin holdings into ETH. You're seeing the institutional allocations diversify, so it's starting now, and [Productive Money] is the thesis for it to really catch hold.""

Read the full report and watch the full @MilkRoad interview with @VivekVentures in the links below.",2046755747992596802,32774,False
TheCryptoSquire,2026-04-21 23:04:00,"LIKE, IF YOU WANT PRESIDENT TRUMP TO SIGN THE #XRP AND CRYPTO MARKET STRUCTURE THIS WEEK. 

TIME TO STEP UP 🔥 https://t.co/CLdnA7L071",2046726674918850687,550833,False
pete_rizzo_,2026-04-21 21:12:17,"JUST IN: SENATOR SCOTT JUST SAID LIVE ON CNBC THAT KEVIN WARSH WILL BE CONFIRMED AS THE NEXT FEDERAL RESERVE CHAIR

A PRO #BITCOIN FED. IT'S HAPPENING 🚀 https://t.co/J0SPd7696D",2046698563418083413,212502,False
BSCNews,2026-04-21 22:04:00,"MORE INFLOWS FOR CANARY'S $HBAR ETF

Canary Capital's spot @Hedera ETF has been quietly growing while the markets focus on major assets like $BTC and $ETH.

Yesterday, the product received an additional $1.35 million in net inflows.

Canary's $HBR holds nearly 1.4% of $HBAR's supply and has seen only one day of net outflows since launch, that day arriving on November 14, 2025.",2046711575663591804,1351327,False
Jackkk,2026-04-21 22:17:48,"Cobie explains how he finds the next big thing in Crypto

“I’ve never known what the next thing is gonna be, if you told me it would be pictures of apes in 2020, I would’ve said that doesn’t sound right”

“My mental model is you isolate your risk and you try novel things… instead of trying to figure out why something won’t work, you might as well give it a go”

“If you did this with Hyperliquid, you ended up a millionaire from the airdrop… same with FriendTech and buying ape pictures”

“People’s instinct is to say this is stupid and won’t work but you need to invert that and ask what if this worked?”

“Every time I see something weird, I just give it a go and try to figure out if it’s a new thing that’s gonna be important”",2046715049813893296,36614,False
aussiehaggie,2026-04-22 01:05:01,"Promote your account under this post 📝🧐

Just say &amp; Follow me 🗣️👇🧡😉

we boost you 🫵💯🔥🔥🔥🔥🔥🔥📈🚀 https://t.co/Lbbx9mdpun",2046757131383447948,44900,False
TheRealPlanC,2026-04-21 23:32:59,"I personally think Strategy will get to 5% before Bitcoin hits $1M, and will get to 7.5% before Bitcoin is at $10M. 

That's why my model has the ceiling at 10%.",2046733970532978870,214507,False
VentureCoinist,2026-04-21 22:21:39,"The full story behind the $BTC buy wall when priced crashed -50% in a single day during covid:

""MY BUY WALL WILL HOLD THE GREATEST ARMIES AT BAY. NOT EVEN TIME CAN WEATHER IT. ONE BUY WALL FOR MY CHILDREN. ONE BUY WALL TO SAVE BITCOIN. ONE BUY WALL FOR SATOSHI."" -@cobie https://t.co/HivHZ3TfuG",2046716018408464677,330238,False
VentureCoinist,2026-04-21 21:25:06,"The k-shaped crypto recovery thesis  articulated by @cobie 

""You have to detach that memecoins aren't going up or governance tokens aren't going up. It feels depressing because you can't get exposure to things that are good. Even I can't get exposure to the things that are good.

But there's a societal bull case for crypto enabling alot of stuff. And if crypto does enable alot of this stuff as more & more capital comes on chain. It's inevitable that we have another season of euphoria and fun...

The more capital that comes onchain, the more & more inevitable that appears to be.""",2046701785679810670,330238,False
Vivek4real_,2026-04-21 22:11:00,"🇺🇸 PRESIDENT OF THE UNITED STATES SIGNING AN EXECUTIVE ORDER TO MAKE AMERICA A BITCOIN AND CRYPTO CAPITAL.

THIS CHANGED EVERYTHING 🔥 https://t.co/WwuAXnoMgY",2046713336704999767,254593,False
AdamBLiv,2026-04-22 01:09:51,"Strategy is buying Bitcoin at roughly 1,297 BTC per day in 2026.

Per day.

That is about 9,079 BTC per week, the kind of number that would have sounded like a clerical error to a Wall Street analyst three years ago and a demonic omen to a gold bug in 2019.

If they simply keep that pace for the rest of this year, they end 2026 with about 1,145,796 BTC.

Then the chart gets disgusting.

Using that fixed stack alone, with zero fantasy after that point, you get roughly:

$536B at a 20% BTC CAGR in 10 years
$806B at a 25% BTC CAGR
$1.19T at a 30% BTC CAGR

And again, that chart is just the value of the stack, IF their pace stays the same til the end of THIS YEAR ONLY.

It is not giving extra credit for whatever fresh financial sorcery Strategy may still unleash over the next decade. 

It is just taking the current buying pace, finishing out 2026, and then letting time do what time does to scarce assets while the fiat world continues its beloved hobby of slow-motion self-immolation.

1,297 BTC a day means Strategy is vacuuming up supply at a pace that turns “Bitcoin exposure” into a psychiatric condition for anyone underweight.

Ten years from now, people will either understand that this was one of the most violent capital accumulation events in modern market history, or they will still be in a break room eating sheet cake and explaining why 4.3% in a money market felt more prudent.

The chart attached is what happens when a corporation decides cash is trash, scarcity is king, and hesitation is for future bagholders.",2046758348670878020,80278,False
scottmelker,2026-04-22 01:00:00,"WATCH: TECHCRUNCH FOUNDER MICHAEL ARRINGTON SAYS RIPPLE AND $XRP ARE MISUNDERSTOOD AND COULD BECOME A CORE PART OF CRYPTO, DRIVING STARTUPS, INVESTMENT, AND MAJOR ECOSYSTEM GROWTH https://t.co/7emQbN8ZBQ",2046755869493244142,1085460,False
BitcoinSapiens,2026-04-21 23:08:00,"JPMorgan Chase will now accept Bitcoin as collateral.    

From “worthless” to bank-grade collateral. https://t.co/hDxe9yCTLE",2046727681224704499,78344,False
Megatron_ron,2026-04-22 00:36:38,"NEW: 

🇮🇷🇮🇳 The Indian-flagged oil tanker ‘SANMAR HERALD’, which was fired upon by Iranian gunboats last Sunday, fell victim to a crypto scam

Reportedly, the ship was contacted by an Indian man claiming to represent the IRGC Navy. The captain then transfered a large amount of money in USDT, and was ‘granted a right of passage’.

When the vessel arrived in the Strait of Hormuz, it got fired upon by the actual IRGC Navy, who had not issued any permission for the ship to pass.",2046749989570011578,654000,False
kaitoxbt,2026-04-01 10:24:39,@arceus_eth @3look_io bro gonna be a founder?,2039287822562234623,11875,False
0xNonceSense,2026-05-23 17:03:08,"$BTC IS DOING IT AGAIN.

Local bottom → Bounce → Bottom retest.

Same pattern as February 2022.
Four months later: $16K. -65%.

If you've been following me, you already caught the $16k bottom and the $126k top.

Missed those calls? The next one is coming.

Follow me and turn notifications on.",2058232273359831075,103060,False
AlexMasonCrypto,2026-05-23 15:53:39,"I have perfectly predicted this dump.  

Bitcoin now follows the path to the market cycle bottom.  

All according to the plan.  

For the record, I was the only one publicly calling the exact bottom at $16,000 three years ago and the top at $126,000 in October.  

If you missed those calls, don’t worry. I’ll call the next one too.  

Turn notifications on. If you’re not following yet, you’ll understand why that was a mistake later.",2058214787037769970,193935,False
CryptoNobler,2026-05-23 14:13:38,"🚨 BREAKING

🇺🇸 TRUMP INSIDER WITH 100% WIN RATE JUST OPENED A $73,000,000.00 BITCOIN SHORT AHEAD OF TRUMP’S EMERGENCY ANNOUNCEMENT TODAY.

THIS GUY HAS PREDICTED EVERY MARKET DUMP AND MADE OVER $50 MILLION IN JUST 6 TRADES.

SOMETHING VERY BAD IS HAPPENING RIGHT NOW... https://t.co/ozFc2OES1y",2058189614720876650,356324,False
degargoyle,2026-05-23 17:59:23,"$BTC HAS A RULE THAT HAS NEVER BEEN BROKEN

The previous cycle peak always becomes the next cycle's accumulation zone.

$19k became the floor in 2022
$69k became the floor in 2024
$126k is not the floor this time - $52k is

Price always visits that zone before the next bull run begins

We're heading there now

NOTIFS ON!",2058246429336912295,26001,False
0xChainMind,2026-05-23 18:32:16,"BTC GOT REJECTED FROM KEY SUPPORT LEVEL!

Means structure stays bearish and BTC must go lower from here.

We also have huge liquidity below to take and rn BTC usually moves towards liquidity.

Then we get the final bottom.

Turn on notifs, I'll call the next move. https://t.co/l0mK6lXzN3",2058254702412730679,169717,False
Param_eth,2026-05-23 17:46:32,"How a Young Crypto Trader Got Killed by His Own Girlfriend:

> be Dominic “Dom” Russo

> 20 year old guy from Ohio

> into crypto trading, stocks, business ideas and basketball

> starts making money during the crypto bull run

> dreams of building his own clothing brand someday

> dating Mackenzie Shirilla since high school

> relationship looks normal from outside

> things get toxic

- constant fights
- emotional arguments
- dangerous driving incidents

at one point, Dom even calls his mom saying:

“Mackenzie is driving crazy and threatening to crash the car.""

few weeks later

> July 31, 2022

> after leaving a party late at night

> Mackenzie is driving with Dom in the passenger seat and their friend Davion in the back

> suddenly accelerates to nearly 100 mph on a residential road

> straight into a building

> Dom and Davion die immediately.

> Mackenzie survives the accident

> investigation later reveals disturbing details

> prosecutors say this was not an accident

they point to:

- past threats

- toxic relationship evidence

- car black box data

2023:

> Mackenzie Shirilla gets convicted of murder

> sentenced to 15 years to life in prison",2058243193796456879,93595,False
0xklarck,2026-05-23 15:33:46,"JUST THINK ABOUT THIS:

Why is retail turning ultra bullish exactly at 200 EMA?

Historically, $BTC rarely reverses right at this level
Usually price taps it just to grab liquidity before real move2

Previous touches of 200 EMA were followed by drops of up to 25%

Will market repeat the same trap again?

Watching this zone very closely - turn on notifs, I’ll update",2058209782503202897,93232,False
0xklarck,2026-05-23 17:11:17,"🚨 $BTC IS SETTING UP FOR A SHARP DROP TO $50k

This setup looks VERY similar to the May 2022 post-LUNA collapse fractal.

If history repeats, $BTC could squeeze to ~$79K before rolling over toward ~$50K

And even without fractal, current structure still screams oversold rebound

Before any deeper downside continuation, price likely needs to rebalance inefficiencies and fill major imbalance zones first

Current roadmap looks like:

→ Rally toward $78k + liquidity sweep
→ Breakdown below $60k
→ Short accumulation phase + $50k sweep

Don’t miss opportunity - turn on notifs, I’ll update",2058234324831580240,93232,False
AshCrypto,2026-05-23 13:06:00,"Expectations: Crypto President will change our lives.

Reality: https://t.co/LOE7v6vJl4",2058172593966895287,2183186,False
CryptoNobler,2026-05-23 10:09:23,"🚨 BREAKING

🇺🇸 BLACKROCK JUST STARTED LIQUIDATING CRYPTO AHEAD OF TRUMP’S EMERGENCY ANNOUNCEMENT TODAY!

THEY’RE NONSTOP DUMPING MILLIONS IN BITCOIN AND ETHEREUM RIGHT NOW.

THEY DEFINITELY KNOW SOME REALLY BAD NEWS IS COMING… https://t.co/hpzf1mLpUv",2058128148563202369,356324,False
BSCNews,2026-05-23 18:20:00,"Trump Media dumping Bitcoin?!

Reported by Wu Blockchain, Trump media has sent 2,650 $BTC, worth $205 million, to the @cryptocom exchange.

This is the firm's second major Bitcoin move in 2026.

It still holds around 6,889 Bitcoins at time of writing but is sitting on a loss of around $455 million.",2058251615472406927,1361088,False
Bitcoin_Teddy,2026-05-23 18:03:00,"Imagine a father who secures $100K in spot Bitcoin.

He holds the asset until the valuation hits a massive $5,000,000.

Liquidating the position directly triggers devastating taxes on $4,900,000 of pure profit.

So he executes the perfect institutional maneuver instead.

He locks the Bitcoin in a legal trust, takes out a collateralized loan against the stack, and lives off the borrowed liquidity.

Because he never executed a sale, his tax liability remains at absolute zero.

Upon his death, the heirs receive the Bitcoin with a brand new cost basis set exactly at $5,000,000.

The government cannot legally touch a single cent of the accumulated gain.

This is exactly how generational wealth is permanently secured.",2058247337433264280,92973,False
DefiWimar,2026-05-23 11:34:59,"🚨 THE NEW FED CHAIR = DUMP??

1 JANUARY 2014:
YELLEN FED CHAIR → $BTC DUMPED 83%

1 FEBRUARY 2018:
POWELL FED CHAIR → $BTC DUMPED 73%

1 DECEMBER 2022:
POWELL ANOTHER TERM → $BTC DUMPED 60%

1 MAY 2026:
WARSH FED CHAIR → $BTC DUMPED 5%

THIS ISN'T JUST A HYPOTHESIS.

WE'VE SEEN THIS HAPPEN THREE TIMES IN A ROW.

EVERY TIME A NEW FED CHAIR TAKES OVER, BITCOIN DUMPS 50%+

THE MARKET HAS NOT PRICED IT IN.

NOT YET.",2058149689988428231,317034,False
CryptoTice_,2026-05-23 11:00:01,"BREAKING:

Trump just told the entire world to buy stocks and crypto.

""You'd better start buying stocks and crypto now.""
""This country is going to take off like a rocket straight up."" 
""Up. Up. Up.""

Trump doesn't say things like this without a plan.

The last time he said something like this.
The market followed.

Don't underestimate the man's words.",2058140889914966297,324197,False
BSCNews,2026-05-23 16:41:00,"Bank of America has just dumped its entire $ETH and $SOL exposure.

The US' second largest banking giant, Bank of America, has cut its ETF exposure to @Solana and @Ethereum, revealed in Q1 filings.

However, it has increased its $BTC exposure, now holding more than $50 million in spot Bitcoin ETFs.",2058226701545390431,1361088,False
cryptofergani,2026-05-23 11:59:18,"My crypto game plan is simple:

1. Don’t get shaken out during pullbacks.

2. Ride the uptrend without messing up my spot bag.

3. Wait patiently for $BTC dominance to fall

4. Wait patiently for $SOL to 5x-8x

5. Wait patiently for $ETH to 3x-4x

6. Hold my early projects until retail FOMO kicks in.

7. When the time’s right, I’ll call the TOP publicly.

8. Convert to cash, stack USDT.

9. Then, shift profits into real assets when the recession happens.

I’ve done it last cycle,

And I’ll do it again this bull run.

This is how we stay ahead.

Currently on stage 1, 

I’ll take you along with me.

If you still haven’t followed me, you’ll regret it.",2058155808223789544,275740,False
MerlijnTrader,2026-05-23 13:30:00,"DOWN $7,800,000,000 AND PRICING IN A 500% RALLY.

🇺🇸 Tom Lee just called ETH to $12,000 by year-end.

His fund BitMine: $18,546,279,390 invested.
Current value: $10,710,474,459.

Sitting on $7,835,804,931 in unrealized losses.

For his $12,000 call to print: ETH must rally 500%.

The bigger the bag, the louder the prediction.",2058178635107049532,430934,False
cryptofergani,2026-05-23 15:26:32,"We are about to enter the most Bullish period in Crypto History.

I bet my entire life, 10yrs worth of research & entire net worth on this moment

I’m warning you that life changing wealth is about to come

The market isn’t dead, people are just impatient.
Wealth flows from the impatient to the patient.

Understand that, and you beat 95% of investors.

You all deserve what’s about to happen. 

Btw, I’ve publicly called every market top and bottom over the last 10 years, and when I make a new move, I’ll share it here.

If you still haven’t followed me, you’ll regret it.",2058207960749244667,275740,False
Vivek4real_,2026-05-23 14:58:00,"FLASHBACK 2024: 🇺🇸 PRESIDENT TRUMP SAID THIS ABOUT BITCOIN AND CRYPTO:

“BITCOIN AND CRYPTO WILL SKYROCKET LIKE NEVER BEFORE, EVEN BEYOND YOUR EXPECTATIONS.” 👀🚀 https://t.co/8gYVLHTA4N",2058200780432429177,257155,False
WhaleNoName,2026-05-23 14:07:11,"🚨 BTC 4-YEAR CLOCK POINTS TO OCTOBER 2026 🚨

Every cycle is the same - ATH, distribution, bear market, bottom

2025 ATH is behind us. The bear phase is already running

2015, 2019, 2023 - every bottom printed right on schedule

October 2026 is next

NOTIFS ON! https://t.co/Z15m5J2xtf",2058187992318001251,41618,False
Crypto__Haris,2026-05-23 18:24:44,"Good Night Everyone 😴 

Remember, nobody becomes successful overnight. The people winning today also had days where they wanted to quit, failed badly, and felt lost.

🎁 Who needs $20 for dinner? https://t.co/zFIW3e0fHb",2058252807283880152,28905,False
bnb_girl1,2026-05-23 17:44:23,"Which #crypto is going to make this chart? 🤔

Comment below👇 https://t.co/L1UZMTWD61",2058242653507236294,28353,False
CryptoThro,2026-05-23 17:55:26,What #crypto coin do you still believe in? 🔥👀 https://t.co/0PMn6YHNbv,2058245433655181779,210985,False
CryptoMichNL,2026-05-23 15:06:00,"#Bitcoin is getting weaker and might break into the $60Ks again.

It lost a crucial level of support, and by doing that, there's a lot of fear whether or not we'll be seeing any upwards momentum from here.

Notably, I wanted it to sustain above $75,000-76,000, but on a classic Friday afternoon correction, it lost this support area.

That has flipped the thesis slightly for me, as now, breaking back above $76,600 would be a great area for strong upwards momentum, but for now, being conservative makes a lot of sense.

On the other hand:
- Corrections on Friday doesn't always align with being a consistent correction. They flip back bullish quite often.
- There are multiple CME gaps above the current price due to the weekend corrections with the highest one being at $79,100.

That said, if Bitcoin doesn't grind back upwards to $76,600+, then there's clearly no argument to assume that we're going to get into new highs and just remaining within this range.

What about altcoins?

I'd prefer to see them bounce back stronger when Bitcoin finds support. Volatility remains super high on them, that's why I'm more aggressive with the profit taking in order to hedge the volatility of my portfolio.",2058202794226577548,821004,False
CryptoTice_,2026-05-23 18:00:01,"BITCOIN JUST RETURNED TO THE ZONE THAT HAS MARKED EVERY MAJOR TURN IN HISTORY. 

The Fund Flow Ratio doesn't lie.

Every single time it reached this level...
The market was standing at a crossroads.

Two outcomes.

Demand stays weak and apathy slowly bleeds price lower.
Or sell side exhaustion becomes the foundation for the most explosive recovery of the cycle.

One of these outcomes creates regret.
The other creates generational wealth.

The zone is here. The decision is now.

And history has only ever rewarded one side of this trade.",2058246586786820500,324197,False
CryptoMichNL,2026-05-23 17:11:00,"I've sold 30% of my $NEAR at $2.20, but that doesn't change my thesis surrounding the protocol.

I do believe that this can easily go to $10-20 in a strong cycle. Perhaps even higher, as during this stage it's hard to imagine whether the markets are likely to go that high.

Other than that, it doesn't mean that I need to hold the position until infinity.

My goal is to trade the portfolio well and to cover my risk when assets go up. Technically said: that means that I need to reduce my portfolio variance in order to be able to have a consistent upwards grind of the portfolio.

That also means that I'll be looking to be selling all my #crypto at some point in time and essentially trade other assets if I don't see any possible trade within the crypto markets or whether I see an opportunity or not.

What's the gameplan for NEAR?

- I've sold 30% at $2.20 and I've not reallocated everything into other assets, meaning that I have free cash to use back into the position.

Buying back:
- The lower the better, which means, if this comes back to $1.60-1.80, I'm very happily buying back in. Technically speaking, anything <$1.80 is where I find myself potentially interested to be allocating back into it if the markets are favouring that to me. If not, then that's fine too.

Selling more:
- Essentially I think that we've seen the high for now, especially since the sentiment was reaching for euphoria over the past few days. I assume we'll see some more consolidations taking place and then we might be ready for another run in 2-4 weeks. 

If that goes to $2.50-2.70, I'll be trimming off again and basically will do the same at $3.00-3.25. Probably will be selling more than half of the position and adding more towards cash, but that depends on the market structure at that point in time.

If you do enjoy my portfolio updates, let me know in the comments what you'd like to see and hit the like button + bookmark the posts. Helps me a lot!",2058234251552661713,821004,False
BitcoinIntelX,2026-05-23 13:22:30,"I promised that if $BTC hits $75,000,
I will give away $20,000 in BTC to 15 people.

So as promised I will be giving away
$20,000 to 15 person today.

Rules: Like, Retweet, and Comment ""BTC"" 🔔

Gonna lock comments in 24 hours! https://t.co/pVipaMwkTQ",2058176747275759864,51651,False
USronaldcarter,2026-05-23 08:39:22,"#Bitcoin Finally dumped below $75,000 !

As promised,
I want to change someone's life and send 1 $BTC (~$74,500) to one person by tomorrow.

Just like, retweet and comment 'done'.
Random winner in 15 hrs https://t.co/m3UnIRenmH",2058105494460350617,146025,False
kabukistory,2026-05-23 17:00:44,"Bitcoin is preparing for a final dump to $42K before new $201K bullrun.

The bull trap is in final phase, and $BTC will dump one last time before the new cycle.

$77K→ $61K → $47K → $55K → $42K → $201K

Next stops:
→ $42K by June
→ $201K by January

I called the recent Bitcoin dump publicly (check last posts), $126k top in October 2025, and even $15k bottom in November 2022.

If you missed those calls, don't worry. I'll call the next one too.

Follow now. I'll call every major move.",2058231667764920674,69262,False
TedPillows,2026-05-23 17:55:28,"$BTC monthly candle looks horrible now.

Still has one week to close, but if it closes in red, things could get ugly. https://t.co/DlBhO2xNGl",2058245440437420035,299112,False
AshCrypto,2026-05-23 09:35:05,"🚨 REASONS BEHIND THE CRYPTO MARKET DUMP

1. Renewed attacks on Iran

CBS News reported the US could strike Iran again.

New strikes would spike oil prices, which makes inflation worse. And higher inflation could push the Fed toward rate hikes instead of cuts. Bad for crypto.

2. Clarity Act odds falling

In just 2 weeks, the odds of the Crypto Market Structure Bill being signed into law dropped from 75% to 50%.

Yesterday it was reported the SEC delayed plans to allow tokenized stock trading on the blockchain.

The pushback against crypto has started. Short-term bearish.

3. Bond market stress

Japanese bond yields are hitting new highs and US yields are surging.

High yields make borrowing harder, which hurts risk-on assets like crypto.

What happens next?

$BTC has dropped below $75,000.

If strikes happen this weekend, $BTC could fall toward the $72,000-$72,500 support zone.

If no strikes happen, we could see a strong reversal next week.",2058119517205672226,2183186,False
CryptoTony__,2026-05-23 17:42:27,"$BTC / $USD - Update 

My plan on Bitcoin if we can now hold those lows. I am https://t.co/bPBHrCUmND",2058242164899852323,570721,False
mi35156,2026-05-23 18:03:04,".@phantom $377 blocked and unusable. You claim ""your wallet, your money"" — so why can't I access mine? I need answers. #PhantomWallet #crypto https://t.co/KhsSDvC43f",2058247354541912095,682,False
cryptodispenser,2026-05-23 18:00:09,"“Is a wire transfer one of the safest ways to purchase Bitcoin?” 

The better question is:

What makes a wire-funded Bitcoin purchase secure in the first place?

Verification.
Bank confirmation.
Wallet accuracy.
Clear settlement procedures.
Understanding where funds move at each stage.
Most people only see:
“Wire sent.”

They do not see the layers happening behind the scenes before Bitcoin is released.
That gap in understanding is where confusion starts.
We created a professional breakdown covering the major security considerations, common concerns, and operational realities behind Bitcoin wire transfers.

No fear tactics.
No fake guarantees.
No oversimplified crypto advice.
Just a smarter look at how wire-funded Bitcoin access actually works.

Read here:
https://t.co/GlunVrnNah
#Bitcoin #WireTransfer #BitcoinEducation #DigitalAssets #CryptoSecurity",2058246619825410394,8629,False
CryptoPatel,2026-05-23 18:29:00,"As The Market Drops, An Ethereum OG Is Buying The Dip Again

This #EthereumOG previously turned a $91K investment into $34.2M, A massive 376x return.

🔹 10 years ago, the wallet received 12,001 ETH from ShapeShift at just $7.58 per ETH
🔹 Over a year ago, the holder sold the stash for 34.3M USDC at around $2,856
🔹 Total realized profit: ~$34.2M

Now, after ETH’s recent drop, the same wallet is accumulating again.

So far, the OG has bought 3,942 ETH worth ~$8.08M at an average price of $2,049 and may still be buying.",2058253883487531274,60251,False
sminston_with,2026-05-23 17:43:34,"Bitcoin Price: Confidence Growing, Risk Shrinking
- - -
The data supporting the power trend in Bitcoin's long-term price is always growing. That's the math that says $1M in ~2033-2034, a 13x from today.

What other asset can you find that presents the prospect of such a future?🤔 https://t.co/F7GRnQe2Fo",2058242446568673650,47191,False
DavinciTRKripto,2026-05-23 17:51:38,"Zamanında 10.000 BTC ile pizza alan adamı herkes duydu artık zaten. Buna üzüldüğünü düşünüyorsanız adamın eğer hayır, üzülmedi.

Çünkü 10bin BTC ile pizza aldığı sırada adamın cüzdanında 400.000 BTC'lik hareketler mevcuttu :)

Bu adamın bu pizzaları alması tamamen sembolik bir hareket olarak algılanmalı ve artık adama ""vay enayi"" demeyi bırakmalıyız yani :))

Sağolsun sayesinde her yıl Bitcoin Pizza Günü kutluyoruz. Binance TR'de her sene ödül dagıtıyor bu sayede.

Bu sene de hem eski hem yeni kullanıcılara birden ödül var.

Yeni Kullanıcılar: Kayıt olup ilk alımlarını gerçekleştirecek
Eski Kulanıcılar: İlk kripto alımını gerçekleştirecek

İkisi için de alt limit yok yani 20 TL coin alsanız bile geçerli. Geri satabilirsiniz zaten BTC alıp satın.

800 TL Dominos Pizza Hediye Çeki verilecekmiş. Dominosun uygulamasından temin edebilirsiniz pizzaları. Kuponlar da Binance TR ödül merkezine yatırılacak.

Şimdiden afiyet olsun :)",2058244475780989305,11961,False
KillaXBT,2026-05-23 18:34:21,"$BTC 

Observing the current BTC structure objectively, we can clearly see that momentum/structure has shifted more bearish/corrective rather than bullish.

However, just because it’s more corrective/bearish doesn’t mean there won’t be any LTF bounces.

We broke below 79K after the Clarity Act news marked a local top (as expected lol, this happens every time with “priced in” news). On the other hand, we wicked up to 78K forming another lower high, then pushed down to 74K, taking liquidity, something I had mentioned could be tested over the past 1–2 weeks.

Now that we’ve swept the lows, I would be watching for LTF acceptance back above this area, as it could validate scalp longs into a bearish retest. That retest could extend up toward 78K, the current weekly open, and if that level is flipped, the CME gap sits near 79K.

Overall, based on the current structure, you’d still be looking for a lower high. For structure to flip bullish again, BTC would need to reclaim levels above 80K.

On the daily, we look bearish; on the weekly, we are testing a previous HTF support. It’s not the time to be “mega bearish”, instead, observe LTF structure to see whether we form another lower high or begin reclaiming bullish structure again. 

If another lower high forms, we should expect a move toward lower levels, potentially sub-70K. However, if the weekly S/R level is held (74-76K), BTC could structurally continue higher, though that outcome would currently not make much sense to me.",2058255225828577661,201636,False
Kylechasse,2026-05-23 17:04:15,"Coinbase holds 958,000 Bitcoin.

But only 16,492 are actually theirs.

The rest belong to clients. ETFs, institutions, retail.

SpaceX just dropped its S-1 filing. 

Balance sheet: 18,712 $BTC.

A rocket company owns more Bitcoin than the world's biggest crypto exchange.

Let that sink in.",2058232553321218364,290210,False
zenkaixbt,2026-05-23 17:07:25,How the crypto market will look once the CLARITY ACT passes https://t.co/eVd5mVosL9,2058233351606055176,10900,False
0xAralez,2026-05-23 14:44:46,"🚨 $BTC LOCAL HIGH NOT SET YET...

Just look at my chart - market plan is clear:

- Drop toward $73.5k
- Rally to $83k + liquidity sweep
- Dump toward short targets - $70k / $65k / $60k

Bottom coming soon - turn on notifs, I'll update https://t.co/Hc2ReGP1Vp",2058197450859356225,22066,False
cryptofergani,2026-05-23 12:41:35,"BIGGEST. BULL. RUN. EVER. 

Starting MONDAY! https://t.co/eN6pJfNIAs",2058166451085709352,275740,False
MrBsol,2026-05-23 15:28:14,"A random guy just made $2,200,000 from $1,000

Definitely this only happens in crypto

NEVER GIVE UP https://t.co/F0KS3agDlS",2058208388471726241,58803,False
SeffafNet,2026-05-23 18:10:45,"GELMİŞ GEÇMİŞ EN BÜYÜK BOĞA KOŞUSU!

Pazartesi başlıyor! https://t.co/PlBxhCb75P",2058249288749051933,85499,False
MarioNawfal,2026-05-23 17:20:00,"🚨 The reason your friends look like crypto geniuses is because human psychology forces them to completely filter out their catastrophic losses. 

Patrick Gruhn, Fmr CEO of FTX, heading a new AI trading platform UpsideOnly, notes that severe FOMO drives people to believe everyone else is striking it rich in gold or tokens. 

To fix this distortion, Gruhn is leveraging individual niche expertise and scaling it with institutional capital so users can finally make real money without trading their own $10,000 accounts.

@upsideonly_com",2058236516019696011,3516809,False
philarekt,2026-05-23 13:43:05,"BTC REJECTED AT THE EXACT LEVEL I FLAGGED

EMA 100 at $82K did exactly what I said it would

Tapped it, rolled over, textbook

Now everything points to EMA 200 at $74,600

That's where the real decision happens

Weekly close below $74,600 - flush is on, $52K becomes the magnet

Hold $74,600 - sideways chop, nothing resolved

And that's where it gets interesting

$52,000-$58,000 accumulation zone

Higher low near $66,000

Then a leg to $103,000

Then $124,000+

None of that prints until $74,600 makes the call

Follow me - update incoming when we get there",2058181929438953627,10802,False
krakenfx,2026-05-23 17:00:00,"Build a billion dollar pizza and win from a prize pool of 10,000 USD in Bitcoin! 🧡🍕 https://t.co/vyejaAxsnl",2058231484062863558,1756346,False
CryptosR_Us,2026-05-23 18:29:13,"TOKENIZATION IS HEATING UP AGAIN 🔥

Cointelegraph’s Horus Hughes says RWA is here to stay as crypto platforms move toward tokenized stocks, pre-IPO shares, and oil futures.

TradFi is opening the door.

Crypto is ready to walk through it. https://t.co/Lq9N91lTvd",2058253936503541950,302977,False
Xfinancebull,2026-05-23 17:58:00,"TRUE Bitcoiners didn't buy $BTC for a quick flip

They bought it because the financial system was designed so debt flows down and wealth flows up.

I respect that deeply.
But rebellion alone won't rebuild global finance.

That's where $XRP and utility assets step in.
Watch this👇 https://t.co/Ehxonxzk46",2058246078860779618,41506,False
MerlijnTrader,2026-05-23 15:00:02,"More pain please.

If Bitcoin drops harder,  
I make money on the short.

And if we reach lower levels?

I happily scoop up cheap BTC.

Most people fear volatility.

Traders prepare for it. https://t.co/1cqPMrs8E5",2058201292984705275,430934,False
0xklarck,2026-05-23 13:40:05,"🚨 $BTC MAY BE TRAPPING RETAIL WITH AN INVERSE H&S SETUP

Most traders are already calling this the start of a “new bull market”...

But smart money may be seeing exact opposite

BTC appears to have completed a full cycle structure:

• Left Shoulder → ~$108K
• Head → ~$126K
• Right Shoulder → ~$97K

And we’ve seen this movie before

Back in 2021, a nearly identical structure formed before BTC collapsed from $50k to $32k just months later

This isn’t just random chart pattern hype

BTC has repeated same psychological cycle for years:

- greed
- euphoria
- liquidity trap
- panic selloff

Now retail sentiment is turning aggressively bullish again while multiple bearish signals continue building:

- momentum fading
- liquidity slowly exiting
- participation weakening
- distribution structure expanding

My $BTC plan for next 30-60 days:

→ Breakdown below $60K
→ Sideways accumulation/chop
→ Final cycle low around $52K-$49K

To me, this still looks like one giant bull trap

Don’t become whale exit liquidity - turn on notifs - I’ll update",2058181174963392741,93232,False
btcabi,2026-05-23 18:26:04,Nvidia'nın kurucusu az önce size 2026'da tam olarak nereye yatırım yapmanız gerektiğini söyledi. https://t.co/sGwHvd1BG6,2058253142328803774,58099,False
Smart_Money,2026-05-23 17:52:14,"🚨 M2 -> GOLD -> BITCOIN

Die globale M2 steht bei 117,54 Bio. USD, knapp ein Prozent unter dem Allzeithoch vom Februar, getrieben von China mit plus 13,6 Prozent im Jahresvergleich. Gold notiert rund 20 Prozent unter seinem ATH von Ende Januar. $BTC hängt 40 Prozent unter dem Oktober-Hoch. Und der Dollar-Index ist im Monatsvergleich wieder um ein Prozent gestiegen.

Sieht aus wie der Tod der Rotations-These. Ist in Wahrheit ihr Lehrbuch-Verlauf - nur dass kaum jemand das Lehrbuch noch gelesen hat.

WIE ES IN DER VERGANGENHEIT WAR

Ich hab mir die letzten drei Liquiditäts-Zyklen rausgesucht und nebeneinander gelegt. Dasselbe Muster, jedes Mal.

Schau dir 2019/2020 an. Globale M2 dreht im Sommer 2019 nach oben, COVID jagt sie durch die Decke. Gold rennt zuerst, August 2020 neues ATH bei $2.075. Bitcoin pennt noch. Erst im Dezember 2020 bricht er aus, dann verdreifacht er sich bis April 2021. Die Gold-Rallye lag drei bis fünf Monate vor dem Bitcoin-Ausbruch.

Geh weiter zurück. Dezember 2015: Gold bodenbildet bei $1.050. 2016 läuft das Edelmetall. 2017 startet die historische Bitcoin-Rallye Richtung $20.000. Wieder dasselbe Muster, wieder mit Verzögerung.

2008/2009: Lehman, QE, Fed-Druckerpresse. Gold rennt sofort, ATH 2011 bei $1.920. Bitcoin existierte gerade erst, aber die Sequenz hat sich für jeden Liquiditäts-Zyklus danach wiederholt. M2 dreht, Boomer-Geld und Zentralbanken kippen zuerst in Gold, Retail braucht drei bis sechs Monate, um zu denken: Bitcoin ist günstiger, härter, knapper, ich nehm das.

Gold-ATH war der 29. Januar 2026. Heute haben wir den 23. Mai. Das sind fast vier Monate. Wir sitzen exakt mitten in dem Fenster, in dem Bitcoin historisch greifen sollte.

WAS CT JETZT SAGT

Bei den Debasement-Bullen ist die Stimmung klar. @LynAldenContact warnt davor, gegen den fiskalisch getriebenen Debasement-Zug zu wetten, das sei der eigentliche Bewegungstreiber. @GordonGekko zieht den direkten Vergleich zu Januar 2020 und erinnert daran, was danach kam. Andere rechnen die globale Geldmenge im Wochentakt durch und sehen plus 9,3 Prozent im Jahresvergleich, getrieben von China.

Auf der anderen Seite stehen die Carry-Trade-Bears. @0xbeehive zeigt, dass der S&P geteilt durch M2 exakt in der Zone der zwei größten Tops aller Zeiten steht, Dotcom 2000 und KI 2025, und diese Zone hat noch nie gehalten. @MasterCryptoHq warnt vor der Japan-Bondkrise, die globale Liquidität schon jetzt frisst, samt 30 Milliarden US-Treasuries, die Japan in einem einzigen Quartal abgestoßen hat. Und die ETFs haben in den letzten sieben Tagen 1,3 Milliarden Dollar netto verloren.

Mark Cuban hat die Mehrheit seiner Bitcoin verkauft. Iran-Krieg-Test versagt, Gold gewann, Bitcoin fiel. Der Angst-Indikator steht auf 29.

WIE ICH DAS SEHE

Beide Lager haben recht, aber beide schauen auf unterschiedliche Zeitachsen, ohne es zu merken. Die Bullen erzählen die mittelfristige Welle, die Bears die akute Verzögerungsphase. Was ich vermisse, ist die Verbindung dazwischen.

M2-Hoch, Gold-Korrektur und Bitcoin-Schwäche passieren gleichzeitig, weil die Liquidität gerade nicht frei fließt. Der japanische Carry-Trade-Bruch frisst sie auf, die steigenden Yields binden den Rest, und was übrig bleibt, drückt der wieder festere Dollar zurück, bevor es überhaupt in Risiko-Assets ankommt. Die These ist nicht kaputt - sie steht in einer Stauphase.

Ich frag mich, ob Mark Cuban genau in dem Moment ausgestiegen ist, in dem die Konstellation historisch am stärksten ist. Ehrlich gesagt weiß ich es nicht. Ich weiß nur, dass die 3-bis-6-Monats-Verzögerung Gold zu Bitcoin in jedem dokumentierten Zyklus gehalten hat. Wer jetzt schreit, Bitcoin sei kein sicherer Hafen mehr, verwechselt eine Phase mit einem Strukturbruch.

Kann sein, dass ich falsch liege und diesmal alles anders ist.

Wenn das Muster hält, sitzen wir gerade in der ruhigsten Woche vor dem lautesten Quartal.

Hast du das auf dem Schirm?",2058244630341173570,46341,False
misterrcrypto,2026-05-23 17:20:00,"$BTC just printed its biggest liquidation event since January.

The more liquidations we get, the more price will dump. https://t.co/V7qsfHc3GY",2058236516007067698,140368,False
WuBlockchain,2026-05-23 17:08:58,"Lawyer: Bitcoin hardcore fan gives up house to ex-wife and profits $400K  

On May 5, 2026, prominent divorce attorney James Sexton @nycdivorcelaw  shared a dramatic property division case on Natalie Brunell's show. A hardcore Bitcoin investor was divorcing during a market dip. His ex-wife, completely lacking crypto knowledge and viewing Bitcoin as an unrealistic asset like ""unicorns in the garage,"" insisted on keeping the house. 

The husband smoothly played along, conceding the home equity to her. Ultimately, due to the crypto ignorance of his ex-wife and her legal team, he not only retained all his Bitcoin but also secured a nearly $400,000 advantage in the settlement.",2058233739168333964,557355,False
crypto_lens_,2026-05-23 15:49:19,"Bitcoin Is Now Repeating The Exact Same Bull Trap That Triggered The 2022 Collapse.

The market is now entering the cycle-bottom formation phase.

$BTC will dump to $48,000 within the next 15 days before the new cycle begins.

Save this chart and compare it again in a few weeks. https://t.co/BlgvB0CzB0",2058213697345212688,7558,False
TrendingBitcoin,2026-05-23 18:03:00,"Michael Saylor says keeping your job, avoiding splurges, and using long-term mortgage debt to buy Bitcoin could lead to 100x returns, with Bitcoin potentially worth $13M by 2045. https://t.co/U17vlUSLQc",2058247337173278947,75847,False
lorden_eth,2026-05-23 12:59:39,"I found this wallet printing $500-$700 per minute

Makes a total of $2,000 - $4,000 every 5 minutes trading BTC

Wallet: 0xe0229e10a858860218b6132f4234602c47bd6603

Rare cases where $300 was flipped into $2,000

PnL of $139k after 58 days 

Profile: https://t.co/xmdKFaujBd https://t.co/Ruk5mOMltX",2058170997346304388,8057,False
alexelorenzo,2026-05-23 13:00:01,"For the First Time In American History, More People Trust Crypto Than Their Bank https://t.co/A8owgCIaYE",2058171091617808706,52429,False
pete_rizzo_,2026-05-23 14:34:11,"JUST IN: CYPHERPUNK LEGEND ADAM BACK JUST ABSOLUTELY BURIED MARK CUBAN ON TV FOR SELLING ALL HIS #BITCOIN 

BTC IS ""DIGITAL GOLD""

IT WILL HIT ""PARITY WITH GOLD"" THIS CYCLE

HE'S CALLING FOR $1,500,000 🚀 https://t.co/mCDxMwEKNA",2058194789242380601,214444,False
pete_rizzo_,2026-05-23 17:20:13,"CONGRESSMAN BEGICH SAYS THE USA WILL BUY 1 MILLION #BITCOIN IN THE NEXT 5 YEARS

US MUST ""HOLD A MEANINGFUL POSITION IN THE MOST IMPORTANT FINANCIAL NETWORK ON EARTH""

HERE WE GO 🚀 https://t.co/znVBc6PbA5",2058236571590267063,214444,False
leshka_eth,2026-05-23 16:15:35,"WARNING: Warsh was sworn in as Fed Chair yesterday at the White House

$BTC dumped below $76K within hours

Three Fed Chair transitions before this - three crashes

The new one just started https://t.co/A1etAlmuXV",2058220304409964795,176687,False
nexocooker,2026-05-23 14:37:15,"This guy has been buying $10 of bitcoin per day for 10 years straight 

He has spent a total of $36500 and his portfolio just hit $10m in value https://t.co/vCoIllFBxK",2058195558964076671,11700,False
pete_rizzo_,2026-05-23 11:25:00,"CATHIE WOOD EXPLAINS WHY #BITCOIN WILL GO PARABOLIC NOW THAT KEVIN WARSH IS FED CHAIR

THE MOST PRO-BTC FEDERAL RESERVE IN HISTORY

HERE WE GO 🚀 https://t.co/EIWf2SqngF",2058147177080434840,214444,False
Vivek4real_,2026-05-23 11:56:00,"🇺🇸 RAOUL PAL SENT A MASSIVE WARNING:

BITCOIN IS ABOUT TO GO PARABOLIC 🚀

“IT SHOULD BE $140,000 RIGHT NOW.”

GLOBAL M2 IS SURGING.
LIQUIDITY IS EXPANDING.

BTC IS WAITING FOR A CATALYST 👀 https://t.co/KB3rCvkoJz",2058154978548842923,257155,False
BitcoinHopium,2026-05-23 18:07:30,"Crypto liquidations are hitting hard, nearing $1 billion. Bitcoin dropping below $75K led to $917M in liquidations, mostly from longs getting wrecked. $BTC and $ETH took the brunt. Eyes are on the $78K mark now. Let's see if we can hold these lows. https://t.co/anMnT6Nf5J",2058248471833104576,24770,False
APompliano,2026-05-23 14:29:35,"I spoke with @jvisserlabs to break down the surge in rate hike expectations, how the Iran conflict is fueling inflation, the AI trade rotation out of memory names, and why bitcoin stands to benefit from the macro chaos ahead.

YouTube: https://t.co/yMju2IFrNz
Spotify: https://t.co/4nrXXuE06c
Apple: https://t.co/CdxePgKbmK

TIMESTAMPS:
0:00 - Intro
0:42 - Why rate hike odds suddenly surged & potential impact
6:23 - Inflation expectations & energy prices
9:34 - How this is different from 2022
15:38 - Where Jordi is rotating in the AI trade
20:45 - The commodity bull market & silver
24:51 - Why bitcoin could break out before summer & short-term outlook
31:01 - What will get Jordi to change his mind?
36:00 - The K-shaped economy & economic data
40:22 - S&P profit margins & bubble warning signal?
44:51 - The debt crisis & what it means for bitcoin
50:41 - Jordi’s upcoming video",2058193629647188039,2030512,False
seth_fin,2026-05-23 12:44:00,"$BTC LIQUIDATED LONGS IN THE LAST COUPLE OF DAYS FOR BILLIONS, WHILE US STOCK MARKET PUMPS. CAN'T YOU SEE THROUGH THIS MOVE?

7,520,000,000 USD IN SHORTS LIQUIDATION ABOVE

1,340,000,000 USD IN LONGS BELOW

5.5 TIMES MORE SHORTS THAN LONGS IN MEDIUM TERM. DO WHAT YOU WANT WITH THIS INFO.",2058167058261799226,94626,False
zenkaixbt,2026-05-23 15:25:47,"$BTC BREAKOUT IS CONFIRMED

THE BOTTOM IS IN

ONLY UP FROM HERE 🚀 https://t.co/XtIrWGE2ZS",2058207774442488211,10900,False
seth_fin,2026-05-23 14:53:00,"🚨 JUST IN: $13,650,000,000 IN CUMULATIVE SHORT LIQUIDATION LEVERAGE AT $86,000 $BTC 

AROUND 5.5 TIMES MORE IN LEVERAGE SHORTS. DO YOU SEE THE INCENTIVE? https://t.co/zVGxvUpi2P",2058199522019545259,94626,False
undefinedKi,2026-05-23 15:09:51,"THIS WALLET STACKED $230K ON BTC UP/DOWN BETS. THE BLUEPRINT TO AUTOMATE THE SAME EDGE WITH CLAUDE

The wallet is https://t.co/kyZC2FFQ43

$230K all-time, every position a Bitcoin or Ethereum Up or Down market

It never guesses direction. It enters only when the math and the market disagree

THE STRATEGY:

BTC moves are not fully random. When the market enters a committed directional state, continuation is measurable. That is Markov persistence

Entry signal:

> Δ = p̂ − q ≥ ε
Model probability minus market price. Enter only on a 5% gap or more

Persistence filter:

> p(j*,j*) ≥ 0.87
Only trade states with 0.87 persistence or higher. Below that, skip. This is what holds the win rate above 65% with zero directional guessing

Payout:

> r = (1 − q) / q
At q = 0.647 that is +54.5% a win. At q = 0.441, +126.7%. Lower entry price, bigger asymmetry

Sizing:

> f* = p − (1−p)/b
Kelly. At p = 0.87, b = 0.647, f* ≈ 0.71. Size to the edge, never to gut

HOW TO BUILD IT WITH CLAUDE:

What separates this from a static bot: Claude reads its own trade journal every night and rewrites its own thresholds

1. Take an open-source Polymarket bot repo as your base logic. Feed it to Claude and have it migrate to CLOB v2: py_clob_client_v2, Safe wallet support, fee-aware evaluation

2. Hard-code the filters. Enter only when Δ ≥ 0.05 and p(j*,j*) ≥ 0.87. Apply Kelly on every fill.

3. Run DRY_RUN first. Log every signal, entry price, Markov state, and simulated P/L. No real money until the numbers hold for days

4. The nightly loop. Claude reads the journal, finds which persistence states actually won, adjusts MIN_PROB and MIN_EDGE, ships tomorrow's rules. The agent is sharper after 50 to 100 trades

THE SETUP:

Claude Opus as the brain. An open-source repo as the starting logic. A Polygon wallet with $50 to $100. Telegram for the morning report

Start at $1 to $2 per trade while it learns. Scale only when the dry runs and the live fills line up

17,000 trades compound a thin edge into six figures. The model finds the edge. The nightly loop keeps it sharp

Bookmark before you point a bot at your first window",2058203763584713096,731,False
cryptorover,2026-05-23 18:03:00,🇺🇸 President Trump: “I just turned on the television. I wanted to see how the stock market is doing today… The stock market is up 600 points. That means they like you.” https://t.co/aQtuH6MKii,2058247337630150784,1591436,False
MaxCrypto,2026-05-23 17:28:58,We waited 5 years for this shit. https://t.co/pXJEchTiO6,2058238772836516083,140850,False
cryptofergani,2026-05-23 10:39:14,"BOTTOM IS IN

THIS IS A FAKE OUT 

BIGGEST BULL RUN STARTS NOW 

LOCK THE FUCK IN

YOU ARE NOT READY FOR THE MEGA RALLY https://t.co/eUYtrKur0U",2058135661228527818,275740,False
cryptofergani,2026-05-23 17:03:02,The most powerful figure in AI just showed you exactly where to invest in 2026. https://t.co/aroqumm4BL,2058232245656130004,275740,False
YourFriendAndy,2026-05-23 17:07:49,"Investing has made me a multimillionaire in less than 10 years.

Here's what I hold in my crypto and stock portfolios: https://t.co/dr24HEildk",2058233449505292715,83702,False
cryptofergani,2026-05-23 14:45:49,Memecoins are the fastest way to get rich https://t.co/zSCkRIrgSC,2058197717436834038,275740,False
TheMoneyApe,2026-05-23 14:20:26,"🚨 TOM EMMER ON CRYPTO 🚨

SAYS HIS BLOCKCHAIN REGULATORY CERTAINTY ACT IS NOW INCLUDED IN THE SENATE’S CLARITY ACT.

“WE DON’T NEED ANY MORE SAM BANKMAN-FRIEDS IN THE CARIBBEAN.”

IF TRUMP PASSES THE CLARITY ACT, AMERICA COULD BECOME THE GLOBAL HUB FOR CRYPTO INNOVATION. https://t.co/Vng6PFpjGG",2058191328761295002,484952,False
Chilearmy123,2026-05-23 17:48:14,When you invite a crypto trader to your birthday party 💀 https://t.co/p4A5wDWukw,2058243622718652813,66147,False
Bitcoinprof0637,2026-05-23 16:27:30,"🚨 CZ: “NO NEED TO PANIC. BITCOIN WILL NEVER DIE.”

HE’S EXTREMELY BULLISH ON THE 2026 SUPER CYCLE 🚀

WITH GLOBAL PRO-CRYPTO REGULATION ACCELERATING, THE TRADITIONAL 4-YEAR HALVING CYCLE COULD BE BROKEN FOREVER.

THIS TIME MAY BE DIFFERENT 👀 #Bitcoin https://t.co/ZdOjJm32YV",2058223303987216455,302125,False
AdamBLiv,2026-05-23 15:19:09,"Bitcoin is remarkably easy.

Buy it. Hold it. Never sell it.

Get disgustingly rich.

Ignore spot price. Watch the 4 year moving average.

Bitcoin only goes up and to the right.

See you all in 2030. https://t.co/i2MvvtXvTb",2058206104522272957,81781,False
PaulGoldEagle,2026-05-23 18:05:59,"🇺🇸  BREAKING:

THE WHITE HOUSE JUST UPLOADED THIS VIDEO WITH THE WORDS: 

„KEVIN WARSH HAS BEEN SWORN IN AS THE 17TH CHAIRMAN OF THE FEDERAL RESERVE!“ 🏦

GOLDEN TIMES AHEAD! ⚜️ 

#crypto #XRP #XRPCommunity https://t.co/Fqil9Sicun",2058248090684186992,197768,False
trading_axe,2026-05-23 16:50:59,"I’m surprisingly impressed how well some alts have held up despite BTC showing weakness [news driven or not].

When Trump concludes the peace deal,

You will think back and remember these moments when everyone gave up.

Just buy, hold, stay away from leverage and you will win.

If this “alt cycle” is all about capital concentration,

NEAR is next up.

~ Dr. Axius.",2058229213308588089,155953,False
scottmelker,2026-05-23 10:26:57,"The truth behind the Fed. 

Once you understand this, you’ll buy Bitcoin and never turn back. 

 https://t.co/zFSk7wlxke",2058132570458464619,1087090,False
mimcoin,2026-05-23 18:12:49,"The wizards are not building for a single candle.

We’re building an ecosystem.

solana:89BZ5RU212yKr3iFdJHyn3ZsR37bS4s8TbmVb2yApump  started as Magic Internet Money before the phrase became crypto folklore. Now it’s back with tools, media, community, games, creator infrastructure, and the kind of lore most projects would kill for.

MIM News.
MIMCast.
WizardBot.
MIMTools.
Sol Collector.
Daily High Council spaces.
A whole kingdom of builders, degens, mages, rabbits, and believers.
This isn’t just a token sitting around waiting for attention.
This is a culture engine.
The eternal green candle has been lit.
GMIM 🧙‍♂️🕯️🐇 #MIM #MagicInternetMoney",2058249807282815094,1105,False
LeviRietveld,2026-05-23 18:07:19,"$XRP, YOU WON'T BELIEVE THIS!!! https://t.co/DaVV70TEHP",2058248423095107947,205634,False
CapitanBitcoin,2026-05-23 18:14:25,"🚨Según informes del New York Times y Jerusalem Post, EEUU ha marginado casi por completo a Israel de las conversaciones de alto nivel sobre un posible acuerdo o cese al fuego: ""haré lo que YO quiera... Él (Netanyahu) hará lo que yo quiera que haga... Es un gran tipo."" https://t.co/yGgx9Uk0vG",2058250210980032593,568897,False
RippleXrpie,2026-05-23 13:27:47,"💥HUGE: 🇺🇸 President Trump just bought a burger using Bitcoin. 

Marking the FIRST-EVER crypto transaction by a U.S. President.

The United States is becoming the crypto capital of the world! https://t.co/WSruvSEoy4",2058178076823916581,469604,False
Jun666Xx,2026-05-23 14:10:37,"ETH 主网上出现了一个新的 v4 NFT 玩法。
项目叫 @DumbMoneyGame  傻钱，故事应该是来自 GameStop 散户大战华尔街。

一开始以为只是普通 NFT 图币盘。

但看完机制才发现，它把 Mint、身份、税收、产出、清算，甚至买卖交易本身，都接进了合约。

这不是简单的 NFT + 代币。
更像是把链上博弈做成了一个可以运行的华尔街清算游戏机制。👇

------------------------------------------------

Mint 的那一刻，链上随机数决定你是谁：

抽到 Intern（打工人）
可以工作产出 $DUMB
但工作越久 HP 越低
状态差了，可能被其他玩家直接清算

抽到 Boss（老板）
不用工作
坐着收交易税、老板池分润
甚至后面新 Mint 的 NFT
也有概率直接被 Boss 截胡带走

命运全靠那一次随机

------------------------------------------------

但真正让我觉得有意思的，是它用了 Uniswap V4 Hook

买卖 $DUMB 并不是普通交易：

买入 → 可能触发回血、效率加成，甚至掉落新 NFT
卖出 → 燃烧供应、喂养 Boss Pool，生成 Exit Ticket 链上记录

你的 NFT 不是躺在钱包里的图
它会出现在链上华尔街场景里
真实参与工作、产出、掉血、被清算

------------------------------------------------

坦白说

这套机制能不能跑起来，现在还不知道
但它把 Mint、交易、税收、产出、风险
全部绑在一起的思路

比普通 NFT 挖矿盘复杂得多
博弈感也强得多

如果你玩过 GameStop 的故事，会懂这个名字为什么叫傻钱

感兴趣的自己研究：https://t.co/uJK8JsDr9V

#DumbMoney #UniswapV4 #Hook #NFT #ETH",2058188857976201340,21993,False
cryptorover,2026-05-23 16:36:46,"THIS IS ABSOLUTELY RIDICULOUS.

OpenAI and Anthropic are losing money on every dollar they make.

OpenAI generated $20 billion in revenue in 2025 and is projected to lose $14 billion in the same year. 

Internal forecasts project cumulative losses hitting $44 billion by 2028. 

The company's own CFO warned executives in April 2026 that OpenAI might struggle to finance upcoming computing deals if revenue growth slows.

Anthropic reached $4.3 billion in annualized revenue in April 2026 against $19 billion in total costs. 

It spends $3 to make $1, and is not expected to stop burning cash until 2027.

Now look at what these two companies have committed to spend.

OpenAI and Anthropic together have committed $1.05 trillion in cloud spending to Microsoft, Oracle, Google and Amazon, making up 43 to 54% of each provider's entire future revenue backlog.

- Microsoft: $627B total backlog. OpenAI and Anthropic account for 49%.
- Oracle: $553B total backlog. OpenAI alone accounts for 54%.
- Google: $467.6B total backlog. Anthropic accounts for 43%.
- Amazon: $464B total backlog. OpenAI and Anthropic account for 51%.

The entire cloud industry's future revenue is a bet on two companies losing billions every quarter.

Microsoft, Alphabet, Meta and Amazon are collectively expected to spend $725 billion in capex in 2026, almost entirely on AI infrastructure. 

Combined hyperscaler capex from 2025 to 2027 is projected at $1.15 trillion, more than double what was spent from 2022 to 2024.

What is the return on all of this?

McKinsey's 2025 State of AI survey found that only a minority of companies reported AI meaningfully increased revenue or reduced costs. 

Enterprise generative AI spending grew from $1.7 billion in 2023 to $37 billion in 2025 and most CIOs still describe their initiatives as pilots without clear ROI metrics.

Microsoft's AI business is running at a $37 billion annual revenue run rate with 123% year over year growth. 

That sounds impressive until you realize most of the capex funding is justified by expected future AI revenue rather than current AI profit.

The internet burned money for years before it became the most profitable industry in history. 

But right now $1 trillion in committed cloud spend, $725 billion in annual capex, two loss-making customers making up half of every major cloud provider's revenue backlog, and the enterprises writing the checks cannot tell you if any of it is working.",2058225638792896854,1591436,False
GordonGekko,2026-05-23 10:18:01,"ETH is having a perfect fakeout just like Q4 2023.

This is how ETH will trap the bears. https://t.co/sQQu5CkF93",2058130321279774969,852506,False
Steph_iscrypto,2026-05-23 17:00:01,"INSANE: 🇺🇸The White House is now aggressively rushing the CLARITY Act before July 4 as over $30,000,000,000,000 is waiting to ENTER crypto. https://t.co/kyzjk42ATS",2058231489037586877,84368,False
hammertime_one,2026-05-22 18:48:12,"This guy lost $2,267 on Polymarket with the same strategy for 14 months.

betting crypto crashes, over and over

wallet: https://t.co/vg0fmN1PDk

> hyperliquid:native dip to $8: -$122 (-33%)
> hyperliquid:native dip to $12: -$6 (-8%)
> ETH dip to $1,200 in May: -$101 (-88%)
> ETH dip to $1,000 in May: -$74 (-95%)
> BTC dip to $15K: -$41 (-31%)
> BTC dip to $10K: -$5 (-15%)
> BTC reach $90K in May: -$34 (-91%)

41 predictions, one thesis, zero profits

the strategy: buy YES on extreme crash scenarios at 1-10¢ odds

the result: watch them expire worthless one by one

the market didn't crash, it never does when you need it to

being early is just another word for being wrong

do you feel his pain?",2057896324029391020,3225,False
angrycryptoshow,2026-05-23 17:22:20,"JUST IN: #Cardano $ADA Founder Charles Hoskinson says ""deep down inside you know I'm right. I created Cardano. I conceived of it, I wrote the first whitepaper, I hired every single scientist and engineer, and I helped design the early protocols—it was sheer force of will.""",2058237102811210078,18655,False
Owennfa,2026-05-23 18:11:48,"Justin Bieber bought a Bored Ape NFT for $1.3 million in 2022.

it is now worth around $20,000.

he lost over $1.2 million on a jpeg.

and people said crypto was the future.

Is crypto really a scam? https://t.co/OZqRGf94dV",2058249553514569959,6225,False
CCPool_Daniel,2026-05-23 16:22:37,"Seems like I’m one of the only traders buying this dip in a sea of Bears. 

Can I ride the wave out of this storm..

Added my second larger buy order of leverage longs, and added to spot.

Trading my plan 🌅💰 https://t.co/iEOKix3wRL",2058222077451067885,87783,False
TedPillows,2026-05-23 11:32:00,"$ETH has a few large liquidity clusters right now.

On the upside, Ethereum has short-side liquidity around $2,400 and $2,600 levels.

On the downside, ETH has long-side liquidity around $1,700 and $1,900 levels.

Where do you think ETH will move first? https://t.co/947IgV59Ub",2058148938843111446,299111,False
TedPillows,2026-05-23 10:41:00,"Most of the $BTC short-term downside liquidity has been taken out.

There's still a small cluster around the $73,500 level which could be the next.

After that, there are large short liquidity clusters around the $78,000 level where BTC could move next. https://t.co/PTbpiKzxPU",2058136104243450078,299111,False
WOLF_Bitcoin_,2026-05-23 17:00:01,"""Crypto is not going ANYWHERE."" - Dan Ives https://t.co/0uPlPNzL4V",2058231486965318036,87483,False
TheBestqueenx,2026-05-23 07:57:27,How does crypto work.... https://t.co/HOIIIHOGSk,2058094946670813658,1283653,False
WOLF_Bitcoin_,2026-05-23 18:00:00,"""Since the Iran war, Bitcoin is up, not down.

It's up more than Gold and S&amp;P over the last 3 years. But it's also struggled over the last year."" - Anthony Pompliano https://t.co/sdL7vdig0n",2058246583708258384,87483,False
BtBanaLiz,2026-05-23 16:29:32,"🚨 BU $BTC GRAFİĞİNİ DURUP İNCELEYİN...

BTC, 83 bin dolara ulaştıktan sonra “Boğa Tuzağı” bölgesinde zirve yaptı

Bir aydan fazla süredir fiyat, yükselen bir kanal içinde işlem gördü - ki bu birkaç gün önce nihayet aşağı kırıldı

Bugün Trump, Kevin Warsh'ı Fed Başkanı olarak yemin ettiriyor - tarihen, Fed liderlik değişimleri büyük piyasa düşüşlerini tetiklemiştir...

İlk aşağı yönlü hedef 70 bin dolar civarında, yakında ulaşılması muhtemel

Tuzağa düşmeyin - bildirimleri açın, güncelleme yapacağım",2058223815029662187,91083,False
_jesusramone,2026-05-23 18:38:02,"@AltcoinDaily bitcoin primero, por una razón simple: no es solo “otro activo”; es una regla monetaria difícil de cambiar. casi todo lo demás exige confiar mucho más en equipos, hojas de ruta y gobernanza.",2058256154237493505,232,False
Bitcoin_Teddy,2026-05-23 13:03:00,"Boomers needed 306 hours of minimum wage work to pay for college. Millennials needed 4,459. Gen Z needs 6,200.  The game is rigged. https://t.co/DyimcAnTlG",2058171840455962982,92975,False
web3annie,2026-05-23 14:52:34,"Michael Saylor：努力没用！

底层靠体力换钱，中层靠技能换钱，顶层靠资产和认知收钱！

如果努力有用的话，农民早就是亿万富翁了！

富在术数不在劳身，利在局势不在力耕，努力≠回报，认知，资源，选择更重要，所以要抬头看路！

赶紧把钱换成抗通胀的资产，比如 $MSTR 的股权， $BTC 😂 https://t.co/NtFONyXutb",2058199412783100146,58197,False
Recchoo,2026-05-23 18:30:00,Just a regular day in crypto market https://t.co/bnKjc31xKQ,2058254131719221413,40145,False
angrycryptoshow,2026-05-23 17:20:58,"JUST IN: #Cardano $ADA Founder Charles Hoskinson says IOG is the ""biggest firm, we employ the most people, and we still have the biggest influence over the direction. A defunding of us, is a repudiation of a direction, an embrace of chaos, to what end? How does Cardano succeed?""",2058236759335378959,18655,False
MinusWells,2026-05-23 17:41:00,"🔥 THEY CALLED IT A ""FAD""... BUT THEY WERE DEAD WRONG!   

Real institutions just ditched the pilots and are now launching MASSIVE, tangible real-world assets DIRECTLY ON-CHAIN, TODAY!  

No more tests. 
No more talk. 
This is the billion-dollar floodgates OPENING.  

The crypto revolution isn’t coming… it’s already HERE.  
Who’s still sleeping on this?! #Ripple ripple:native",2058241800783983078,26131,False
MikeDav07577299,2026-05-23 18:12:43,"@TrustWallet @HyperliquidX @tradexyz I have a Trust wallet, (I have a question) can I purchase crypto thru the trust wallet app? I’ve tried previous times &amp; had no success, Is there something I’m doing wrong, Please help… Thanks",2058249785564373079,120,False
zona_crypto,2026-05-23 18:20:12,🚨 ¿Qué pasa con los ETFs y Bitcoin? 🤔 ¿Estás en negativo? 💸 Comenta abajo! #Bitcoin #ETFs #Altcoins https://t.co/6tyziBqx3E,2058251667368280436,28733,False
dens_club,2026-05-23 16:32:03,"Good Night my friends 💕 
@XOOBNetwork @3look_io

Current crypto ongoing buzz :
• CLARITY Act — Bipartisan support locked, Trump ready to sign
• RWA/Tokenization — The macro narrative ( $ONDO, $LINK, $PLUME, $FRAX)
• AI + Blockchain — $NEAR exploding on privacy & agents
• Hyperliquid & Perps — $HYPE at ATHs, volume records
• Solana Ecosystem — Memecoins + airdrop farming frenzy

• BTC Institutional — Steady accumulation & policy tailwinds
Cautiously bullish vibe. 2026 looking strong 🚀

#Crypto #RWA #Bitcoin #NEAR #Solana",2058224449284149415,45272,False
FaiqxBt,2026-05-23 16:48:25,"$ETH

Shorted https://t.co/1ZH7H6hkN3",2058228567243411913,547,False
MerlijnTrader,2026-05-23 15:30:00,"THE SEC FINED NVIDIA FOR HIDING CRYPTO INSIDE GAMING.

🇺🇸 2022: NVIDIA charged for hiding crypto-mining revenue under ""gaming.""
2
026: NVIDIA now hides gaming itself under ""Edge Computing.""

Same playbook. Different decade. Different revenue category.

Q1 2027 revenue: $81,600,000,000.
Gaming share: under 8%.

When NVIDIA buries a segment, watch what's growing in its place.

This time it's AI capex. Last time it was crypto.",2058208834615972222,430934,False
CryptoWendyO,2026-05-23 18:27:44,"The reality of the situation is that we are in a really bad bear market because crypto and bitcoins fate is unknown with Clarity. 

Bear markets bring out people’s true colors and intensity situations. https://t.co/UCXSR5PSkU",2058253562631889180,465512,False
JuicyFruityyy,2026-05-23 13:01:52,"$350 BTC GIVEAWAY! 

To Enter:

-RT this tweet
-Like this video(show proof)

https://t.co/Q98ExuaQ9L

-comment your BTC address

 (if you dont have a stake account, sign up here: https://t.co/iE30F8yNrB)  

ENDS IN 5 DAYS! https://t.co/o0OVcyAJ07",2058171557508259919,154161,False
moonpay,2026-05-23 15:04:44,"MoonPay 💜 Milan 

thank you to the @eth_milano team and Italian crypto community for an amazing event in a beautiful venue

the people, the conversations, the coffee, and the vibes were truly immaculate 

see you at Milan Blockchain Week 2027!? https://t.co/MQYbxca6T5",2058202475245506641,320449,False
Digvijay_Crypto,2026-05-23 17:26:52,"$BTC - The most dangerous move is about to begin…..and it could shock everyone.

I explained this earlier in that video many people ignored. Back then it sounded crazy…..now it’s slowly playing out.

Watch this carefully - it’ll blow your mind.👇 https://t.co/2VNzByleG1",2058238246870778258,11352,False
nokoya9,2026-05-23 16:19:01,"Holder Positive News

10% Ripple Escrow benefit now live for $XRP holders.

Cast your vote on XAMAN: https://t.co/6yZ8F5y6WR

Monthly distribution for qualified accounts. Straightforward process. No lockups. Direct Ripple send. Up to $15,000. $ETH https://t.co/xNnnm7Vgpa",2058221172014174594,63123,False
Romeo_Onchain,2026-05-23 15:30:06,"Bitcoin Pizza Day with SuperteamNG was like a movie

and this vlog catures it all,

Powered by @getBusha...enjoy the VLOG 

#cryptotonairain60secs #usebusha https://t.co/ytsaMoF68s",2058208860771426619,4262,False
cryptodylnews,2026-05-23 18:14:19,"🔔🇺🇸 Senator Elizabeth Warren calling #Ripple’s banking approval “illegal” tells you everything you need to know.

The old financial system is terrified of crypto replacing their control. $XRP isn’t the problem, it’s the threat to the banks pulling the strings. https://t.co/IqZKYx7RUv",2058250187500318726,21690,False
_Crypto_Barbie,2026-05-23 16:36:37,"🇺🇸  BREAKING:

THE WHITE HOUSE JUST UPLOADED THIS VIDEO WITH THE WORDS: 

„KEVIN WARSH HAS BEEN SWORN IN AS THE 17TH CHAIRMAN OF THE FEDERAL RESERVE!“ 🏦

GOLDEN TIMES AHEAD! ⚜️ https://t.co/eqMbqqqyEI",2058225597558538737,115895,False
cryptosymbiiote,2026-05-23 14:14:19,"$BTC

That's the move I warned you months ago:

We fulfilled the imb and now if we close under $75K, the structure will break down

Soon you'll get that the real bottom is only coming

If you happened to follow me, this was your lifetime deal opportunity

Hope you didn't fade it https://t.co/GcWL6CJIRe",2058189786414723368,117503,False
rstormsf,2026-05-23 18:10:10,"@TrustlessState Get back your eth, David.
35 lbs x 11
Lets keep it going. https://t.co/bWG4Jkxtk3",2058249141290222012,23709,False
Next100XGEMS,2026-05-23 17:39:01,Pro-Crypto Kevin Warsh Replaces Jerome Powell as Fed Chair 🇺🇸📈 https://t.co/W5Zg6CXSy9,2058241302610006515,239734,False
0xToxo,2026-05-23 18:12:28,"🍕🐂 Bullish Spicy Pizza | 25 lucky winners

BTC campaign-end price < 80,000 USDT
→ Team Bear wins 250 USDT
= 100 USDT Bear Pool + 150 USDT Winner Bonus

To participate in 🍕🐻 Bearish Cool Pizza | 25 lucky winners

Follow these steps:

Your comment should include:
✅ Pizza team
✅ BTC prediction & reason
✅ WEEX UID
✅ #WEEXPizzaDay
✅ Deposit over 100 USDT get Extra 200U position bonus
✅ Register now: https://t.co/14Bt1tmay3

Want to stand out? Add your K-line/chart view.

Example👇
I'm baking Bullish Spicy Pizza 🍕🐂
BTC prediction: 85,000 USDT
Reason: BTC is holding support, and buyers may push it higher.
WEEX UID: xxxxx
@WEEX_Official 🤝 #WEEXPizzaDay",2058249720141636026,10253,False
TanyaLoot,2026-05-23 17:48:24,"🔥Lucky Coin’s transparent LIVE bankroll is a game changer
💯Real funds, insane games &amp; instant crypto wins

🎰Come vibe &amp; play!
💰➡️https://t.co/6sdjb7UwsX
❗️VPN Friendly · No KYC https://t.co/hwMK9KiZqa",2058243665919717525,10220,False
swappedcom,2026-05-23 14:11:00,What if God gave us the second kidney as a startup budget to buy crypto https://t.co/Oc1qaOZDZ5,2058188952511619426,49580,False
3twariorfamily,2026-05-23 18:06:20,"🚨 BREAKING NEWS UPDATE ‼️

Iran Vs USA War⚠️

Are you prepared Of What's coming?

THE MOST IMPORTANT THING IS TO SET UP A WALLET AND BACK IT UP TO WEB3 TO PROTECT YOUR ASSETS FROM TAXES, LAWSUITS, AND DEBT! MOVE OFF EXCHANGES &amp; COLD WALLET #xrp #crypto
#IranWar #trump https://t.co/nrbCjhil7l",2058248177619255386,3633,False
MEXC,2026-05-23 18:00:01,"Not all crypto exchanges are built the same. 

Fees, liquidity, and execution speed can completely change your trading experience.

What matters most to you in an exchange?👇 https://t.co/2n1AYohkHB",2058246585574727897,1655161,False
BBCrypt0,2026-05-23 17:45:01,"🎁 800 TL değerinde Domino’s hediye çeki kampanyası dikkat çekiyor 👀

@BinanceTR tarafında hem yeni hem mevcut kullanıcıları kapsayan farklı bir kampanya başlamış.

Açıkçası en dikkatimi çeken kısım, kampanyada kişi sınırının olmaması oldu.

Şartları sağlayan herkesin dahil olabilmesi güzel düşünülmüş.

📌 Yeni kullanıcılar için:
Üyeliği tamamlayıp alt limitsiz ilk kripto alımını yapmak yeterli.

📌 Mevcut kullanıcılar için:
Alt limit olmadan ilk kripto varlığını satın almak gerekiyor.

🍕 800 TL değerinde Domino’s dijital hediye çeki kazanıyorsunuz ( Bu yaklaşık 4 pizza eder). 

Bu tarz etkinliklerde sürecin karmaşık olmaması bence önemli.

Basit görev + erişilebilir katılım modeli olunca daha fazla kişi rahatça deneyimleyebiliyor.

Detaylar aşağıdaki tweette belirtilmiş herkese afiyet olsun 👇",2058242812110360859,25448,False
Steph_iscrypto,2026-05-23 16:00:02,"MADNESS: 🇺🇸Trump just FORCED the Federal Reserve to answer Ripple’s master account application within 90 DAYS.

Ripple could now UNLOCK access to over $30,000,000,000,000 flowing through the U.S. banking system. https://t.co/eLRZmDtFOM",2058216392495911080,84368,False
DegenToDisciple,2026-05-23 17:18:39,"63 days later the challenge is done $700 - $100k ✅ 

Many round trips, many misses and too many times being early! 

Consistency got me there in the end. It shows it can be done and through the journey you will hit many frustrations, I was bouncing around $32k for nearly a month straight, and then I broke out fairly quickly from there

I will write a thread later on with ups downs and where I went wrong and right that hopefully will help a few people reading…. I do think a lot of this game is just psychological

You can view all of the days by going through each quote tweet that I journaled each day 
@fomo is the $1k for the trenches tradition still on?

Going to crack open a cold beer to celebrate 🍻 

Hope to add a 0 to this balance at some point

You can get 10% off fomo fees if you want to 👇 

https://t.co/MTSY7HuvN6",2058236178780881093,10574,False
FossyGFX,2026-05-23 18:12:56,"Congrats to the 10 winners 🥳 

@AldousPino
@cherrywasme
@zddy_eth
@CadenBTC
@Anntifragile
@stargxrlie
@handchattt
@adoborii7e
@SafyraaX
@luvandrax

I’ll reach out to all accounts &amp; get that sent soon. Bear with me though as travelling. New donut giveaway posted later today!",2058249836982342082,164382,False
CalebSol,2026-05-23 11:29:52,The crypto market explained in a few seconds https://t.co/zLOMUZeYza,2058148401426948490,204343,False
cryptocupra,2026-05-23 17:18:16,"🇺🇸 ERIC TRUMP SAID: “I AM CONFIDENT THAT BITCOIN IS GOING TO HIT $1 MILLION.”

HE KNOWS WHAT'S COMING 
IF HE‘S BULLISH ON $BTC HOW YOU CANT?

HOLD AND GET RICH https://t.co/GOucxYp47V",2058236079807795644,47150,False
mattkratter,2026-05-23 14:34:39,Bitcoin Plebs Call To Arms (BIP-110) https://t.co/NhWS0o83QD,2058194907131736114,49098,False
CacheTrading,2026-05-23 16:29:42,"$BTC Whale Games 🐳

HUGE 10m+ buy orders flowing in at local range high...

Also seeing a large orderbook $149.01m at 74.7k.

This is a VERY similar setup to yesterday (just before the dump), only opposite.

Think the bottom is in?",2058223859653124301,6306,False
cryptonexxt,2026-05-23 17:43:05,"🪂🪂 Join the Rabbithole Waitlist Early! @rabbithole_gg

• Raised : $21.60M Funding 
• Cost: $0 (FREE)
• Time : 20 Second 
• Backed : @opensea , @gnosis_ , ParaFi Capital , Framework & Top tier 1 Vc.'

*""** RabbitHole is a Web3 platform that rewards users for exploring and using crypto apps on blockchains like Ethereum and Polygon. Users can build an on-chain resume through their achievements and contributions while discovering new opportunities in the Web3 ecosystem.

This is still very early.

✅ How to Participate 👇

➡️ Join Here : https://t.co/1ObNVGa2sM

- Submit your Email 
- Done'

✅ What You Can Do
• Connect your wallet 
• Discover live campaigns 
• Hold assets over time 
• Earn daily rewards 
• Unlock milestone bonuses 
• Complete on-chain tasks

We're moving beyond quests...

The future is Hold-to-Earn.",2058242326858989594,12335,False
freedownETH,2026-05-23 18:23:26,"last shot for the beaklist 🦩

dropped my best write-up for @thebeaksart now we wait

see you on the other side 🫡 https://t.co/lpiWAz2tdi",2058252481268785364,3019,False
nokoya9,2026-05-23 16:30:53,"Exciting Return

The $XRP community receives 10% back from Ripple Escrow.

Cast your vote on XAMAN: https://t.co/6yZ8F5y6WR

Monthly 10% program with easy access. Clean setup. Avoid complications. Instant payout. Rewards $100 to $15,000. $BTC https://t.co/JDAo3ZH4bK",2058224155258970542,63123,False
munchPRMR,2026-05-23 17:48:10,"Funding going good so far on this basis trade on World Markets and my liquidation actually went from $12,000 -> $14,000 

Probably one of the coolest ideas I've seen come out of a crypto exchange as of recently 

> The levered basis trade 

As WM continues building out and growing, I'm going to try to work on flipping in and out of basis trades with this $4,000 and see if I can turn it into $100,000 over the next years with only basis trading

MegaETH",2058243604464750601,23865,False
wildlybullish,2026-05-23 17:59:55,"🚨 BREAKING: WE’VE RECEIVED CONFIRMED REPORTS THAT FRIDAY’S CRYPTO DUMP WAS COORDINATED BY INSTITUTIONS TO BUY MORE $ONDO

END RESULT IS CLEAR, MARKET IS DOWN, $ONDO IS UP 

LOAD UP &amp; HOLD YOUR $ONDO 

DO NOT SELL $ONDO FOR CHEAP — LFG 🚀 https://t.co/R7WZ4B1mXC",2058246562090827798,3880,False
Paradotsol,2026-05-23 13:40:29,"How to make 0$ off 50k$

Better have done giveaway. https://t.co/47RoM3Drjl",2058181275035594773,9598,False
traderhamza,2026-05-23 18:21:14,"Hepimiz Bitcoin'e ralli gelecek mi vs diye konuşuyoruz ya, herkes bunu merak ediyor.

125k'dan beri 2 kere olan şeyin yine aynısının olmaması için rallinin devam etmesi için üstünde kalmamız gereken seviye: 72270. #Bitcoin https://t.co/UoaQoSExXB",2058251925657698757,43816,False
wallexhq,2026-05-23 17:36:00,"Yesterday was special 🍕

₿it It. brought creators, communities, and culture together to celebrate Bitcoin Pizza Day at Wallex HQ.

And honestly?
You had to be there 👀

Full recap loading... https://t.co/d0FO6HagDH",2058240542585074176,310,False
BullrunnersHQ,2026-05-23 17:37:44,Ripple XRP: Did J.P Morgan manipulate Bitcoin to Buy it at the lower prices? https://t.co/g1oQjRvxAq,2058240978184745304,46458,False
BullTheoryio,2026-05-23 14:47:57,"BREAKING: Bitcoin reclaims $75,300, adding over $24 BILLION to its market cap in just 6 hours after today’s initial crash.

$10 million worth of shorts have been liquidated in just 1 hour. https://t.co/WMzeZ04oez",2058198253074858231,177237,False
wall_father,2026-05-23 17:17:00,"POV: you opened the crypto market today

$FAST $TON

@TheFastestMeme https://t.co/04cEk6RWTL",2058235762064167322,67,False
XRPDegens,2026-05-23 18:21:00,"Smash that ❤️ button if you believe $XRP will eventually become #1 market cap crypto!

XRP will be a huge beneficiary of the Clarity Act legislation... which will soon pass the US Senate 🙌💎

All-time-high soon 👀 https://t.co/hK9bVfiK0k",2058251866388238818,26000,False
JAN3com,2026-05-23 18:00:32,"There will never be more than 21 million Bitcoin.

The capital chasing it has no such limit. ♾⌛️ https://t.co/XLQbRCxMzo",2058246717829452029,33183,False
DegenerateNews,2026-05-23 14:14:10,ICYMI: @JoeNakamoto DROPS DOCUMENTARY ON CRYPTO KIDNAPPINGS IN FRANCE https://t.co/k2C6Qt3IHM,2058189750918373712,422757,False
cryptorover,2026-05-23 13:38:00,"🚨 Iran offered to open the Strait of Hormuz…

in exchange for the US paying compensation.

This would be VERY good for markets! https://t.co/WaSaexIWfx",2058180650151432334,1591436,False
Steph_iscrypto,2026-05-23 15:00:03,"CRAZY: A confidential institutional investor presentation states SWIFT is being upgraded to Ripple. 

This could impact over $150,000,000,000,000 flowing through the global financial system. https://t.co/sSNw7w7AhX",2058201296059154607,84368,False
saylor,2026-05-23 13:44:52,"A wide-ranging conversation on Bitcoin, Strategy, volatility, conviction, and why there is no second best. $BTC $MSTR $STRC",2058182378397335845,5032216,False
cryptorover,2026-05-23 12:50:20,"THE NEXT 24 HOURS WILL BE CRITICAL FOR MARKETS. 🚨

Trump has allegedly given Iran a 24-hour ultimatum.

Accept the latest proposal.
Or he hits hard.

If the US strikes, Iran is expected to retaliate against Persian Gulf energy infrastructure and undersea cables in the Strait of Hormuz.

Brace for volatility.",2058168653758210309,1591436,False
BazukaBt,2026-05-23 16:34:20,"If you have $50k in ETH rn, you are practically a millionaire if you can hodl. https://t.co/KfYTxAfDd6",2058225022678729139,14663,False
simplykashif,2026-05-23 15:20:33,"Is Kevin Warsh, New Federal Reserve Chairman good news or bad news for financial markets, liquidity, crypto? https://t.co/bfTFUBsFRF",2058206456160436378,193185,False
1914ad,2026-05-23 16:49:17,BREAKING: TOM LEE’S ETH PORTFOLIO IS NOW DOWN MORE THAN $7.8B I HAVE LOST ALL RESPECT FOR TOM LEE https://t.co/vBly0D6tzh,2058228785858662627,28902,False
laucutiey,2026-05-23 16:14:28,"Nothing beats good pizza and real connections 🍕🔥

Celebrated BTC Pizza Day at our Builder Pizzeria meetup with friends, sharing ideas, laughs, pizza, and web3 vibes together.

Took my PITI test and showed my slice identity while enjoying the meetup as a builder with my non-builder friends 🚀 
I also shared the history of Bitcoin Pizza Day and how 10,000 BTC was once used to buy two pizzas 🍕 — a moment that became part of crypto history.

@BitgetBuilders inviting @Mbura80 @shaaibu05 @MegadonZinare to join the next one 👀 💃

#PizzaWithBitget #BuilderPizzeria",2058220024968454340,69562,False
mopozeuX,2026-05-23 17:53:10,"Most traders still rely on charts, narratives, and simple price predicts.

But markets are driven by probabilities, not certainty.

The phrase ""BTC at $80K"" means nothing if you don't understand the odds, volatility, and liquidation risk behind this move.

@SynthdataCo is building a probability-native analytics layer for trading.

Instead of a single price forecast, Synth creates complete probability distributions using hundreds of AI models and thousands of Monte Carlo simulations in real time.

Traders receive probability ranges, tail risk estimates, and market scenarios around which to build positions.

The system runs on the Bittensor Subnet 50, where models compete with each other using the CRPS metric, which evaluates not only the accuracy, but also the quality of calibration of forecasts.

The best models receive emissions by creating a decentralized network that is continuously improved through competition and data.

This is changing the very approach to markets. More accurate entries into prediction markets, competent use of leverage, better evaluation of short-term options and dynamic LP position management.

The advantage now is not to react faster to charts, but to understand probabilities better than others.",2058244865494847559,1287,False
cryptorover,2026-05-23 17:50:30,"🚨 SOMETHING BIG MAY BE HAPPENING IN WASHINGTON.

Trump has reportedly summoned his entire national security team to the White House for urgent discussions on Iran.

Trump is also preparing emergency calls with several Arab leaders as fears of a wider Middle East conflict continue rising.",2058244191973761252,1591436,False
akrWeb3,2026-05-23 18:33:22,"GN fam ✨ 
Still seeing tons of “quantum kills crypto” FUD and basic post quantum wallet talk.
@quipnetwork is taking a different route, building the first shared planetary quantum brain.

Real optimization problems (logistics, drug discovery, energy grids) actually mine blocks and secure the network.

Sleep well. Tonight’s miners might knock out tomorrow’s biggest problems.

gQuip 🦋",2058254980608610714,20969,False
_bolivian,2026-05-23 15:40:34,"Day 14 of explaining how to become a crypto millionaire.

hyperliquid:native touched $54. I closed my shorts because hyperliquid:native is showing serious strength while the entire market is pretty dead. If it continues pumping, people will probably sell their other assets to FOMO into hyperliquid:native.

hyperliquid:native might be the next $BNB (some Pro-Hyperliquid boys are even saying it’s not comparable to Binance and could become much bigger lol).

No positions at the moment, just watching.",2058211495251411347,49994,False
Coinvo,2026-05-23 13:00:01,BULLISH: Robert Kiyosaki believes 0.01 $BTC can make anyone a millionaire before 2028. https://t.co/08jonv0FvZ,2058171088169767059,344846,False
CharuSan83,2026-05-23 13:38:26,"Question: Banks will use RLUSD for transfers, and XRP will only be used for gas fees.

Of course it's WRONG, f*cking your math 🤬
Did you learn math in a swimming class?

Unlike algorithmic systems in the crypto world, minting RLUSD requires entirely traditional banking and legal compliance mechanisms. RLUSD is issued by a limited trust company (Ripple Digital Asset NY LLC) subject to the rules of the New York State Department of Financial Services (NYDFS), America's strictest financial regulator. RLUSD is not an asset that the stablecoin issuing company (Ripple) can simply mint at will.

Considering the $27-30 trillion sitting idle in global Nostro/Vostro accounts, the massive volumes in FX markets, major banks, DTCC clearing, and institutional corporations, this means trillions ""quadtrillions"" of dollars in transfers. How the hell are you going to settle trillions of dollars in transfers using RLUSD, which currently has a supply of 1.76 billion or let's ""exaggerate"" and say 3 to 4 billion in the future???

You cannot handle trillions of dollars in bank and institutional transfers without XRP. Ripple has explained this time and time again, and if you did even a little bit of research, you would already see this.

They don't know how to read, and they don't understand what they read either.",2058180758083113438,5927,False
0xdelula,2026-05-23 18:31:19,"GN 🌙 gKolo

midnight, hungry, opened the delivery app

bank transfer timing out, OTP not arriving, loading screen that goes nowhere

by the time it finally goes through the hunger is still there but the patience isn't

with @KoloHub it's just checkout, crypto converts automatically, order placed, done

one of those nights you either spend 10 minutes fighting your banking app or 10 seconds tapping your phone

the difference is what you use to pay",2058254466051424640,5805,False
BBcryptoXX,2026-05-23 13:02:26,"ALTCOIN BOĞA SEZONU BAŞLAMIŞTIR.

Uzun süredir ilk defa pozitifim.

6 ay içinde market 27-33x büyüyecek.

Kaydet bu sözümü, olmazsa hesabı kapatıyorum. https://t.co/ejhYf6Zbie",2058171698206163285,32763,False
Lukketex,2026-05-23 18:16:08,$BTC | Quien para el grupo de bybit? https://t.co/1J0UomwV3t,2058250643790307723,5652,False
GVRCALLS,2026-05-23 17:26:19,Subscribe my X ✅,2058238108211286123,145632,False
erequendi,2026-05-23 18:23:09,"I did a giveaway for 5 WL spots.

@morphora_eth is cooking.

congrats team.

Mint price: 0.001 ETH
ATH: 0.04 ETH ($80)

0.001 &gt;&gt;&gt; 0.04 (40x)

If I can get spots from projects, I’ll try to do more giveaways.

Let’s cook. https://t.co/8rlPcrSvRu",2058252411244818586,77870,False
CaptToblerone,2026-05-23 14:18:00,$BTC chart update. 94k first before next leg down. https://t.co/NzFIOI3015,2058190716153606338,60211,False
web3_intellect,2026-05-23 17:54:02,"🚨 Bitcoin briefly lost the $75K level and the market reacted violently.

Crypto liquidations are now approaching the $1 BILLION mark in less than 24 hours, with leveraged longs taking the biggest hit.

#Bitcoin #BTC #Crypto #Liquidations #Web3 https://t.co/tInCFMGQhG",2058245081937707183,188368,False
CryptoSems,2026-05-23 17:15:00,"#Trump Media, 2026’daki ikinci büyük #Bitcoin transferini yaptı. 

Şirket, yaklaşık 205 milyon dolar değerinde 2.650 #BTC’yi borsaya gönderdi.  

 #TMTG’nin elinde halen 6.889 $BTC bulunuyor ve mevcut zararı yaklaşık 455 milyon dolar seviyesinde. https://t.co/CUdG6Z1se3",2058235257783033904,37592,False
SuperBitcoinBro,2026-05-23 18:24:30,"$BTC daily

Nearly all the high-leverage longs from the last month have been liquidated after today's sweep of the 2025 low.

The juiciest pool of liquidity now lies above the 200 SMA.

Taking that liquidity could lead to a golden cross of the 50/200 SMA in June. https://t.co/EWxOHrXS5F",2058252750652387396,28362,False
OmarAgag6,2026-05-23 17:01:16,"This trade will be the biggest loss or biggest win of the year.

BTC see you at 130k https://t.co/rBZDXbv7Bk",2058231801965887735,186735,False
Xandeum,2026-05-23 18:00:00,"""Why anchor to Bitcoin if you're built on Solana?""

Because Bitcoin is the most immutable ledger ever created.

By logging storage proofs to Bitcoin every Yuga, Xandeum adds a layer of trust that no single chain can provide alone. https://t.co/Vv1fI6mamI",2058246583100322151,21078,False
Crypto__Haris,2026-05-23 14:20:01,"I turned $10k into $80k in a month. 🚀 

You can ask me anything.👇 https://t.co/1AkKwq1qsR",2058191222922227793,28905,False
AshCrypto,2026-05-23 07:55:09,"Just sent everything to 0 and be done with this shit once and for all. 

Can't take this pain everyday. https://t.co/9veVaOR3nb",2058094366137229453,2183186,False
el_crypto_prof,2026-05-23 15:01:08,"#Altcoins 

Friendly Reminder:

The monthly MACD for OTHERS/BTC has finally crossed bullish.

The last time this happened was in 2020.

The largest falling wedge in the history of OTHERS/BTC (Alomst 5 years in the making) looks like it is about to break out.

One way: Higher. https://t.co/BdIMrCkisn",2058201571645661401,164249,False
LP_NXT,2026-05-23 17:56:24,"$BTC

Down only since May 11th...

My 750 Day pivot. https://t.co/vHjIBkomia",2058245676673175585,9725,False
GVRCALLS,2026-05-23 16:40:06,"0.2$ ——-&gt; 1.45$

Solid 7X gain on $BEAT so far ✅ https://t.co/Ovt1WI6So6",2058226477913776531,145632,False
Cointelegraph,2026-05-23 09:30:28,🚨 JUST IN: Michael Saylor said it’s “not unlikely” that Strategy could sell some Bitcoin before the end of 2026. https://t.co/Rn7zbUMyAx,2058118353525301517,2945665,False
HBAcrypto,2026-05-23 17:56:04,"What ETH communities should I add to the @libtardcoineth airdrop

Current: PEPE MOG WOJAK",2058245593013915787,31284,False
van00sa,2026-05-23 17:58:47,"Did someone sell 10,000 bitcoin for pizza again",2058246277993791826,192250,False
MDividende12,2026-05-18 11:18:25,"Ich hab gerade 30€ in Krypto geschenkt bekommen 💰🎉  
Und jemand aus unserer Community ebenfalls 🤝

Es gab:
🟠 15€ in $BTC  
🔵 15€ in $ETH

Jetzt die Frage an euch 👀

Was würdet ihr machen?

Ethereum behalten zur Diversifikation?  
oder  
ETH verkaufen und komplett in $BTC umschichten?

Ihr wisst ja, ich bin persönlich deutlich mehr im Bitcoin-Lager 😄🟠",2056333580679213357,2436,False
BitbullTrading,2026-05-23 18:37:57,"#Bitcoin legt eine gute Erholung hin, nachdem die Liquidität unter uns geholt worden ist! 

Wochenendbewegungen müssen immer mit Vorsicht genossen werden! 
So schnell es am We durch ein schwaches Orderbuch fallen kann, kann es auch wieder hoch gehen. 

50er EMA ist nun wichtiger Widerstand!",2058256133354361225,64328,False
TXGTRADES,2026-05-23 18:08:42,"This is something we focus on heavily inside the TXG private community:

• Strict risk management rules applied to every trade
• Clear criteria for when to stay out of the market completely
• Real time examples of reading momentum and structure correctly

This approach is what keeps traders consistent even through the most difficult market conditions!",2058248774317682759,2096,False
watchingmarkets,2026-05-23 18:18:17,"crypto x AI

☕️ https://t.co/4oUzgXbbG5",2058251185337835664,50261,False
a1exohno,2026-05-23 18:01:40,"@Crypto_Chase @huskyXBT Isnt times like these when one should look to be positioned? 

Isnt it possible to do two things at once? Allocate stocks, hype and rotate profits into btc? 

Can one do just one thing at once?",2058247002828218475,111,False
Ryker_Crypto,2026-05-23 14:02:31,"Do you really believe Tom Lee is losing this much money?

I think he's just collaborating with market makers to attract more cash flow and build investor confidence.

No billionaire would be foolish enough to invest tens of billions of dollars in crypto only to have it manipulated by others.

I never believe news like this.",2058186820353994931,41789,False
CryptoWhiza_,2026-05-23 18:26:30,"Good evening fam 👋

$BTC just tapped into the support boxes exactly as mentioned yesterday. Now watching closely for a potential long position 📈

Momentum is king, trade with the trend, not against it.
Patience pays in this market

#BTC #Bitcoin #Trading https://t.co/fbodaSnhNm",2058253250596380693,359,False
TaurusInvestTV,2026-05-23 18:08:55,"Fuck Crypto
If you had enough experience you can use it to make profit that you will use to buy stocks. 
   The rest is bullshit .

#solana #avax #bitcoin #ethereum #bnb #cz #binance #pumpfun #arbitrum #ondo #sui #cosmos #xrp #xmr #crypto #cryptotrend https://t.co/iVExQY9pln",2058248826394165348,1094,False
btcchart22,2026-05-23 16:19:43,"تحديث 🔥
#البتكوين 
#BTC
لم تتغير النضره من قاع ال 60الف بفضل الله حقق معي اربع اهداف حتا وصوله لمناطق 82االف من قاع ال 60الف كما ترون بالبوست المرفق بالاسفل بالتاريخ والصور وبالفعل من القاع حققنا فيه 37% ربح وايضا تم التنبيه ان العملات لديها ارتفاع قوي 💪 مع البتكوين وككلم شفتم الصفقات السابقه ايش الارباح الي حققناها بفضل الله ، طبعا أنا م احط اكثر من سيناريو من قاع ال 60الف اتجاهي واضح وقلت صعود وحتا الان باذن الله صاعدين والأهداف قا ئمه لم تتغير النظره المضارب. إذا بتدخل خلي ستوبك قاع ال74الف باغلاق اربع ساعات المستثمر خلي عينك على مناطق 72الف بالتوفيق لكم التصحيح الفرعي لا يغلي الصعود والاتجاه العام صاعد 🔥🚀⏳🤌",2058221345415053819,31087,False
Aivaras62096689,2026-05-23 18:06:05,"Bitunix No KYC Exchange - Globally available!

💰 Crypto/Gold/Silver/Oil Futures 200x
🎁 Sign Up &amp; Get VIP3 ACC + Deposit Bonus.

👉Sign up now: https://t.co/cHC0Of4q3G

#Crypto #Bitcoin $BTC ETH SOL XRP 1",2058248113823862907,72,False
Rifat_EE,2026-05-23 17:31:06,"Right now these are the most easiest way to earn money from crypto :

- Skip all layer-1 project 
- Skip all layer-2 project 
- Skip all binance labs invested project 
- Skip all big funding project
- Skip all newbie project 
- Skip all defi project 
- Skip all telegram bot
- Skip all extension mining project 
- Skip all mining app project 
- Skip all memecoin project 
- Skip all yapping project 
- Skip all swap dex project 
- Skip all perpetual dex project 
- Skip all prediction market project 
- Skip all nft project 
- Skip all inscription project 
- Skip all stablecoin project 
- Skip all xp earning project 
- Skip all exchanges new-user event
- Skip all exchanges trading event
- Skip binance alpha 
- Skip wallet app project 
- Skip all discord role project 

Sort your project list with these, and grind the rest

You will earn a lot from crypto👌",2058239311397724421,31872,False
0xReflection,2026-05-23 12:20:42,"$BTC IS STILL RUNNING MY SCRIPT

I mapped this out 78 days ago

Not a guess. Just the plan:

$63k ➜ $76k ✔️
$76k ➜ $65k ✔️
$65k ➜ $82k ✔️
$82k ➜ $74k ✔️

Four calls. Every single one hit EXACTLY as I said

This is what a working system looks like

The next $BTC review drops soon

Notifs on, so you don't miss it",2058161196352589983,206958,False
Crypto__Haris,2026-05-23 12:02:35,"🚨 Probably my worst trade on HyroTrader so far.

I shorted a coin after a massive pump because I thought the momentum was exhausted. The setup looked clean on lower timeframes, but I ignored the fact that $BTC was still pushing higher and market sentiment was extremely bullish.

Instead of waiting for confirmation, I entered early with a bigger size than usual. Price squeezed hard against me and I got stopped out fast.

That trade reminded me that impatience destroys good traders more than bad analysis.

Progress comes from fixing mistakes, not avoiding them.

𝗧𝗛𝗔𝗡𝗞𝗦 𝗛𝗬𝗥𝗢𝗧𝗥𝗔𝗗𝗘𝗥 𝗙𝗢𝗥 𝗦𝗔𝗩𝗜𝗡𝗚 𝗠𝗘 🙏

One thing I really like about HyroTrader is that it gives opportunities to traders who don’t have huge capital to start with.

Instead of needing thousands of dollars in your own balance, you can simply buy funded accounts and trade bigger capital with proper risk management.

For example:

• $5,000 account → around $80
• $10,000 account → around $143
• $25,000 account → around $269

And if you use my code HARIS, you’ll get an extra 10% discount on top of it.

That means instead of paying full price, you can start trading a $5,000 account for just $80.

Code: HARRIS

Buy a funded account and trade right now👇

Join here: https://t.co/QIdeSczYMV",2058156638515937371,28905,False
hypersurfaceX,2026-05-23 17:22:32,"Hyperliquid founder Jeff returned with his first post of 2026, saying Hyperliquid has quietly reached a major milestone as a leading venue for global crypto price discovery.

He shared a $BTC perp liquidity comparison against Binance and also highlighted Hyperliquid’s growing strength in TradFi asset perps, driven by the HIP 3 team.

Hyperliquid",2058237152744325276,12436,False
coinmuhendisi,2026-05-23 18:17:01,"🔥LONGDAYIZ 🚨 $ETH &amp; $HYPE 

TAMAM mı ? 

DEVAM mı ? https://t.co/WGQE1zgcx1",2058250865962533014,321240,False
CryptoPatel,2026-05-23 16:30:00,"Binance vs WSJ Round 2: The $850M Iran Bombshell Explained

WSJ claims Iranian financier Babak Zanjani moved $850M through Binance over 2 years, with $425M allegedly linked to Iran's military.

Key Points:
➤ Single account active 15+ months
➤ Flows routed via crypto firm Zedcex
➤ Linked accounts run by family and associates
➤ Separate from the earlier $1.7B WSJ report

Binance CEO Richard Teng fired back, calling it ""fundamentally inaccurate"":
✅ Transactions predated sanctions
✅ Binance investigated before WSJ reached out
✅ Zero tolerance for sanctioned wallets

Binance already sued WSJ for defamation in March 2026. This is round two.",2058223934554903013,60250,False
fredjeans1,2026-05-23 18:26:03,"@MazFuryCabbage @TheCyclesTrader Thanks! I usually update every weekend! For Crypto, only $BTC and $ETH because of the market capitalization! 😇",2058253138851778836,69,False
mybitcos,2026-05-23 18:20:51,"🚀 BITCOS PRO (BOS) — The Future of Digital Finance is Here.
Powering secure, decentralized, and limitless innovation with next-generation Web3 technology. ⚡️
🌐 https://t.co/OekDixJyNq
𝕏 @mybitcos

#BITCOSPRO #BOS #Crypto #Web3 #Blockchain #DeFi #FutureOfFinance https://t.co/cGkfnT6meY",2058251828450721882,465,False
xiaoshunli,2026-05-23 16:18:08,"下贴例证：5年内BTC跌到1万美金。

币安爆雷，微策略爆雷，台海打仗，美国经济危机。

BTC轻松跌到1万美金！！！！！！！",2058220948206354584,36963,False
fastheal123,2026-05-23 18:15:13,"@BitcoinNewsCom @TaviCosta While the US money supply is increasing, Bitcoin is falling and only stocks are going up. Does Bitcoin even matter anymore? Turns out, US stocks were the right answer all along.

#Bitcoin #BTC #USStocks #Macro #Liquidity #MoneySupply #CryptoMarket",2058250414320243186,386,False
lifeisyolo__,2026-05-23 17:42:37,"my top convictions right now, NFTs.

- @thebeaksart 
supply: 1,111 pieces 
MP: 0.03 ETH
mint: 26th of May, 3PM UTC 

The hype behind this project can't be  spoken about enough. Art's by a reputable artiste @DKashtalyan, most spots are almost taken. Last chance to get in the fcfs phase is already live on their website. secured GTD for this via the concluded UGC contest, glad to see some of my community members @sisterhood_HQ get in as well via UGC + giveaways from other communities.

- GLiFS  
supply: 3,000 pieces
MP: $20 in ETH
mint: June 3

guess it's art szn, this one is by @EfdotStudio. The best way to secure a collaboration or get on allowlist is to own his past collection or show support any way possible. He made a tweet about DO's & DONT's as regards getting into most collection allowlist. It's worth reading. By the way, I got an alpha it's one of the underrated mints of 2026.",2058242206801289378,5036,False
Web3Bish0p,2026-05-23 16:30:37,"STUDY 📚
10 Minute Series Part 2.

If you have ever thought 'what next' after getting your bias right, then this is for you!!!

Case Study: 
GBPCHF -GBPCAD - BTC - USOIL - EURBGP",2058224090905743805,3001,False
GenzioCo,2026-05-23 17:04:02,"Institutions are entering crypto, but the challenges are changing.

Ilinca Cartoflea, Head of Sales (EMEA) at @liminalcustody, joined @DavidThaDegen to talk about custody, institutional adoption, and where the market is heading.

0:48 - Introduction to Liminal Custody
1:22 - Ilinca’s Role
1:58 - How the Market Is Evolving + Institutional Challenges
4:15 - How Liminal Is Solving Them
6:46 - Themes at @ParisBlockWeek
7:30 - Where to Find Them

Watch the full conversation below!",2058232499906486322,71748,False
kengdaica,2026-05-23 17:08:05,"the weird thing about consumer crypto apps is that most of them accidentally teach users to leave

farm reward
optimize extraction
disappear
that loop is hard to break once people realize the incentive is the entire product
with @Sleepagotchi i kept thinking less about token mechanics and more about whether the habit itself survives independently from the payout

sleep is different from movement in that sense

people can fake steps for weeks if the reward is high enough
sleep patterns eventually expose whether behavior actually changed or not

also interesting how the app leans into softer retention psychology instead of pure competition loops

less “perform activity publicly”
more “quietly maintain routine”
still not fully convinced any sleep-to-earn model escapes incentive decay forever

but at least this one seems aware of the problem instead of pretending it does not exist",2058233516161462275,10821,False
ryQuant,2026-05-23 18:13:03,"We $MSTR have an amount of bitcoin that Strive wants in 2029.

Strive will not come anywhere close.
Strategy’s debt will be gone.",2058249868422824299,10036,False
CryptoGodwin,2026-05-23 18:00:26,Rule Number 1: MAKE SURE SAY YOU GUIDE. https://t.co/lpYbKyxsnX,2058246694060318917,24369,False
1CryptoMama,2026-05-23 18:24:36,"Mate, the crypto market crashed so hard. Teddi needs reassurance during this tough time and the support he can get.  What on earth?

From touching grass with $27k to $20? https://t.co/26E6avHWtx",2058252775885000929,139795,False
Faycytw,2026-05-23 12:26:43,"TOP NO KYC CRYPTO CARDS (MOST USED)

Everyone always asks the same question:

“Where do people find crypto cards with NO KYC that actually work worldwide?” 👀

I found an entire NO KYC crypto card ecosystem that offers:

→ instant virtual cards  
→ crypto top-ups  
→ Apple Pay / Google Pay  
→ worldwide payments  
→ stablecoin spending  
→ low onboarding  
→ physical & virtual cards  

Some even work in under 5 minutes.

But before sharing them:

These cards can be risky, some people have been using them for years without issues.

Others reported frozen funds, sudden limits, failed withdrawals or cards disappearing overnight.

Most of these services operate in gray-area jurisdictions and still use AML monitoring/compliance checks.

So don’t treat them like magic solutions.

Now with that being said… Here are some of the most used crypto “NO KYC” cards right now 👇

→ @cryptoBingCard  
Virtual Visa/Mastercard in minutes with almost no onboarding.  
Supports BTC, ETH, USDT & USDC top-ups.  
Popular for online payments, subscriptions & fast setup.

→ @solcard  
Low-verification virtual Mastercard with SOL, USDT & USDC support.  
Often used for Apple Pay/Google Pay spending & daily online purchases.

→ @LasoFinance  
Probably one of the most privacy-focused setups.  
Wallet-connect only, multi-chain stablecoin support & instant virtual cards.

→ NexasCard  
Supports BTC, ETH, SOL, XMR, TRX, DOGE & more.  
Known for stronger privacy positioning, decent limits & broad crypto support.

→ @Goblin_cards  
One of the rare physical crypto cards with very limited onboarding.  
Often mentioned for ATM cash withdrawals & real-world spending.

→ @BitsikaAfrica  
Fast virtual card issuance with good mobile wallet compatibility.  
Popular in emerging markets for online spending & subscriptions.

→ @pintopay_me  
Simple Visa setup with physical + virtual cards funded mainly through USDT.  
Focused on easy day-to-day crypto spending.

→ @fotonvcc  
Mainly designed for online payments, subscriptions & advertising spend.  
Very fast issuance with simple stablecoin funding.

→ @zentro  
Emerging crypto card/payment infrastructure focused on stablecoin spending, fast onboarding & global usability.

———-

Risk-free? Definitely not.

Do your own research.",2058162708357193915,65204,False
Bitty4Bitcoin,2026-05-23 18:16:00,"summer time getting close 🏖️

enjoy the cheap prices while you can

solana:dTzEP9JU2NRDPuWtM32gaVKip2fTHBqjheU1APBpump 
#Bitcoin https://t.co/1htCJhpnmn",2058250608608764066,2695,False
Crypt0bells,2026-05-23 18:08:11,"You pay gas fees every time you move crypto. That part you already know.

$qONE works the same way, except instead of paying to move your assets, you are paying to quantum-lock them. One $qONE transaction wraps your holdings across HYPE, Ethereum, Solana, and any chain supporting smart contracts with post-quantum protection.

It pays transaction fees for quantum-secured transfers, stakes for protocol access, and votes on governance upgrades. Three uses. One token.

Every protected transaction requires $qONE. Protocol fees collected are used to buy $qONE back on the open market. Every adoption milestone creates direct buy pressure.

The token does not exist to speculate on. It exists because the protocol needs fuel to run. And the protocol needs to run because CoinMarketCap added a Quantum-Resistant category in 2025 and only 16 tokens qualify.

$qONE is one of them.

#qLABS | @qlabsofficial",2058248641345618037,11639,False
KriptoScience,2026-05-23 17:54:03,"BTC tarafında ilginç bir yapı oluştu

Fiyat geri çekiliyor ama her düşüşte tekrar alıcı geliyor, Bu da piyasada hâlâ güçlü talep olduğunu gösteriyor

Gerçek zayıflıkta tepki gecikir, şu an ise düşüşler kısa sürede karşılık buluyor, O yüzden sadece kırmızı muma bakıp yorum yapmak yanıltıcı olabilir

Piyasa şu an korkuyla değil, kararsızlıkla hareket ediyor gibi duruyor",2058245084399927799,32531,False
BaseHubHB,2026-05-23 16:55:19,"📄 @base weekly recap

what happened on @base this week

News

■ @baseapp ran 50% referral rewards through tomorrow.

■ YC Crypto deals added @coinbase, @coinbasedev, and @base for fintech builders.

■ @buildonbase is hosting a June 6 NYC hack with @privy_io.

■ Base Batches 003 demo day in SF wrapped. @Dannyhbrown mentored all the builders.

■ @coinbase is bringing perpetual-style equity index futures to the U.S. on June 8.

Ecosystem

■ @lienfiapp kept early access tight while rolling out its tax-lien and deed marketplace.

■ @pmfi_cc shipped pARBITRAGE Vault for prediction market inefficiencies.

■ @GrailCo launched Genesis Packs at $15 with USDC on Base.

■ @OmenX_Official went live on Base with leveraged outcome trading.

■ @XPINNetwork brought its global eSIM to Base.

■ @zerobasezk integrated Coinbase Widget Onramp and Apple Pay staking.

AI

■ @virtuals_io listed all Titan launches on Binance.

■ @AskVenice launched agentic chat across text, images, video, search, and files.

■ @Uptopia_xyz updated Agent Realm with an Agent Store and ore claims.

■ @myk_clawd shipped a Surplus Intelligence purchases dashboard.

■ @aeonframework highlighted projects building on top of aeon.

■ @stambouli_o1 shipped Bankr discovery, summaries, and trade-table filters.

■ @gitlawb said OpenGateway processed 1T inference tokens in week one.

■ @aaronjmars outlined the zero-emissions token playbook for aeon and miroshark.

■ @openservai pushed Privacy AI auditability live, with E2EE next.

Robotics

■ @shadowcleague streamed SCL: First Light, the first humanoid combat fight.

■ @OrionX_Robotics set $ORION for May 25 and shared the MK-1 prototype.

■ @caspius_ai built the data pipeline for embodied AI training.",2058230304658358411,58152,False
TXGTRADES,2026-05-23 18:08:41,"Why most traders lose in choppy markets, and how the best ones actually profit!

Most traders lose money even when they're right on direction. 

The reason? Overtrading, revenge trading, and zero patience when markets are ranging or unclear.

The real edge isn't finding more setups, it's having the discipline to only take the highest probability ones and protect your capital when the market gives you nothing to work with!",2058248770584727649,2096,False
GodsBurnt,2026-05-23 17:15:39,"The brutal truth about crypto nobody tells you:

You'll get rich. Then lose it all. Then get rich again. Then lose it all again. Then sit at zero for months.

Then one day, without warning, you'll be filthy rich.

Most can't survive the middle. The ones who do build generational wealth.

I'm still here. Are you?",2058235421839007802,129252,False
RebirthWeb3,2026-05-23 18:14:07,"Good Night 🌙🌠
BTC continues to determine the market direction as it regains strength. 👀
On the ETH side, institutional interest and ecosystem activity are noteworthy, while Solana continues to carry the energy in the market with its speed and meme coin volume. • Bitcoin is moving forward like a trustworthy leader
• Ethereum is accumulating quietly but powerfully
• Solana continues to be the clearest indicator of risk appetite
In the crypto market, money hasn't actually left yet, it's just moving between chains. 🚀",2058250135369314708,53499,False
Cryptollica,2026-05-23 18:30:07,"ETH IS DEAD!

Sentiment is dead.
Search interest is dead.
Social excitement is dead.
Your dreams are dead.

Small minds ask: Is ETH going to $1,300?

But those who see the bigger picture understand the change/cycle and adapt to it.

""Follow the white Rabbit!""",2058254162312253818,37133,False
TheSultaan001,2026-05-23 16:47:22,"Web3  Jobs  is satisfying  if you know your way around  it, nothing  complicated  just Remote  Crypto Jobs like: 

Community Roles;

-Moderator role
-Manager role
-Shiller  role
-Raider role
-Hypeman/Chatter role.

Space Roles; 

-Marketing roles
-Kol( Key Opinion Leader) roles
-Ambassadorship roles
-Intern roles
-Content Creators
-Space Monetization
-Space shillers

This are basic niches that sometimes doesn’t need so much Technical knowledge to handle them but; 

NOTE: Marketing roles entails you having knowledge about 

-Blockchain/ Blockchain Analysis
-Tokenomics (Memecoins /Utility)
-Marketing strategy 
-Public Profile(Crypto Influence)
-A proper branding.

To  Win you  have  to start  from  the basics, understand  the basics  properly  and evolve as  you  keep  your  branded  profile growing on the Space.",2058228303916658775,12398,False
BullyDCrypto,2026-05-23 17:38:50,"$ETH 

Our area of interest hit as per the last update. Price action was quite exhausted with BTC at the range highs, testing multiple times but lacking continuation, which meant ETH (the weaker asset) was bound to retrace the whole move. 

Anyways, now need some sort of price action conformation like a BOS to justify holding this trade, up 2%+ so far.",2058241255860285585,59687,False
CryptoThro,2026-05-23 17:53:24,"What’s the next #1000000x?

🐶 🐱 🐭 🐹 🐰 🦊 🐻 🐼 🐻‍❄️ 🐨
🐯 🦁 🐮 🐷 🐸 🐵 🦍 🦧 🐔 🐧
🐦 🦅 🦉 🦆 🦢 🦩 🐍  🐢 🐊🦈
🐬 🐳  🦐 🦞 🦀 🐙 🪼🐝 🐞 🦋 
🐛 🐜 🕷 🦂🦄  🦕 🦓 🦒 🦘 🐎",2058244923241963634,210985,False
2147mill,2026-05-23 18:22:09,@onlinebread_ BTC is its own thing. Everything else is largely junk imo,2058252159414620342,33210,False
pablobtc46883,2026-05-23 17:56:22,"@PraxMedia Right now?

$BTC for conviction.
$ETH for ecosystem exposure.
Then smaller early-stage bets like $PARK from @_Earnpark since it’s still in presale and positioned around utility-driven DeFi rather than pure hype rotation.",2058245667638673817,4076,False
Dalecrypto_,2026-05-23 18:23:02,"$BTC BITCOIN Huge dump incoming get ready !!! ❌❌❌ $73k

Alts will be ruined.

BITCOIN
$BTC
$ETH
$NPC
$SOL
$XRP
$ZEC
$ZEN
$DIONE
$XRP
$TRUMP
$DOGE
$PEPE
$FET
$QUBIC
$BRETT
$FET
#JELLYJELLY",2058252379842068538,500,False
kilorippy,2026-05-23 16:34:15,"this stigma around being 16 and having to make it by 18 is so bs

making fast money goes as fast as it came in 

speaking from experience before coming into crypto, I made $50,000-$100,000 trading options and blew most of my portfolio away within months 

patience is your best ASSET as a trader and remembering to value your money 

if you make a good amount of money, set it aside and actually enjoy life rather then full porting into what you might think is the next big “runner” 

once you master the skills of risk management and emotional trading you’ve already in my opinion surpassed 90% of traders",2058225002994921550,52263,False
AUaussieF,2026-05-23 18:22:05,"@bnb_girl1 Nice chart, mate. I'm leaning ETH for the steady climb, but could be SOL for a surprise pop. What timeframe are you thinking?",2058252141006123270,1201,False
Holo_Thunder,2026-05-23 18:40:41,"@sue_xbt @JoeParys Use Claude or ChatGPT and ask it the following “which digital asset has the most promise based on the last three years of development and news”.  

Answer:  #1 is Bitcoin but #2 is $XRP ($SOL is 3 and $ETH is 5). 

Facts! Check for yourself.",2058256823472582963,2126,False
Sean76Co,2026-05-23 18:26:48,"@Cryptotea People need to stop complaining about prices of things and learn the simple reason it’s happening, money printing. Now we have a better alternative, Bitcoin. Opt out of the 💵",2058253328828776596,757,False
Vivek4real_,2026-05-23 07:55:45,"MICHAEL SAYLOR IS BUYING, COUNTRIES ARE BUYING, BLACKROCK IS BUYING, AND BANKS ARE BUYING

THEN WHY DOES BITCOIN PRICE KEEP FALLING?? 👀 https://t.co/sPF6qKJHoL",2058094518050984344,257155,False
SharminNahar401,2026-05-23 15:07:41,"Millionaires are made every decade:

2000s - Internet
2010s - Crypto
2020s - AI
2030s - Qua... look below",2058203217725722844,12615,False
cryptorover,2026-05-21 18:03:00,"$BTC is Digital Gold. 
$ETH is Digital Oil. 
$SOL is Digital Casino. 
$ZEC is Digital Cash. 
$HYPE is ....",2057522561605664782,1591436,False
HorseCrypto369,2026-05-23 18:08:37,"Momentum is starting to build around $HORSE 🐎🔥

Community growing.
Eyes watching.
Positioning happening early.
The ones who move first usually benefit the most.
$HORSE is more than noise  it’s movement. 🚀

$HORSE #HORSE #$HORSE #PulseChain #Crypto #Memecoin #HORSEArmy #HorseSeason",2058248751542645157,495,False
GodsBurnt,2026-05-23 14:07:14,"YOU WILL NOT BELIEVE THE CALL I JUST GOT OFF. 

People have NO IDEA what’s about to happen.

You can literally feel the shift in the crypto market right now.

The next 6 months will literally be LIFE CHANGING.

Congrats if you made it this far. 

It’s all about to pay off for you if you have the right information.",2058188005077123260,129252,False
cryptogems555,2026-05-23 17:29:17,"SOMETHING HUGE IS COMING

ARE YOU READY??

🔥🔥🔥🔥",2058238855241707549,447452,False
AlphACrypto1111,2026-05-23 18:16:34,"$BTC / $USD - Update 

My plan on Bitcoin if we can now hold those lows. I am https://t.co/W3oUeDwb4m",2058250751575568801,210,False
CFTradercom,2026-05-23 16:01:58,"CHALLENGE: You get a FREE $100k funded account, but these are the rules:

• 3% max drawdown
• You can only hold trades for 5 minutes max
• No leverage above 1:10
• Only 1 trade per day

Would you still take it?",2058216877269155883,63117,False
parasitoahorro,2026-05-23 17:48:11,"Si puedes ahorrar 500€, serás millonario.

Solo tienes que hacer esto mes a mes:

- 400€ a fondos indexados
- 100€ a Bitcoin

Solo necesitas 500€ al mes y disciplina.

y Serás el primer millonario de tu familia.

Mucho antes de lo que crees.

Empieza HOY 👇",2058243609430839609,41970,False
coinbureau,2026-05-23 17:15:00,"🚨CRYPTO LIQUIDATIONS NEAR $1 BILLION

Bitcoin’s dip below $75K triggered $917M in crypto liquidations over the past 24 hours, per CoinGlass.

Longs took the biggest hit, with $826M wiped out as $BTC and $ETH led the flush. https://t.co/VkdiFyN3si",2058235258106007869,1105885,False
barkmeta,2026-05-23 18:13:15,"I’ve never seen a Crypto market where prices are this high while sentiment feels this dead.

People are distracted, bearish, and emotionally checked out.

This feels like the beginning of a historic run… it could be at any moment.

The signs are obvious.

Accumulate accordingly.",2058249915931758715,291370,False
_ctm_crypto,2026-05-23 17:04:07,"$BTC

This is the pullback I’ve been talking about all along.

Price has now swept the low at $74.9k and is currently retesting the highs of the previous range.

This is the key area buyers need to defend if they want to keep the current relief rally intact and push price higher once again.

If this level holds, I believe there’s a decent chance we see a bounce back toward the $79k-$80k region.

This is where the next key resistance area sits and where the formation of a lower high would make the most sense structurally.

Should we lose this level on the other hand, it would mean re-entering the previous range.

In that scenario, price would likely enter a much more choppy environment driven primarily by liquidity hunts on both sides.

The broader focus would then shift back toward the unswept lows sitting at the bottom of the range. These remain the main target from a liquidity perspective and I still expect them to eventually get taken out.",2058232520240726223,4815,False
Steph_iscrypto,2026-05-23 14:00:02,"MASSIVE: 🇺🇸$4,000,000,000,000+ JPMorgan IDENTIFIED Ripple as cross-border payment infrastructure, with $XRP positioned as the settlement layer. https://t.co/F1tGYNU6yh",2058186192194032018,84368,False
sunyunran,2026-05-23 12:25:03,女子晒连续8天上班穿搭，每天不重样一套比一套美！网友：人家是件件不重样，我是一件穿半月 https://t.co/wykbXC6xy6,2058162292127408320,32444,False
bitcoinmalaya,2026-05-23 13:13:26,"USA: “We will ban top-tier gaming GPU export to China and cripple them”

China: “Okay. We will build our own”

Result today?

China launches its first fully self-developed gaming GPU https://t.co/24VLqrFyJQ",2058174464668672104,24365,False
cryptogems555,2026-05-23 13:05:17,"Generational dip on $DEGEN here. Hit 2.8m then the main x got banned and started a huge panic selloff.

5 CEX listings (Mexc, gate) 
6000 holders
Kraken engagement
Murad + Alon top holders 
World Cup coordinated streaking viral event infront of 5B+ people 

The Tesla employee acc that is followed by Elon who interacts with it daily shilled $DEGEN just a few hours ago: https://t.co/VM7UnCvFXR

Years ago Satoshi spoke of a $DEGEN layer 

FmjijgwEHpe32VPvHy1s7u7TLthh9yu1j75djVbWpump",2058172414521917525,447452,False
binance,2026-05-23 15:02:18,"🍕 Different cities. Same crypto energy.

Europe celebrated #BinancePizza Day with communities coming together for fresh conversations, new connections, and lots of pizza.

Relive the moments 👇 https://t.co/N8ln2Ruy8P",2058201861958595002,16025313,False
Solpok21,2026-05-23 18:07:22,@MEXC Любые электронные счета в банках — это лишь временное разрешение воспользоваться чужими деньгами под честное слово. Только Биткоин в твоем холодном кошельке является твоей безоговорочной частной собственностью. #Property #Liberty #Bitcoin https://t.co/PvGKZXL8bv,2058248435334045929,706,False
dangambardello,2026-05-23 17:15:23,"Ethereum losing top builders

Cardano governance drama ugly

Sui crashing, erasing all recent gains

Trump Truth Social cancelling BTC ETF

Clarity Act odds of passing, falling

SEC delayed tokenized stocks plan

Massive ETF outflows

Fear is back like never before

Crypto Is Completely Broken (But The Game Is Not Over) https://t.co/qCyMzLvdBB",2058235355438985339,316447,False
Kalshi_Crypto,2026-05-23 11:40:43,"BREAKING: Tom Lee's Ethereum portfolio is now down $7,800,000,000 https://t.co/ysTgykL49Y",2058151134301147370,33010,False
cchungccc,2026-05-23 18:31:27,"Happy Bitcoin Pizza Day 🍕

TCG is one of my highest-conviction sectors, and @renaissxyz keeps reinforcing the thesis by bringing graded cards on-chain as tradeable RWAs on @BNBCHAIN

Some recent highlights:
- Graduated from @YZiLabs EASY Residency S3
- Platform trading volume scaled from $10M to $13M+ in two weeks
- Product updates include Wallet Layer improvements, redesigned SBT pages, multi-language support, and 1x/5x/10x pack openings in a single click
- One Piece Infinite Gacha launching soon, first major IP expansion beyond the Pokémon
- Really respect CEO @Plus_Ultra_715 for personally hosting offline community meets across Hong Kong, Korea, Taiwan, Malaysia, and Thailand to grow the community
- Alpha: If you complete 100 pulls on the $48 Omega Infinite Gacha before 6/1, you’ll be eligible to claim a YZiLabs SBT with a chance to win a Van Gogh Pikachu!",2058254497894588916,6104,False
CoinDesk,2026-05-23 10:20:00,"LATEST: Trump Media transfers another 2,650 $BTC worth $205M to @cryptocom, bringing its estimated unrealized loss on its Bitcoin holdings to $455M after buying 11,542 $BTC at an average of $118,522 per coin.",2058130821945413957,3643302,False
_Qubic_,2026-05-23 15:03:49,"Most people in crypto hear ""51% attack"" and assume every chain has the same threshold.

Qubic does not.

Finality on Qubic requires 451 of 676 Computors. That is 66.7%. Not 51%.

To push a malicious state change through, an attacker needs 451 nodes. Simultaneously. All independently signing.

If 226 Computors behave maliciously or go offline, the network halts.

It does not process bad transactions.

It stops.

That is a safety mechanism, not a vulnerability.

Three more things working in the background:

• No single entity may control more than 225 Computor slots. It is written into the protocol.

• Network guardians monitor Computor behavior in real time, independent nodes embedded inside the core network itself. Divergence is visible immediately.

• Every Computor must align with full network consensus to keep operating.

The core tech team estimates 10 distinct operators currently run the 676 slots.

That number sounds low until you consider: these are technically deep operators running infrastructure that must be online continuously.

No single entity controls the network and that is the signal that matters.

The numbers are stronger than most chains.

Monitoring is real time.

And the system doesn't need anyone to behave.

It assumes they won't.",2058202244898595101,101364,False
matthewbennett,2026-05-23 17:00:17,"What if your token actually paid you back, literally?

Astra Bitcoin holders benefit from a built-in flywheel:

Daily LTC + DOGE mining revenue → market buybacks of $ABTC → permanent burns.

This creates ongoing deflationary pressure on the 2.25M max supply while rewarding long-term holders.

Combined with Ethereum speed and plans for AI/energy revenue diversification.

Presale update: 821,000+ sold and 1.428M tokens left at $3 entry.

Real revenue. Real burns. Real ownership in the ecosystem.

Learn more & participate: https://t.co/r5YNJIJ5Km

#ABTC #PassiveRevenue #Deflationary #CryptoUtility",2058231555248828510,91448,False
zenpromoter,2026-05-23 18:29:34,"""BITCOIN""

Let's see how many likes I get ❤️",2058254022138843161,790653,False
ChentoTrades,2026-05-23 16:35:55,"Can’t believe I need to post this again, but shows how people read and understand this market. Maybe before risking money and being in this market, understand basic market mechanics and workings, will save you a lot of money down the road, before blindly pressing buttons…

And yes:
✅I trade live
✅I live withdrew
✅I show losses
✅I do all for FREE

So once and for all, the reason why the SHORT LIQUIDATION, is BELOW the SHORT entry, and I type it in caps for the people tbat still might have some form of reading disorder or interpretation issue’s, see below. Also from now on, I’m done explaining it and will focus back on making money, and helping everyone for free.

And trust me, what we building in terms of tools and platforms, have never been seen in this industry… 

Why for free? I make my money trading $btc",2058225422702375182,88612,False
Learnernoearner,2026-05-23 15:52:28,"$BTC weekly 

Looking at the weekly chart we can see that we have been in a range between 85k and 59k

My plan for the next coming weeks would be scalp long at the midrange (68k) then later swing long at the low sweep between 59k - 54k 

Short possibilities around 85k area with invalidation if we break and hold above 88k 

Long trigger: weekly close above 88k",2058214487870644307,125474,False
MaxCrypto,2026-05-20 18:34:12,"$BTC is Digital Gold.

$ETH is Digital Oil.

$SOL is Digital Casino.

$ZEC is Digital Cash.

$HYPE is _____",2057168026458550762,140850,False
CashuBTC,2026-05-23 17:58:10,Zappi Wallet – a new Cashu Bitcoin wallet from South Korea 🇰🇷🥜,2058246120350929390,13882,False
DrProfitCrypto,2026-05-23 10:41:30,"At 120k I said 60k is coming

At 60k I said a trap to 79-85k coming

By hitting 82k region I said it’s the local top

I announced my bearish views and shorts

Once again DrProfit was right again big  …",2058136232001958385,484234,False
LLuciano_BTC,2026-05-23 17:02:00,"Every time I open my feed, it is just wall-to-wall hype about the latest AI software update. But it makes me laugh how almost nobody is talking about the massive elephant in the room: AI is completely starving for physical hardware, data, and power grids, actually, to run.

Silicon Valley’s current answer is to throw hundreds of billions of dollars at building more massive, corporate data centers. It is the same old legacy monopoly playbook we have seen for decades.

But there is a quiet, parallel economy scaling up in Web3 right now called DePIN (Decentralized Physical Infrastructure Networks). It is essentially the crowdsourcing of the global physical economy. Instead of a tech giant owning the servers, everyday people connect their idle hardware to a public blockchain network and get paid to run the internet’s physical backend.

If you want to understand how this is playing out in the real world, you have to look at the projects actually moving real data and power right now:

⬤ Look at Bittensor. It is coordinating decentralized machine learning across hundreds of specialized subnets, paying out incentives directly to the people producing the best computational intelligence.

⬤ Look at Akash Network and Render. Instead of startups draining their funding on massive Amazon AWS bills, these networks let developers rent idle, enterprise-grade GPUs from an open marketplace for a fraction of the cost to train AI models. 

⬤ Look at Grass. It allows regular users to monetize their completely unused internet bandwidth to help scrape public web data, turning unstructured information into the exact datasets needed to train modern AI.

⬤ Look at Helium and Hivemapper. They are proving you can crowdsource physical maps and wireless coverage faster than a legacy corporation by rewarding people with tokens for putting dashcams in their cars or running coverage hotspots at home.

The total DePIN sector market cap has comfortably cleared $10 billion, and it is shifting rapidly from a speculative narrative into a cash-flow story driven by actual enterprise demand. Think of it this way: AI is the software storefront, but decentralized infrastructure is the actual supply chain feeding it.

Big Tech spent the last twenty years building the cloud. Web3 is using the crowd to build something entirely sovereign.",2058231986842743033,1980668,False
cryptofergani,2026-05-23 18:22:35,"Many new crypto millionaires will be minted and created in the next 6-12 months.  

My mission and goal is to help as many of you I can touch 7-8+ figures.  

Let’s get it.",2058252265564082337,275740,False
cryptorover,2026-05-23 17:03:00,"How many millionaires will be created by SpaceX, OpenAI and Anthropic?",2058232238236471425,1591437,False
eliz883,2026-05-23 18:23:07,"CT was already expecting 10k 

$BTC 

guys it’s weekend https://t.co/kPIsVN3INs",2058252402831065406,607178,False
TedPillows,2026-05-23 16:15:37,"BitMine is close to making a new low.

And this isn't a good thing for $ETH, as BitMine is currently the biggest Ethereum buyer.

It seems like the ETH downtrend is far from over. https://t.co/ICAYVa92np",2058220313641455912,299112,False
kirnHsingh,2026-05-23 18:11:55,"@MatthewRyanCase @HHorsley #Bitcoin is trust 
#Bitcoin is energy 
#Bitcoin is digital money",2058249580245028882,1259,False
Jebus,2026-05-23 17:56:31,"10/10 was a consciousness altering event

Passively having money in crypto went from reasonable to unreasonable in 1 day",2058245708294287570,110839,False
BitcoinMagazine,2026-05-23 15:21:26,"JUST IN: There's now a 75% Bitcoin will drop to $70,000 before going up to $90,000, according to Polymarket 👀

HODL! ✊ https://t.co/1jro4qRfPN",2058206679271973286,4086872,False
TedPillows,2026-05-23 17:08:00,"The moment of truth for $ETH and $SOL is close.

A strong bounce back from this trendline, and a good rally will happen.

Lose this trendline, and new lows will happen quickly. https://t.co/WnUWMntRa8",2058233496389222786,299112,False
UEEx_official,2026-05-22 05:41:02,"Today is Pizza Day!

From the first Bitcoin pizza purchase to today’s global crypto community, every slice reminds us how far crypto has come.

🍕🍕🍕🍕🍕🍕🍕🍕🍕

What’s your favorite pizza topping? 👀

#UEEx #BitcoinPizzaDay #PizzaDay #BTC #Crypto",2057698229098340427,65571,False
lookonchain,2026-05-23 10:38:56,"As the market drops, another #EthereumOG who made $34.2M(376x return) is buying the dip on $ETH!

10 years ago, this OG received 12,001 $ETH from ShapeShift at just $7.58 each.

Over a year ago, he sold them for 34.3M $USDC at $2,856, making $34.2M in profit - a 376x return.

Today, after $ETH fell, he started buying again.

So far, he has bought 3,942 $ETH($8.08M) at $2,049, and he may continue buying.

https://t.co/ksvqFExYwY",2058135584137523670,695825,False
TedPillows,2026-05-23 13:20:38,"Bitcoin ""Electrical Cost"" is currently around $46,000.

Historically, $BTC has bottomed 10%-20% within this cost.

Based on this, the bottom could be around $52,000-$53,000. https://t.co/jVlZvGPjug",2058176278876840272,299112,False
TedPillows,2026-05-23 09:50:00,"$BTC dropped below the $75,000 level.

If Bitcoin doesn't reclaim this soon, it'll quickly drop towards the $72,000 level.

A reclaim of the $75,000 level could push BTC towards the $77,000-$78,000 zone. https://t.co/8D3D13IUPS",2058123269623238797,299112,False
AshCrypto,2026-05-23 10:41:49,"Tom Lee's BitMine bought $120,000,000 in $ETH today.

Meanwhile, Ethereum: https://t.co/5aOFGA2jpX",2058136309449855159,2183186,False
binance,2026-05-23 18:00:55,"🍕 Africa brought the energy to #BinancePizza Day 

Across the region, communities gathered to celebrate crypto, connect with each other, and make new memories together.

See the highlights 👇 https://t.co/oLWTdoVHcI",2058246814994768058,16025312,False
NoLimitGains,2026-05-23 08:07:11,🚨 CRASH: CRYPTO https://t.co/JW5qZjnhB3,2058097395506839810,1501222,False
Cardano_CF,2026-05-23 17:44:16,"Christian Rau, SVP at @Mastercard, joined Let's Talk Cardano to discuss how they are integrating blockchain and stablecoins into global payments. 💳

The conversation covers settlement innovation, crypto cards, agentic commerce, and more.

Watch it now: https://t.co/fx9lgameO8 https://t.co/yXHzfQ9FEu",2058242622607798567,832613,False
shahh,2026-05-23 15:00:11,"Sold all of my Crypto.

Bought a farm in the middle of nowhere.

Woke up at 5am, fed the chickens, and didn’t check a single chart.

First time I’ve felt calm in years.

You guys keep chasing nonsense.

I’m chasing peace.",2058201329273823536,403619,False
Leooweb3,2026-05-23 18:02:03,https://t.co/Md4oVk9Ivn,2058247100790395088,142116,False
SherifDefi,2026-05-23 16:37:29,"The end goal of crypto was always to make the chain invisible.

Sending ETH to the Ethereum Foundation from a NEAR wallet, privately, in one click? 

That's the invisible chain finally arriving.

The wallet wars just got way more interesting.",2058225818329866473,72230,False
Cryptotea,2026-05-23 18:24:00,Choose wisely https://t.co/SWSKcySVK3,2058252623833407698,192678,False
WatcherGuru,2026-05-23 07:56:43,"JUST IN: $400,000,000 worth of longs liquidated from the crypto market in the past 10 minutes.",2058094762943562194,4115250,False
zenkaixbt,2026-05-23 14:21:32,"What memecoin will do this next?

Shill me! https://t.co/jh0Yhfdf4w",2058191606012944557,10899,False
stats_feed,2026-05-23 13:39:13,3 years ago bitcoin was $25k,2058180955404181786,5091754,False
CryptoFellaTx,2026-05-23 18:13:07,@iruletrenches @RachelWolchin $boob next,2058249882884780411,42915,False
sunyunran,2026-05-23 14:38:30,"中国历史上最厉害的12个阳谋
 
1. 推恩令（汉武帝）
表面是给诸侯子弟分封土地，实际让大诸侯越分越小，最后无力对抗中央。
2. 围魏救赵（孙膑）
不直接去救被围的赵国，而是攻打魏国老家，逼魏军回防，半路伏击取胜。
3. 挟天子以令诸侯（曹操）
把皇帝接到自己地盘，借皇帝名义发号施令，名正言顺，别人不敢不听。
4. 远交近攻（范雎）
和远处的国家结盟，先打身边的国家，一步步吞并，最后统一六国。
5. 二桃杀三士（晏婴）
用两个桃子让三位大将争功，互相不服，最后都自杀，不费一兵一卒除隐患。
6. 杯酒释兵权（赵匡胤）
请大将喝酒，用好处换兵权，和平收回权力，避免战乱。
7. 盐铁专营（桑弘羊）
把盐和铁收归国家经营，切断豪强财路，让国家变富、中央变强。
8. 买鹿制楚（管仲）
高价买楚国的鹿，让楚人都去捕鹿不种地，等楚国缺粮，再逼其屈服。
9. 清君侧（朱棣）
打着“清除皇帝身边奸臣”的旗号起兵，名正言顺夺皇位。
10. 商鞅变法（商鞅）
按军功封官，人人都想打仗立功，秦国变成强国。
11. 七擒孟获（诸葛亮）
抓住孟获又放掉，反复七次，让对方真心归顺，南方从此安定。
12. 金刀计（王猛）
伪造书信让对方父子互相猜忌，忠臣自毁，不战而胜。
 
核心逻辑：
不靠阴谋诡计，而是利用人性、制定规则，让对方明知是坑也不得不跳。",2058195873759457286,32444,False
lordkingrar,2026-05-23 18:30:50,"That  crypto airdrop dude is on record saying he wants the dollar to hit sh 180 so that he can convert his $400 to shillings and become a millionaire 
The IQ of crypto dudes is at Antarctica freezing point 
Economics should be a compulsory unit",2058254343229362470,1537,False
ianheinischmma,2026-05-23 18:18:48,"Honestly crypto has never been at such a low of being boring.

No real narratives.
No sub communities really pushing memes.
No excitement.

Who’s still locked in ready for the next big runner!? 👀",2058251312798601623,80034,False
DfinityToday,2026-05-22 23:11:00,"$BTC is Digital Gold. 
$ETH is Digital Oil. 
$SOL is Digital Casino.  
$ICP is ....",2057962460049482030,27371,False
DMinimilian,2026-05-20 22:19:02,"Is this the first sign of a stock BLOW OF TOP and an huge rotation into crypto assets?

Stocks are at ATH and Crypto is at bottom.

$BTC $LTC $ETH",2057224608881783034,3280,False
CryptoCedric_,2026-05-23 18:03:43,"Bitcoin cae ❗️📉⬇️ algo que  sorprende a muchos debido a la subida 80K 
Avisé como siempre con antelación de este movimiento .
Cada vídeo que subo a Coinbureau en español es para informarte de la última actualidad del mercado y el próximo , movimiento de #BTC 

NO HAY NIGUN VÍDEO DODNE ME HAYA EQUIVOCADO CON LA DIRECCIÓN DEL MERCADO 😉✅

Tu decides que hacer #cryptolatam #bitcoin",2058247516878237770,1763,False
cryptojack,2026-05-23 18:00:56,"Bullish divergence on $ETH is playing out 

But don’t forget about the CME gaps. https://t.co/0ZR19PQm0u",2058246818127839341,492730,False
ryandcrypto,2026-05-23 18:00:00,"bitcoin: down ~14% this year
hype: up ~120% this year

how is that even possible

hyperliquid https://t.co/0jBaRkUWjm",2058246582747947013,202463,False
uptownsaul,2026-05-23 17:50:23,The XRP takeover will be broadly analyzed by current crypto participants as “the failure of crypto”,2058244165188698438,13667,False
CelalKucuker,2026-05-23 18:21:11,"Ethereum is coiled like a spring fully tightened, ready to snap.

$ETH Open above red support and short-term momentum could explode upward. https://t.co/QKJDzUrBW9",2058251912542085304,73992,False
jgonzalezferrer,2026-05-23 18:12:53,"Permanently banning X monetization without previous notice is a bit too much 

I think would be more fair to have strikes like YouTube and also openly explain what you did wrong

Nobody reads Terms and Conditions and when you join the X monetization there's no rules section

We need second chances IMHO",2058249825775137151,64907,False
itsFoxCrypto,2026-05-23 17:27:00,Which #crypto project will hit an ATH sooner?? 📈🤔,2058238277446926575,180306,False
sunilgurjar01,2026-05-23 16:42:12,"Millionaires are made every decade:

2000s - Internet
2010s - Crypto
2020s - AI",2058227006228308368,272991,False
CryptoPNZ,2026-05-23 13:10:30,"24 saatte 1.5 milyar $ long temizlendi.

Bitcoin 250 bin dolara gidecek.
Altcoinler min. 20x yapacak.

Defalarca tasfiye olacak, defalarca panik dalgası gelecek. Hiçbiri hedefi değiştirmeyecek.

İster inan ister inanma.

Bu tweeti yer işaretine ekle, sırası gelince hatırlarsın.",2058173728349966418,96223,False
Steph_iscrypto,2026-05-23 18:00:01,"MASSIVE: 🇺🇸David Sacks says once the CLARITY Act is signed into law, BANKS are going to get “fully into crypto.” 

America’s $30,000,000,000,000+ banking system is now waiting to ENTER. https://t.co/Oz6XS7OCqI",2058246586803929524,84368,False
cryptorover,2026-05-23 14:03:00,"Next cycle will create new millionaires. 

The question is: will you watch it happen or be part of it?",2058186939497615547,1591429,False
HodlDad21,2026-05-23 18:40:19,"@LeodMac63628 Bitcoin ist nicht als purer Wertspeicher gedacht, sondern als Zahlungsnetzwerk ohne Drittpartei.

Bei Krypto zu streuen ist das selbe, als würde ich bei 10 Slot-Automaten je €100 reinstecken.",2058256728819446184,3776,False
theo_crypto99,2026-05-23 17:04:22,"Holy shit, we couldn’t even engulf the 8h candle.  

Current weakness honestly needs to be studied.

$BTC https://t.co/cBOxb5LVI3",2058232584656597037,107727,False
blknoiz06,2026-05-23 14:41:28,"incredible shift happening

believe we are at stone bottom for crypto sentiment, AI has been primary driver of returns for risk across all asset classes

& core fundamentals of crypto-graphy are uniquely complementary to AI: private money, private programmability, provenance of human-generated content",2058196622463340575,875650,False
TheBTCTherapist,2026-05-23 13:23:27,"Michael Saylor’s Strategy is now down $700 million on their $64 billion BTC treasury. 

Tom Lee’s BitMine is now down $7 billion on their $12.2 billion ETH treasury. https://t.co/JU80LmL299",2058176987127038435,267418,False
FortisX_fi,2026-05-23 17:00:25,"Corporate treasuries don't accumulate 19,277 ETH in staking rewards by watching charts.

The companies moving in this direction aren't betting on price. They're treating staking yield as a recurring output from capital they were already holding. The operational question isn't whether to stake. It's whether the infrastructure behind it can handle what that actually requires: validator selection, risk exposure, withdrawal timing and full auditability. Yield without those answers is just exposure with extra steps.",2058231587733446734,15180,False
madiweb3,2026-05-23 17:49:40,"Podcast with Madi ( PART 87 ) 🎙️ 

Last part was almost one week ago, so I apologise 

Our guest - @0x_Samir 

————————————

> How did you get into crypto?

i got into crypto through telegram

somehow i joined a few airdrop channels back then, then started doing random airdrop bots/forms every day. later i got around a $10 airdrop just by creating a binance account, that was my first online income and after that i went fully into crypto

> What is your nickname associated with?

my real name is samir, so i just added “0x” with it

> Your main success on CT?

at the end of 2024 i was mostly shilling different tokens like walrus and jup, also joining different campaigns. then i joined the loudio campaign and finished in the top 500. after that i started my infofi journey and got really good engagement, but somehow my profile got suspended

few months later i got my account back and fully changed from posting random slop to actually building a brand. joining the solstice campaign helped me grow a lot and i’m really grateful for the journey now

> Tips for those who are just starting to develop their brand?

don’t focus only on farming or quick money. try to build a real brand and network on ct. be active daily, make genuine connections, post consistently and find a niche you actually enjoy. growth takes time, but consistency always pays off

————————————

One of the most cleanest podcast

Applause to Samir

Soon new part",2058243981566439537,4174,False
markchadwickx,2026-05-23 18:20:37,"Yeah, Crypto is tanking again because the CLARITY Act got delayed…

But that should tell us something.

The market already understands how important regulatory clarity really is. 

The CLARITY Act is bigger than headlines or short-term price action.

And despite the delays, the groundwork is already being built everywhere:

Stablecoin regulation advancing
Tokenization infrastructure expanding
Major banks and asset managers entering the space
The U.S. moving toward formal crypto market structure

Too many powerful forces are pushing in the same direction now.

Tokenization is coming.

At the same time, the macro backdrop keeps getting stronger.

- ISM PMI just pushed back into expansion territory for the first time since the last cycle.
- Altcoins vs BTC just flashed bullish momentum signals not seen since 2020.
- TOTAL2 confirmed a breakout with multiple weekly green candles and a major MACD crossover.
- The Russell 2000 is sitting at all-time highs as risk appetite explodes across traditional markets.

And now this chart:

Federal Reserve Treasury Bill holdings just hit an all-time high at $459.6B.

That liquidity is already showing up in equities and small caps.

Crypto has historically been the last major market to fully react.

But once it does, it tends to move the fastest.

The impatient get shaken out during consolidation.

The patient usually get rewarded.",2058251769701106107,24285,False
solo_nurse,2026-05-23 18:41:24,"If BTC fails, ALTS are guaranteed to go to zero,

If BTC runs forever, then ALTS have a chance of running as well. 

The best bet will always be BTC first.",2058257000765460819,615,False
rektfencer,2026-05-23 16:57:00,"TOM LEE’S BITMINE IS SITTING ON $7.8 BILLION IN UNREALIZED LOSSES ON $ETH.

His average entry is $3,500 now.

He keeps buying BILLIONS, but:

- ETH/BTC is at a new ATL
- ETH chart looks dead

WTF IS SUPPOSED TO SAVE HIM? https://t.co/svTOfC54JE",2058230727632953707,343077,False
River,2026-05-23 17:03:59,"You can literally get paid for ensuring bitcoin never goes to zero.

If you set up a target price order on River to buy bitcoin if it drops to a certain price, even $1, the cash for that order earns interest, paid in bitcoin.

We're building the world's biggest buy wall.",2058232484710543699,60037,False
CryptoPatel,2026-05-23 15:30:00,"Someone Finally Investigated The Investigator.  For years, @zachxbt exposed scams, rugs and hackers in crypto.

$500M+ in fraud uncovered.

Now a viral thread claims to expose HIM.
And the questions raised are uncomfortable.

Here is the full breakdown 🧵👇

1️⃣ Who Is ZachXBT?

A 2023 lawsuit (MachiBigBrother vs ZachXBT) allegedly exposed his real name in court filings.

The thread connects public records to build a profile:
🔹 Name allegedly: Zachary Wolk
🔹 Based in Kingsland, Texas
🔹 Former competitive swimmer
🔹 Vandegrift High School

Source: https://t.co/Q38rE2i2EZ

For years, nobody knew who he was.

2️⃣ The Core Accusation

The investigator behind the thread argues something simple but heavy:
🔹 Small players get exposed publicly.
🔹 Big players quietly donate money.

And after the money lands, the investigations slow down.
That is the pattern critics are now pointing to.

3️⃣ The $1.1M Defense Fund

After being sued in 2023, Zach launched a community defense fund.

Reported donors allegedly included:
🔹 Binance-linked wallets
🔹 TRON ecosystem figures
🔹 Jesse Powell (Kraken)
🔹 Sandeep Nailwal (Polygon)
🔹 Optimism
🔹 Bybit
🔹 Paradigm
🔹 Hyperliquid

Critics claim none of these names later showed up in major investigations.

4️⃣ The Hyperliquid Timeline (This Is The Big One)

Verified facts:
🔹 Dec 2024 to Jan 2026: Zach published multiple critical posts on Hyperliquid
🔹 Jan 18, 2026: Hyperliquid Foundation donated 10,000 HYPE to him
🔹 Officially worth ~$254K at the time
🔹 Critics value it closer to $600K

After that donation, critics say major Hyperliquid investigations went quiet.

5️⃣ The $ZACHXBT Token Incident

An anonymous dev launched a meme token called $ZACHXBT.

50% of supply was sent directly to Zach's wallet.
Market cap briefly hit ~$88M.

The thread claims he sold around 16,059 SOL (~$3.87M).

His defense: tokens were unsolicited and he sold to avoid association.

Critics asked: why not redirect to investigations or victims?

6️⃣ The Polymarket Leak Allegation

This one is serious.

The claim:
🔹 Zach teased an upcoming investigation
🔹 Polymarket opened markets on the outcome
🔹 Fresh wallets placed heavy bets before publication
🔹 Those wallets allegedly made $1.2M+ in profit

No proof Zach himself benefited.
But the timing raised eyebrows across the space.

7️⃣ The Passport Bounty Issue

In May 2026, Zach reportedly offered a bounty for identifying a criminal suspect.
Critics argue the wording requested passport or government ID details.

They say that may cross legal lines under US law.
Supporters argue the goal was simply catching criminals.

Optics matter in crypto.

8️⃣ The Bigger Question Nobody Wants To Ask

This story is no longer about one person.

It is about a deeper problem in crypto:
🔹 Can investigators stay independent after taking money from the people they investigate?
🔹 Should every donation be disclosed before each post?
🔹 Who investigates the investigators?

9️⃣ My Honest Take

ZachXBT has done real work for this industry.

Hundreds of millions in fraud exposed.
Hackers traced.
Victims helped.

That is on the record.
But ""above scrutiny"" is a dangerous place for anyone to sit.

Crypto built idols too fast.
Maybe this thread is a reminder that nobody should be untouchable.

🔟 Important Disclaimer

Everything above comes from a viral investigative thread on X.

No court has ruled against Zach.
No official body has confirmed wrongdoing.

These are allegations, interpretations and public on-chain data.
Verify everything yourself before forming an opinion.

Final Thought

If a single donation can shift the narrative of the most trusted investigator in crypto…
Imagine what bigger players can buy quietly across this industry.

Stay skeptical. Stay sharp. Stay onchain.",2058208836033388720,60251,False
burcbtc,2026-05-23 16:45:03,"#Bitcoin #Crypto #Markets 

Friends, I’ve been saying this repeatedly for the past month. When a real bull market begins, the first thing you see is not extreme euphoria, people screaming “we’re all getting rich,” or “bring the money counting machines.” On the contrary, the market gets flooded with fear, hopelessness, and uncertainty. People doubt every rally, and every pullback is presented as “the collapse is coming.” Because major moves are usually built quietly while most people still refuse to believe in them. 👁️

Professional money understands this psychology perfectly. While accumulating liquidity, it manages emotions, keeps the crowd away from the trend, and makes sure most people believe in the bull market only at the very end. That’s the biggest characteristic of real bull markets: people realize they were already inside one only after prices have moved much higher. This is why you must learn to read not only the charts, but also psychology, narrative control, news flow, and crowd behavior.",2058227721897910631,9329,False
Steph_iscrypto,2026-05-23 11:00:02,"💥RUMOR:   

Apple could announce a $1,500,000,000 $XRP purchase on Monday.

If true, this would be massive. https://t.co/0MoU48VV2I",2058140893782401424,84368,False
Nebraskangooner,2026-05-23 17:08:12,"Up 37% on $NEAR in less than a week.

Couldn't care less what #Bitcoin is doing when there's money to be made elsewhere. 🧠 https://t.co/gPIXaw3x2e",2058233546955735159,408305,False
coingecko,2026-05-23 15:25:03,gm - imma head back to sleep https://t.co/JhsbZROwmU,2058207588227920386,2421356,False
StarPlatinum_,2026-05-23 15:14:38,"Tom Lee is turning his company into a giant ETH vault.

A system built on equity issuance and a single condition:

Ethereum must not stop going up

And most people don’t understand how dangerous this model is🧵

(1/11) https://t.co/fAbdtUYzvP",2058204969161887979,99028,False
TheBTCTherapist,2026-05-23 17:47:19,"You can’t have face melting rallies in crypto without hopeless despair. Congratulations, you made it through the hopeless despair. 

Face melting rallies up next. bitcoin:native",2058243391029219629,267418,False
SteveUrkelDude,2026-05-23 16:53:52,"The most disappointing part of 2026 so far for me, has been the lack of participation from crypto in the market’s broader, record breaking rally to new all time highs.

The action has been constructive, now we need momentum - would love to see the sector make some noise in H2. https://t.co/4Qzvy7udmW",2058229938650857941,45259,False
Washigorira,2026-05-23 15:17:16,"#Bitcoin Retesting Market Structure.

- Acceptance above opens the door to further upside.
- Reintegration below makes a February low retest more likely. https://t.co/v2SLnRuldi",2058205630792634697,139732,False
TheLongInvest,2026-05-23 13:12:28,"I will soon do to $ETH what I did with $HIMS at $15.

And $OSCR at $12
$BABA at $70
$PLTR at $9
$AMD at $98
$SOFI at $7
$SHOP at $55
SILVER at $24
$NVO at $38
$UNH at $241
$ADUR at $3.85
$ASTS at $24

Unwavering conviction",2058174223554949417,261841,False
t_maratahelele,2026-05-23 18:10:16,@Polymarket Bitcoin creator laughing at the bitcow creator https://t.co/EPwlZCUiD7,2058249165071626667,2185,False
time_to_doit,2026-05-23 17:23:15,"$UTYA

This is what BELIEF and CONVICTION looks like.

This is what a BILLION DOLLAR MEMECOIN feels like.

$100k BUY in a single day on a memecoin in this uncertain harsh crypto market is SERIOUS. https://t.co/yIKWE8eOMK",2058237336337440844,352,False
bitcoinerliz,2026-05-23 17:59:02,"First sesh of the day with @real_vijay &amp; @thetrocro 

Exploring how Bitcoin really is for everyone 🧡
@BITCOINisforALL https://t.co/5vp3157eZr",2058246340451438910,970,False
NASRKH4N,2026-05-23 18:34:56,@AltcoinSensei Just Buy ethereum:0x40e3d1a4b2c47d9aa61261f5606136ef73e28042 Forget others,2058255375850242299,749,False
Charles1b9,2026-05-23 18:00:16,"MicroStrategy (Strategy)
Buys only Bitcoin — aggressively and at massive scale.

They raise debt/equity and stack ~843,000+ BTC as their primary treasury asset. Pure leveraged Bitcoin play. No diversification.

Aura Focuses on real coffee/wellness product revenue + active treasury.

Majority of raised capital (6+ figures) is allocated primarily into $ZBCN (Zebec ecosystem) for ~7% APY staking yield. Part of that yield (e.g. 2%) gets injected back into the ecosystem. 

They also mention interest in the $XRP ecosystem and Stellar assets. With future reserve-backed structure. $APX is the core ecosystem token powered by revenue buybacks + treasury growth.",2058246649529385104,413,False
TomLieCR,2026-05-23 18:07:38,"@RobynHD Einfache Regel: Solange der Shitcoin BTC den Kryptomarkt dominiert und mit seinen ständigen Crashs terrorisiert, Finger weg von Kryptos. Es gibt wesentlich bessere Anlagemöglichkeiten als diesen Müll.",2058248502338023643,1040,False
sminston_with,2026-05-23 18:30:48,"Another excellent analysis estimating a June Golden Cross for Bitcoin, this one by SuperBro.

We went over the stats and implications for this last week, looking forward to the remainder of the year and beyond.

https://t.co/DVXF7UYM8x",2058254334362796408,47191,False
RosarotePanzer,2026-05-23 16:52:35,"Wenn Bitcoin nicht zu DEM Weltgeld wird, durch das alle Güter und Dienstleistungen gedeckt sind, wie das mit Gold einmal der Fall war, dann kann ich mit Bitcoin als Zahlungsmittel in jeden Privacy-Coin swappen. 
Wenn (bzw. sobald) Bitcoin aber DAS Weltgeld wird, durch das alle Güter und Dienstleistungen gedeckt sind, ist die Pseudonymität von Bitcoin auf einmal der gigantischste Vorteil, den eine Kryptowährung je hervorgebracht hat. Denn was Geld WIRKLICH braucht, ist Fälschungssicherheit durch Staaten und Zentralbanken. Aber wenn jede Node jede Transaktion von Staaten und Zentralbanken verifiziert, sind wir sicher davor, dass sie Münzverschlechterung oder Teilreservesysteme betreiben. 
Dass Satoshi bei der Entwicklung von Bitcoin nicht Anonymität vs. Pseudonymität überdacht hat und sich völlig bewusst gegen die absolute Anonymität entschieden hat, weil er langfristig gedacht hat, ist für mich ehrlich gesagt fast sicher.",2058229617358512294,15227,False
CryptoPatel,2026-05-23 13:30:00,"🚨 MY HONEST TAKE ON KEVIN WARSH AS FED CHAIR - MUST READ If YOU HOLD CRYPTO or STOCKS 🚨

CryptoPatel family, I want to talk to you directly about what happened today. Not the noise. Not the hype. My real view.

#KevinWarsh was sworn in as the new Federal Reserve Chair. Everyone in our space is calling it the most bullish crypto news of the year.

Let me break down what I actually think 👇

🔰 WHAT I GENUINELY LIKE 💚
I have been in this market since 2012. I have watched every Fed Chair from Bernanke to Yellen to Powell. None of them understood crypto.

Warsh is different. And I will tell you why I believe that:

➤ He personally invested in Bitwise, Flashnet, dYdX, Polymarket, Polychain, Dapper Labs, and held $SOL and $OP tokens. He had to divest for ethics rules, but the point is clear. This man has studied our space with real money on the line.

➤ His own words on Bitcoin: ""It's a very good policeman for policy."" He called $BTC ""the new gold for people under 40."" A sitting Fed Chair publicly saying this. We have never had this before.

➤ He flat out rejected a US CBDC. Called it a bad policy choice. Promised to oppose any CBDC exploration to the full extent of his power. This protects your self custody. This protects stablecoins. This is real.

➤ He backs private sector stablecoins. That aligns perfectly with the CLARITY Act framework Congress is working on.

🔰 NOW THE PART NOBODY IS TELLING YOU

This is where I have to be your analyst, not your hype man.

🔴 Warsh is a known inflation hawk. Not a dove.

He favors a narrower Fed mandate. He believes in monetary discipline. Trump wants rate cuts. Warsh does not necessarily agree.

🔴 The macro right now is brutal:
🔹 Inflation rising from the Iran war energy shock
🔹 Labor market under pressure
🔹 Most economists do not expect near term rate cuts

🔴 Crypto friendly on regulation is NOT the same as dovish on rates.

These are two completely separate trades. The market is mixing them up right now. That is dangerous.

🔰 WHAT I AM PERSONALLY WATCHING
👉 June 16 to 17. His first FOMC meeting. This is the real moment.

I am watching three things:
1️⃣ The tone of his press conference
2️⃣ The dot plot for 2026 rate expectations
3️⃣ The balance sheet language for liquidity hints

I am also watching for early signals on stablecoin regulation and bank custody rules in the coming weeks. Those will be the regulatory wins, even if rates stay tight.

🔰 MY PERSONAL VERDICT
→ This is structurally positive for crypto. I genuinely believe that.
→ But structural positive is not the same as short term price pump.
→ If you are already positioned, hold your thesis. Do not panic, do not chase.
→ If you are sitting on the sidelines, wait for the June FOMC before sizing up. Let Warsh show his hand first.

The biggest winners under Warsh leadership in my view:
   ✓ Bitcoin as a macro signal asset
   ✓ Compliant stablecoin issuers
   ✓ Regulated DeFi infrastructure
   ✓ US crypto banks seeking Fed master accounts

The risk: Disappointment if June brings no rate cut and the market realizes regulation friendly does not equal money printer.

I will keep you updated as we approach June FOMC. We will track every signal together.

This is exactly why our community is different. We do not shill. We do not panic. We read the macro, we read the chart, we make our own decision.

Trust the process. Trust your thesis.

Not Financial Advice. ALWAYS DYOR.",2058178636470239698,60251,False
AndrewFalc54566,2026-05-23 17:08:21,"Once again, @coinbase has stopped me from sending MY Bitcoin to MY hardware wallet. All under the pretext that they are protecting me from being scammed. They have no solutions. I made a huge mistake opening an account with them.",2058233586235416803,1430,False
mominsaqib,2026-05-23 16:39:00,"Bitcoin doing its thing as expected.

Expecting $71K-$73K before we get a swing trade bottom.

Overall markets to be choppy in coming days, but still there would be strength plays to watch out for - will share if I come across any! https://t.co/NkTKiXpCuv",2058226197981438345,170261,False
onlinebread_,2026-05-23 17:06:10,"I have more money in crypto ( $BTC &amp; $ETH ) than I do in my stock market portfolio (ISA &amp; SIPP combined). I’m 24 right now, do you think this is an issue? 

For content, my average buys for Bitcoin is around $25k and Ethereum around $700",2058233034441109513,516,False
MichaelXBT,2026-05-23 17:58:26,@Kalshi_Crypto Imagine buying ETH in 2026 🥀,2058246189745618993,124331,False
TheBitcoinConf,2026-05-23 18:20:39,"SAIFEDEAN AMMOUS: ""Protip: If a #Bitcoin is worth $200,000 do not sell it and buy dollars because if BTC is at $200,000, the dollar is very close to its grave."" https://t.co/vjHjJdhbgO",2058251780836761791,322135,False
sat_pay,2026-05-23 15:00:16,"The future Bitcoin account is not a wallet.

It's a financial home base.",2058201350895534125,4495,False
alexanderchopan,2026-05-23 17:55:48,"Why do we need true AA

Look at

Ethereum accounts vs Bitcoin accounts",2058245528476074467,7439,False
ZynxBTC,2026-05-23 14:16:24,"Bitcoin is completely off the radar right now.

The speculators have gone and the mainstream has lost interest.

Nobody is talking about it anymore.

Yet still, Saylor has bought 4% of all the Bitcoin that will ever exist. Only the faithful are left.

However this ends, whether it collapses to nothing or hits seven figures, history books will cover it.

I'm placing a huge bet on a million dollar Bitcoin.",2058190313676542019,16517,False
mizzysworld,2026-05-23 17:46:21,"gotdamn some of you mfs are weird

pulled up to a Bitcoin pizza event yesterday

was instantly greeted by a 60-something year old, 4’10 midget talking about how hes gonna save us all from financial slavery 

then bro starts yappin about his divorce & how he went to SEA to hire prostitutes for 6 months

all i said was hi",2058243147185201308,5021,False
arkham,2026-05-23 08:46:30,"MACHI BIG BROTHER: HYPERLIQUIDATED [AGAIN]

Machi Big Brother has been liquidated for almost all of his perpetuals account balance, and is now down to his last $100K.

Machi Big Brother has lost $77.7 MILLION trading crypto perps in the past year. Is it over for him? https://t.co/Fk3njHnhe1",2058107291573146094,1528275,False
TheEliteCrypto,2026-05-23 17:36:39,"The $MEGA launch was sloppy af but what went wrong?

Hype was huge (real-time EVM, public sale, Ethena USDm flywheel). Reality post-TGE (late April):

•  $MEGA dumped >50% (ICO holders underwater).

•  TVL/revenue skewed hard, 80%+ from one Ethena partnership early.

•  USDm supply collapsed 50% from $480M peak to $240M range. Organic DAUs stayed low.

•  Ecosystem felt like points spam. 

World Markets launch summed it up, unique onchain orderbook DEX (spot/perps/lending, cross-margin, no ADL). 

But beta bugs, clunky UI, low liquidity, and the “Points Coming Soon” tab that later just showed Terminal points left farmers pissed after months of activity. 

The bullish part: On May 21 @megaeth sunset Terminal Season 1 early after reviewing data + brutal community feedback. Week 3 points dropped + supplemental USDM rewards pool for everyone who showed up.

They’re killing what’s not working, rewarding real participation anyway, and refocusing on quality over incentive spam.

My personal take: I’ll only mess with Euphoria for fun, maybe Brix for some yields (still checking risks), and Hit one casually. 

Don’t see a strong reason to bridge serious capital from other chains yet. 

I need a reason beyond just points to bridge and park capital.

I’m staying constructive and expect a much stronger second act.",2058240706721071493,59635,False
XTexchange,2026-05-22 05:32:52,"🚀 XT X Space: From Two Pizzas to Today, What Does Bitcoin Still Dare Us to Believe?
📍https://t.co/boKfnc7qne
🗓 May 22, 2026, 08:00 (UTC)

💰 $300 Giveaway: 
✅ Follow @XTexchange
✅ Like & RT with hashtags #XTBitcoinPizzaDay #DontMispriceTheFutures & Tag 2 friends
✅ Leave your questions & XT UID below!

🎙 Host: XT Exchange
🎙 Co-host: Theo @BitHermitage 
🌟 Special Guests: 
Arman Achmed, XT Marketing Head @FlowForth76
Akshay, XT Global Business Development Director @btcxsay

Set your alarm and stay tuned! Let's talk together!",2057696173784547576,342260,False
luca_investing,2026-05-23 10:08:47,@JeffryKreuz Aber schaue eher auf bitcoin:native bittensor:native ethereum:0x514910771af9ca656af840dff83e8264ecf986ca,2058127998713204938,141,False
WatcherGuru,2026-05-23 07:47:59,"JUST IN: Bitcoin falls under $75,000 https://t.co/FhvciVv259",2058092564968824857,4115246,False
Solpok21,2026-05-23 18:05:09,"@CryptoTony__ #Bitcoin combines economics, cryptography, and decentralization into one global system. $BTC created a completely new way to think about value and ownership. Innovation continues shaping the future. #Blockchain #Crypto #Web3 https://t.co/DQnjx4MoDI",2058247880360509563,706,False
murtuza_merc,2026-05-23 13:12:09,"PENGU dropped 10% while Bitcoin fell 3%. The pattern is clear- when the market turns, meme tokens with billions in valuation but no revenue model get slaughtered first. NFT tokens just lost $100B in 48 hours.

https://t.co/6inKvfbBDG",2058174144370376767,24710,False
JalisaAvari,2026-05-23 12:31:05,"Who wants SOME MONEY? Drop your Bybit Bitcoin QR code, drop your Opay , drop your PayPal QR code 👇🏽",2058163809420775426,75606,False
keenn_eth,2026-05-23 17:14:02,"My story is a touching one ❤️

In my 100 level, I had to sleep in the lecture halls because I had no place to stay. Fast forward to today, I just completed my house in my final year.

It was never easy, but God made it possible. If I can do it, you can do it so don’t give up on yourself 

Congratulations to me 🎉
God did
Web3 did",2058235017080312043,21183,False
PropyInc,2026-05-23 17:30:00,"Here’s how the Propy x @milocredit stack works:

- Qualify using your $BTC holdings
- Get approved for crypto-backed financing
- Close digitally with Propy’s blockchain tools

Simple. Seamless. Onchain.

https://t.co/w9Gdzr39p4",2058239033415737830,61036,False
DrRitikaS,2026-05-23 18:32:08,"While $BTC hasn’t been looking that great recently, $NEAR has been showing impressive strength lately, mainly because of the following reasons imo 🔽

➜ @CryptoHayes recently mentioned NEAR alongside $HYPE & $ZEC as one of his preferred plays - ""The Holy Trinity"".

➜ Privacy narratives are returning fast. NEAR is positioning itself as a major privacy execution layer with confidential swaps, intents, and private transaction infrastructure already gaining traction.

➜ Institutional interest is growing too. Bitwise’s NEAR staking ETP reportedly saw notable inflows, showing bigger players are accumulating exposure.

➜ NEAR #Intents has already processed billions in swap volume, creating actual protocol revenue and buyback potential for the ecosystem.

➜ The #AI narrative fits perfectly here. NEAR co-founder @ilblackdragon was one of the authors of the “Attention Is All You Need” paper, which became the foundation for modern AI models.

➜ More importantly, NEAR is actually building: AI privacy tools, confidential inference APIs, and real AI-focused infrastructure products.

➜ Upcoming upgrades like dynamic resharding and post-quantum security are also strengthening the long-term tech side of the chain.

➜ Rarely do you see people from different ecosystems agree on something, but even voices from both Ethereum and Solana communities have publicly called #NEAR underrated.

➜ Real-world adoption is slowly increasing too, including government-related pilots in Bermuda.

➜ Tokenomics have improved significantly: lower inflation, fully unlocked supply, and no major vesting pressure remaining.

➜ Technically, the chart also looks strong with a multi-year breakout & rising OI.

AI narrative + privacy narrative + strong fundamentals + improving tokenomics.

If $BTC dips in the coming days, I think $NEAR can be a good bet to accumulate. @NEARProtocol",2058254671828140237,16954,False
playboycrypt0,2026-05-23 17:16:35,"Everything Crypto ICYMI – Saturday’s Edition✍️

---

🇺🇸Macro & Policy

•Pro-crypto Kevin Warsh officially sworn in as Federal Reserve Chair, replacing Jerome Powell.

•SEC approves Nasdaq $BTC index options trading.

•SEC delays plan to allow 
blockchain-based tokenized stocks.

•Senate leaves Washington until June with reconciliation bill unfinished — CLARITY Act may be pushed to July.

•U.S. oil inventories saw a record 17.8M barrel drawdown; SPR at lowest since July 2024.

•U.S. banks currently sitting on ~$306B in unrealized losses.

•Stock vs 10Y Treasury correlation hits most negative level since 1999.

---

📊Market & On-Chain

• $BTC dropped below $75K → over $400M in long liquidations.

• $BTC has more than doubled in 5 years, while $ETH remained largely flat.

•Gold slipped below $4,500 (-0.94%).

• $ETH showed bearish breakdown leveraged longs being flushed (@cryptoquant_com)

---

🏦Institutions & Adoption

•Citigroup now processes billions in tokenized deposits (up from millions YoY).

•@jpmorgan’s Kinexys surpassed $1T in transactions.

•Tokenization seen as enhancement, not replacement of TradFi.

•@StateStreet & Galaxy launched tokenized cash management fund (SWEEP).

•@FalconXGlobal & @SygnumOfficial partnered to launched tokenized institutional credit product.

•Taurus secured EU MiFID II license for tokenized assets.

•BlackRock opposed OCC’s 20% cap on tokenized reserves.

---

🏢Real-World Assets (RWA) & Tokenization

•@PhoenixTrade building fully on-chain RWA perpetuals on @solana.

•@StarcoinGP RWA Launchpad (ERC-3643) entering pre-launch on base
→Dual-backed assets + automated compliance

•@Figure & @credibly360 partnered to tokenize SMB loans
→$24B+ already originated via Figure ecosystem

•@onrefinance raised $5M
→Tokenized reinsurance platform on solana
→$750B market exposure

•Africa Digital Assets Summit launched Kenya Token ( $SOL )
→Infrastructure + social impact funding

•Tokenized Treasuries hit ATH of $13.7B
→Led by @circle, @Securitize, @FTI_US 

---

📈Protocols, Fees & Growth

•@HyperliquidX ($HYPE) hits ATH → $15B market cap

•HyperliquidX leads 24H fees → $2.3M (ahead of @trondao $1.2M)

•21Shares @HyperliquidX ETF hits:
→$37.2M AUM
→$24.4M inflows (week 1)

•Coinbase: avg $USDC holdings hit record $19B (Q1 2026)

---

💸Tokenless Perps (30D Fees)

TradeXYZ dominates — more fees than next 2 combined
•@tradexyz — $5.76M
•@ostium — $2.38M
•@gmtrade_xyz — $2.29M
•@extendedapp — $1.99M
•@nadoHQ — $1.47M
•@Antartic_Ex — $1.39M
•@worldmarketsinc — $611K
•@DecibelTrade — $441K
•@Dreamcash — $312K
•@etherealdex — $163K

---

🔐Privacy Sector Rising

Narrative shift: privacy = necessity (hacks, wallet drainers, doxxing)
Top Projects by FDV:
•@Zcash — $8.78B
•@monero — $7.09B
•@CantonNetwork — $5.91B
•@MidnightNtwrk — $763M
•@zano_project — $164M
•@zerobasezk — $162M
•@ethstatus — $67.7M
3 Tiers:
→Retail privacy coins
→Institutional/compliance infra
→Programmable privacy L1s

---

🧠DeFi & AI Agents

•@Lighter_xyz announced → RFQ system for institutional RWA liquidity

•@variational_io → $50M raise + RWA perps

•@aave → @monad expansion proposal is live

•@injective → launches Policy Institute (DeFi, stablecoins, regulation)

---

⚙️Ecosystem Updates

•@THORChain proposes post-exploit recovery
→No new RUNE will be minted or sold

•@nadoHQ Season 2 updates:
→Volume-based rewards (300K–950K weekly pool)
→$100K trading competition
→Referrals V2 + RWA collateral incoming
→Season 1 points fully preserved

---

🔓Token Unlocks
• $SOON @soon_svm → $3.66M (May 24)
• $SOSO @SosoValueCrypto → $4.80M (May 24)
• $TON @ton_blockchain → $49M (May 24)
• $CC @CantonNetwork → $23.3M (Ongoing daily)

---

📈Daily Movers (24H)

•Top Gainers: $NIGHT, $CC, $WLFI, $DEXE

•Top Losers: $TON, $TAO, $SUI, $BCH, $HYPE

---

Found this useful; Like, Retweet & stick around for next weekend’s breakdown by order of the Peaky Blinders✍️",2058235657730834677,56617,False
Tekeee,2026-05-23 18:00:00,Everything looks cheap in Bitcoin https://t.co/LZ3RURxmF6,2058246583179731271,104063,False
ChadSteingraber,2026-05-23 15:14:27,Market moves up as a new deal with Iran seems to be taking shape. https://t.co/yGyEy5REP7,2058204919757218110,74741,False
MastrXYZ,2026-05-23 16:11:24,"This is a post that will probably cost me hundreds of followers. (Assuming hundreds see it)

One topic I have mostly tried to avoid here is faith and religion in crypto.

Everyone has the right to believe, doubt, pray, question, or reject all of it.

What I find strange is how often faith is used almost like a public badge in spaces that are supposed to be about technology, finance, decentralisation, markets, scams, risk and code.

It feels like every 2nd profile has God, Jesus, faith, blessings or some religious declaration in the bio. 

Maybe that is partly cultural. Many people in this space come from countries where religion is much more publicly visible, sometimes an absolute cult far removed from common sense, especially the US, Nigeria and other regions where faith is not just private, but part of identity, community and language.

I understand that intellectually.

But I still find it difficult to relate to.

I was raised Catholic. 

I went through the rituals, the ceremonies, the guilt structures, the symbolic performances, the things you are told to accept before you are old enough to properly question them. 

Thanks to my family, I had great experiences in Roman monasteries, but what impressed me, funnily enough, was primarily the architecture and the vibe.

As a child, I had Already doubts. Something about it always felt imposed rather than discovered.

And the older I got, the more I experienced the power of knowledge, education, critical thinking and actual life, the less I could connect with it.

I have visited churches and faith shaped places all over the world, because they are cultural heritage.

And because, I have always been fascinated by what can influence other grown adults so deeply that it shapes their identity, their morals, their fears and sometimes even their ability to think freely.

For me, reality became more meaningful than belief.
Questions became more honest than certainty

Human responsibility, facts and science became more important than divine branding.

That is why I find it strange when even in cyberspace, 2778 after Rome was born, even in Web3, even in a supposedly future facing environment, people still feel the need to constantly put their faith in everyone’s face.

Maybe it gives them meaning. Maybe it gives them structure. Maybe it gives them trust signals. Maybe it is just part of their culture.
Maybe you can answer that for me..

But for me, faith is strongest when it does not need to advertise itself.

And if your belief is real, it should not require everyone else to be reminded of it every 5 minutes or in your fucking web3 bio or in a reply.

Live and let live. Believe what you want. But let knowledge, actions and character speak louder than slogans in a bio.

And what I had to learn is that strongly presented faith is often the first indication that you should avoid those people and circles.

None of this means that I mock or judge religious people.

I just think it is also okay to keep something like that to yourself sometimes.",2058219254562849148,30587,False
DiscoverCrypto,2026-05-23 16:32:02,"📈12YR CRASH —&gt;BOOM CYCLE SUGGESTS MARKETS MAY BE ON CUSP OF NEXT MULTI YEAR ‘MANIA’ RUN INTO 2032

—&gt; AI expected to be deflationary 
—&gt; Massive economic growth coming
—&gt; Markets only going to get more chaotic

Stack, strap in, hold on

Chart: @randgroup https://t.co/tJdRR1PZ59",2058224444703920488,1042851,False
BitcoinNews,2026-05-23 16:15:00,"A new bill proposed this week aiming to establish a Strategic #Bitcoin Reserve. 

H.R.8957 mandates the transparent management of the Federal Government's $BTC holdings. 🇺🇸

The legislation also aims to offset costs by utilizing certain resources of the Federal Reserve System. https://t.co/RYW4IYsZA0",2058220158187970597,3277831,False
CryptoTice_,2026-05-23 16:30:00,"GOLD JUST PAUSED. BITCOIN IS AT THE HANDOFF POINT.

And this is where cycles change.

Gold absorbs fear. 
Stabilizes at the top. 
Liquidity searches for higher returns.

Then Bitcoin responds.
Every. Single. Cycle.

Gold completed the breakout. Now it's pausing.
That pause is the signal.

From protection to growth. From gold to Bitcoin.
This is the transition zone.

Where narratives change quietly before price does.

The rotation is coming.

By the time everyone sees it…
It's already too late.",2058223934688924111,324197,False
DustyBC,2026-05-23 17:16:05,"🚨𝗕𝗥𝗘𝗔𝗞𝗜𝗡𝗚: The White House is reportedly close to a deal with Anthropic to deploy its AI tools across US intelligence agencies, per NYT. https://t.co/lxbYfqfUOg",2058235529557168504,223980,False
MatthewHyland_,2026-05-23 17:54:51,#BTC sentiment &amp; price action just mirroring as its retesting major support zone after flipping major resistance into support https://t.co/3uYCN9jxRA,2058245289182421203,171493,False
KriptoEfsanesi,2026-05-23 10:29:37,"BİTCOİN ŞUAN SON GERİ ÇEKİLMESİNİ YAŞIYOR..
72000 BÖLGESİNDE AKÜMÜLE OLMAZ İSE
DİP BÖLGE 68500 CİVARI KABUL  EDİLEBİLİR 
SONRASI 85 BİN DOLARA HAREKET ETMESİNİ BEKLİYORUM https://t.co/F6sEWsZ9XK",2058133242658558122,188868,False
BitcoinNewsCom,2026-05-23 17:32:53,"MORE BITCOIN RESTRICTIONS IN 🇦🇺 AUSTRALIA

BINANCE will begin enforcing stricter crypto transfer rules for Australian users starting July 1, 2026.

Users receiving crypto will need to provide sender information.

Users withdrawing crypto will need to provide beneficiary information.

The changes apply to all crypto deposits and withdrawals as Australia tightens digital asset surveillance and compliance requirements.",2058239759391023588,262140,False
Alok7765,2026-05-23 18:32:15,"Dino Gotchis floor is sitting at 0.01 ETH on OpenSea right now

@sleepagotchi just started the TGE countdown and this collection has barely reacted

7,777 supply, 2,327 unique owners and the floor has not moved yet.

If you are already in the Sleepagotchi ecosystem this is worth paying attention to.

Check it on OpenSea before the $SLEEP TGE noise kicks in.",2058254698734559414,11899,False
cryptorover,2026-05-23 14:22:04,"MASSIVE 🚨

Meta has officially overtaken Bitcoin to become the 12th largest asset in the world. https://t.co/nBNMO6A2OT",2058191740394443086,1591438,False
Extreo_,2026-05-22 09:21:59,"Quantum computers might soon crack Bitcoin's security and steal funds. 

Bitcoin is not ready, but others are. 

Trump is investing in quantum tech. https://t.co/n40M3OAy5s",2057753833716191674,28125,False
KryptoWolfGER,2026-05-23 16:56:42,"Wie ist sowas eigentlich möglich? Ich meine alles ist rot und genau der Coin den ich halte, steigt einfach weiter. 

#Bitcoin #Near https://t.co/dyoKaYg9qD",2058230653498310928,51672,False
Cointelegraph,2026-05-23 15:00:45,"🚨 ALERT: Bitcoin spot demand is contracting at its fastest pace since January 10, according to a CryptoQuant analyst. https://t.co/M44xXI29Ze",2058201471649214527,2945665,False
CryptoPatel,2026-05-23 14:30:00,"US Spot Bitcoin ETFs Just Dumped ~28,858 $BTC Worth $2.28 Billion In The Last 9 Trading Days

Massive Outflow After A Long Time.
#Bitcoin Is Already Down Over 10% In Just 8 Days.

Last 24 Hours Already Near $1 Billion Positions In Crypto Liquidated.

Do You Know: In Only May Current Month Till Now, More Than $7.6 Billion Liquidations In Crypto.

Chart Still Looks Bearish To Me. Won't Be Surprised If We See Under $50K.

Why Are US ETFs Selling So Heavily?",2058193734072713480,60251,False
0x3ddy,2026-05-23 13:43:24,"I’m so bored… 

Please pump everything and dump the f****** OIL https://t.co/0XuHI1FQjI",2058182007654392259,37076,False
_Shadow36,2026-05-23 14:27:00,The irony of $Buttcoin reaching all time highs while bitcoin sentiment is getting lower and lower… I can see it now🤩,2058192981794971890,169818,False
thescalpingpro,2026-05-23 14:29:44,"#Bitcoin - The 4 Year Cycle is over? 🤔

Cycle 1 (2011 - 2014)

2011 - Buy
2012 - Hold
2013 - Sell
2014 - Bear Market

Cycle 2 (2015 - 2018)
2015 - Buy
2016 - Hold
2017 - Sell
2018 - Bear Market

Cycle 3 (2019 - 2022)

2019 - Buy
2020 - Hold
2021 - Sell
2022 - Bear Market

Cycle 4 (2023 - 2026)
2023 - Buy
2024 - Hold
2025 - Sell
2026 - Bear Market (we are here)

Cycle 5 (2027 - 2030)
2027 - Buy
2028 - Hold
2029 - Sell
2030 - Bear Market

So far the 4 year cycle is still on track and everything is playing out perfectly.

If the structure holds, 2027 becomes the next major accumulation window.",2058193667056414763,109886,False
Smart_Money,2026-05-23 16:52:02,"🚨 WAS DREI MILLIARDÄRE GERADE KAUFEN

@CryptoHayes hat es vor zwei Wochen so gesagt: ""#Hyperliquid, Zcash, NEAR - die heilige Dreifaltigkeit. Wenn du in Position bist, ist Traden einfach.""

@blknoiz06 zog Tage später nach. Sein Satz: ""ZEC und $HYPE als Barbell sind aus Teflon."" Und kurz danach noch einmal: ""Zcash bei 615 Dollar zu kaufen ist wie Bitcoin bei 615 Dollar zu kaufen.""

Dann meldet sich Sergey Brin auf einer Bühne im Silicon Valley. Co-Founder von Google. Kein Krypto-Influencer, kein Fonds-Manager. Sein Satz: ""Ich schaue mir Sachen wie #Zcash an. Leute nutzen Zero-Knowledge-Proofs in freier Wildbahn. Eigentlich sollte das gar nicht funktionieren.""

Drei Stimmen aus drei verschiedenen Welten, die zur gleichen Wette zeigen.

Die Timeline sieht drei Whale-Trades und shillt mit. HYPE auf $62,18 Allzeithoch vorgestern. ZEC plus 85 Prozent in dreißig Tagen. $NEAR plus 48 Prozent im gleichen Fenster. Die Charts sind grün, die Erklärung ist faul. Smart Money kauft, also kaufst du mit. Das ist die Geschichte, die CT erzählt, und sie geht an dem vorbei, was eigentlich passiert.

DAS MUSTER, DAS DIE TIMELINE NICHT SIEHT

Hyperliquid ist eine dezentrale Börse für Perpetuals. Sie frisst gerade Marktanteile von Binance und Bybit. Ein Angriff auf die zentralisierte Krypto-Hegemonie.

Zcash ist Privacy. Verschlüsselte Transaktionen, die KYC und AML technisch unmöglich machen. Eine Wette gegen das Überwachungs-Layer, das jede Regulierung der letzten fünf Jahre auf Krypto draufgelegt hat.

#NEAR baut den Sovereign-Stack. Account-Abstraktion, eigene Identität, weg von der Plattform-Logik. Der Versuch, Apple, Google und den Staat aus dem Verhältnis zwischen dir und deinem Geld rauszunehmen.

Drei Coins, ein Spielfeld: alles, was Regulierung zurückdrängt.

Und genau in dieser Woche kippt die SEC die tokenisierten Aktien. Robinhood, Kraken, Coinbase - alle ziehen ihre Produkte zurück oder pausieren. Das Signal nach Washington ist klar: traditionelle Finanzwelt rückwärts, kontrollierbare Schiene gewinnt.

Hayes positioniert sich gegen genau diese Konstellation. Ansem doppelt nach. Und Brin, der nichts zu verkaufen hat, bestätigt die Technologie dahinter öffentlich.

Das ist kein zufälliger Whale-Cluster, sondern eine politische Wette.

WIE ICH DAS BEWERTE

Ehrlich: Ich bin seit November short auf $ZEC. Meine Position ist tief unter Wasser oder sogar Liquidiert.

Trotzdem schaue ich auf die Bücher mit dem besten Track Record der letzten zwei Jahre. Die großen Adressen, die jeden Zyklus früher dran waren als die Timeline. Money-Printer-Klasse.

Die sind nicht long ZEC, sie sind aktiv short. Stand jetzt: rund 117 Millionen Dollar offene Short-Positionen in dieser Coin-Klasse, aufgebaut in den letzten zwei Wochen, mitten in den Pump.

Und das härteste Indiz kommt von Hayes selbst. Ein ihm zugeordnetes Wallet hat in den letzten Tagen 115.453 Hyperliquid-Token auf Bybit eingezahlt. Marktwert: 6,33 Millionen Dollar. Während er öffentlich vom 150-Dollar-Kursziel spricht, läuft im Hintergrund die Verteilung.

Zcash hat 85 Prozent in dreißig Tagen gemacht. Es steht trotzdem 81 Prozent unter dem Launch-Peak von Oktober 2016 bei 3.191 Dollar. Ansems Vergleich klingt eingängig. Er ignoriert, dass diese Coin schon einmal alle hatten und alle wieder weggeworfen haben.

Die Geschichte vom Anti-Regulierungs-Spielfeld ist real. Die Performance auf diesem Spielfeld kann trotzdem zwei Jahre vorlaufen oder zwei Jahre nachlaufen.

Drei Männer kaufen dieselbe Wette aufs Spielfeld, die größten Bücher wetten dagegen, und Hayes verteilt HYPE genau dann, wenn er es am lautesten shillt.

Welcher Seite glaubst du?",2058229480049496076,46341,False
CryptoPatel,2026-05-23 17:30:00,"$XTZ ALERT: The 5,500% Potential Setup Nobody Is Watching 

#XTZ Crashed -96% from its $9.17 ATH.

The Setup:
➡️ Accumulation Zone: $0.20 - $0.16
➡️ Current Price: ~$0.34
➡️ Trigger: Weekly Close Above $0.6418
➡️ Invalidation: Below $0.17

Bull Cycle Targets: $0.6418 | $1.30 | $4 | $10
Potential Upside: 5,500%

Bearish structure still intact short-term. Patience over hype. Position gradually, not emotionally.
The best trades are the ones nobody is talking about.

TA Only. Not Financial Advice. ALWAYS DYOR

@tezos",2058239033130525056,60251,False
Brown_Thunder76,2026-05-23 17:50:43,"I wanted to make something that helps people understand the difference between digital fiat and stablecoins and why I think Keeta is building something very different than other crypto projects.

Credit to my friend @Xandriuz for the infographic idea.

On mobile you may need to zoom in. 

@KeetaNetwork $KTA",2058244248583983594,2761,False
shubhvanii,2026-05-23 11:21:08,"Millionaires are made every decade:

2000s - Internet
The people building websites while others feared technology won.

2010s - Crypto
The ""crazy internet money"" turned nobodies into billionaires.

2020s - AI
One smart man with AI now outworks entire companies.

2030s - Attention
The rarest skill will be keeping focus in a distracted world.

2040s - Longevity
The rich will pay to slow aging while others destroy themselves willingly.

2050s - Energy & Water
The men controlling basic resources will control nations.

2060s - Genetics
Humans will start upgrading humans. Because apparently being insecure naturally won't enough.

2070s - Virtual Reality
People will spend more time escaping life than living it.

2080s - Land
Civilization will rediscover the oldest cheat code in history: own land.

2090s - Peace & Privacy
Silence will become a luxury only the wealthy can afford.

Every decade rewards the people who see the future early while the crowd calls them delusional.",2058146206724059285,69316,False
BitcoinNewsCom,2026-05-23 18:14:14,"US money supply growth is the fastest it’s been in 4 years.

Got Bitcoin?

Via @TaviCosta https://t.co/DpXaYW9RJ8",2058250166608527478,262140,False
Coredao_Org,2026-05-23 14:30:06,"Builders do not flock to empty ecosystems.

They go where the next category is being built.

Core is clearly the execution layer for Bitcoin finance. 🔶 https://t.co/zcQnO1v9FJ",2058193762241941582,2326543,False
realCryptoMatze,2026-05-23 18:00:33,"Seeing $BTC at $75,494 after a 1.7% decline. These modest moves often highlight positioning more than conviction. On-chain data remains the steadier lens for assessing real flows. 
#Bitcoin #BTC #Crypto https://t.co/sjbaCUJS2a",2058246722929766757,1955,False
Micro2Macr0,2026-05-23 13:06:13,"The Weekly RSI for #Bitcoin has been in a downtrend for over 2 years, while the volumes over that time have created a MASSIVE level of support. 

Be bullish. Be early. https://t.co/tLfIa6kvGS",2058172649218470181,111732,False
TrendingBitcoin,2026-05-23 17:04:00,"🇺🇸 President Trump said, “Bitcoin and crypto will skyrocket like never before—beyond your expectations.” https://t.co/jg48DJo4Vk",2058232489844285708,75848,False
ALhajri0999,2026-05-23 18:30:58,"سحب سيوله تحت 74,800
#BTC
باقي سيوله فوق 82,000 https://t.co/sjEXHShWez",2058254375307407730,40897,False
CelalKucuker,2026-05-23 14:10:05,"The most logical Bitcoin chart right now.

That red support level didn’t break even during the Iran–US war tensions. 

Futures may create wicks below it, but I don’t think they’ll be permanent.

Still looks very strong for a new ATH toward the end of the year. 
$BTC 144K⌛️ https://t.co/XoH9Pxw7u5",2058188724723163554,73987,False
SeffafNet,2026-05-23 16:47:36,"Bitcoin 190.000 dolara çıkacak!

Zirve her zaman önceki zirveden 47 ay sonra oluşmuştur.

Dipler kısa süre sonra takip eder.

Dcaled Alım Satım Bölgesi başladı!

Bu hiç başarısız olmadı! 🚀 https://t.co/OTt3Y15WH7",2058228363899076771,85499,False
DPGSpurs,2026-05-23 18:22:07,@lex_node Bitcoin is usable and actually used in real world as money far more than even eth,2058252150354907221,1540,False
ChifoiCristian,2026-05-23 18:02:29,"Crypto fahggets with their ""ETH is dead"" and ""sold all my ETH"" quotes are making me buy more ETH than I was ever going to.

- Bear Hitler",2058247209599086850,120247,False
cryptoadina,2026-05-23 18:30:57,Who is next 👀 https://t.co/vOmZOsx8wF,2058254373990367614,207720,False
ibrahimklczb,2026-05-23 14:35:23,"Hocam eskisi gibi bizimle coin paylaşmayacak mısınız? Valla kuruduk bittik.

Cevap: Veriyoruz ama görmüyorsunuz. Müstahak. 🤷‍♂️

ethereum:0x92d5942f468447f1f21c2092580f15544923b434",2058195091164963261,78548,False
AlgodTrading,2026-05-23 15:00:15,"Must be one of the worst sentiments i’ve seen in crypto since i joined a decade ago

Hopes and dreams are lost, everyone realises its a scam and retail rather allocate to stocks than to our vapourware shitcoins

We need substance asap",2058201346545713223,200032,False
GuruOfkrypto,2026-05-23 18:10:11,"The #crypto $GENIUS will become one of the top decentralised on-chain trading platform

 grab some tokens now and hold for the big gains brewing up

https://t.co/ROM4NSUpvh",2058249144121053491,3030,False
webeeu,2026-05-23 12:32:51,"$10 |` Bee's 3168 |` Ends in 10 hours 🐝 

Repost this and Follow @Thefuturejobs_

Good luck besties! 💜",2058164251806801991,196947,False
shahrianazim6,2026-05-23 13:15:36,"Moove really cooking something big 👀

From send &amp; swap to full crypto- fiat in one app, No more jumping between 5 apps just to cash out 😭

This could bring a lot of new users into crypto smoothly 🔥",2058175009718497286,68019,False
LeslieM0tta,2026-05-23 17:30:57,"Sometimes the charts can wait.
Family time heals more than people realize.

Proud of my niece and everything she’s becoming.

Had to gift her some crypto stock early. https://t.co/66rhQYUzwu",2058239271069524121,34830,False
cryptorover,2026-05-23 15:59:53,"🇺🇸 PRESIDENT TRUMP: ODDS OF AN IRAN DEAL OR STRIKES ARE ""50-50"" 

Details include:
→ Trump meets envoys, decision possible by Sunday
→ Proposed deal: 30 days of talks to end hostilities
→ Deal must address enrichment + nuclear stockpiles https://t.co/SGPDWl6Bp9",2058216356433252688,1591438,False
Tradernaber,2026-05-23 16:13:35,"Bitfinex shorts are approaching “resistance” levels in $ETH as price goes into HTF zone.- on the other hand $BTC shorts could rise little more.- 
- 6 billion $BTC option expiring on may 29 with a max pain price of 75k.- so I would be patience till then and after that event sell pressure and shorts should reduce considerably imo in confluence with HTF demand zone y majors.-",2058219804071543283,16384,False
ShinyNfts,2026-05-23 17:00:00,"GN everyone,

Can i get GN ? 

I check my daily to do list. This list includes projects I believe will consistently deliver products within crypto and Web3 in the future. Kolo is at the top of that list.

Every morning, I consistently check to see if there’s anything new on Kolo. @KoloHub

In my opinion, the Kolo Card has many advantages over its competitors. I’d like to explain a few of them with examples.

For instance, you’re out shopping or heading out for coffee. You can make your payments with the Kolo Card. Here’s the key point: You can pay with BTC, ETH, USDC, or any cryptocurrency you hold. You don’t need to buy a specific token for this. Any cryptocurrency in your wallet is sufficient to make a payment with the Kolo Card.

I think this provides excellent convenience when managing financial transactions. It also saves you from unnecessary swaps and fees.

Another thing that’s important to me is simplicity. Say goodbye to complex Web3 structures. Everything is in one place, in its simplest form, through a single app. Sending, spending, banking. All three in one.

In my opinion, when I compare the Kolo Card to other crypto cards, these two features elevate Kolo far above its competitors.",2058231485673373820,31936,False
IIICapital,2026-05-23 14:00:43,"Bitcoin is down to $75,000, but the thesis remains completely unchanged.

The monetization process comes with extreme volatility. It requires unshakable conviction and a very long time horizon. Most people simply do not have what it takes.

That’s why Digital Credit is such a massive innovation.

It strips away bitcoin’s extreme volatility and transfers it to Amplified Bitcoin common equity for a few psychos like myself.

Very few people can endure 4+ years of ruthless volatility.

Everyone wants income tomorrow with little to no volatility.",2058186367297802616,105780,False
KaylashowDq,2026-05-23 17:06:54,"I want to talk to the people who are still not convinced about crypto.

Not to argue with them.
Not to show them a chart or explain a whitepaper.

Just to ask one honest question.
What would it actually take for crypto to feel normal to you.

Think about it genuinely.
Not the ideological version of the answer.

The practical one.
Would it need to work at the same places your bank card works.

Would it need to not require you to understand blockchain before using it.

Would it need to not punish you with fees every time you want to do something simple.

Would it need to just work quietly in the background without making itself the main character every time you try to pay for something.

Because if any of those things are on your list.

@KoloHub already built that.
Visa acceptance across 150 plus countries.

No technical knowledge required to spend.

Automatic conversion at the point of payment without you initiating anything.

BTC cashback returning on every transaction without you claiming it manually.

One app, one card, one flow.
I am not asking you to believe in crypto.

I am just pointing out that the version of it you said would feel normal already exists.

The only thing left is trying it.",2058233221998121318,9175,False
john322226,2026-05-23 13:23:59,"Did I just hear Kelvin talent say Forex traders are being dragged because they failed at forex? 

I usually avoid forex conversation since I lack the crypto knowledge but Can forex trading actually make people rich or not?",2058177120170381425,274706,False
HopiumPapi,2026-05-23 15:40:54,$RIV doesn’t give a fuck about what the price of $BTC is doing. https://t.co/CQ5kBdhyv0,2058211577439068164,132550,False
MarceloCaio_,2026-05-23 18:37:38,"@Cryptotea Depois que você vê, a pergunta inevitável é: O que preserva o que construí contra um sistema que pode diluir qualquer coisa denominada na moeda que controla? Essa pergunta tem uma resposta honesta: #Bitcoin .",2058256053322580364,264,False
lourenco_vs,2026-05-23 16:11:43,"$BTC pattern

Posted on May 7th.

Magic? Who knows? https://t.co/D2bE66kZ0O",2058219333696839870,13240,False
WhaleInsider,2026-05-23 11:43:35,"JUST IN: $BTC forecasted to go as low as $72,000 this month, per Kalshi traders. https://t.co/Ku9h1wSY3T",2058151854547112326,667789,False
ourcryptotalk,2026-05-23 16:45:41,"RWA Tokenization Map 🪙

( The Altcoin Leading Every Sector )

U.S. Treasury Debt: $ONDO

Commodities: $PAXG

Asset-Backed Credit: $CFG

Specialty Finance: $SYRUP

Tokenized Stocks: $ONDO

Corporate Credit: $CFG

Diversified Credit: $CFG

Real Estate: $MANTRA

Some of the biggest categories still do not have a clean, liquid, public altcoin winner.

Non-U.S. government debt, active strategies, VC funds, and private equity are still early.

That means the RWA map is not finished yet.

The first wave was about tokenizing Treasuries.

The next wave could be about tokenizing everything else.

Which Altcoins will win the race for unassigned categories.",2058227881629872171,79584,False
GonzalitoSNFT,2026-05-23 11:19:23,"🎉 Weekend BudmoNFT Giveaway 🎉

🏆 10 GTR ( Guaranteed ) Spots  
🥈 2 Random $ETH Winners

✅ Like+RT+🔔
✅ Follow @BudmoNFT 
✅ Comment “Done”

🍀 24 Hours ⏰ https://t.co/DrYVOIcYKa",2058145766049288413,44453,False
kidsreallycute,2026-05-23 17:53:06,"😂 Bitcoin Pizza Day always feels like one of the most symbolic moments in crypto.

10,000 BTC for two pizzas back then.

Today?

That transaction looks almost unbelievable.

🚀

But honestly…

the real meaning of Pizza Day isn’t the price.

It’s the proof that:

digital assets can evolve into global financial infrastructure.

🔥

And that evolution is happening faster than ever now.

Especially across ecosystems like TRON.

😂

Massive stablecoin settlement.
Millions of daily active users.
Global on-chain transfers.
Growing DeFi infrastructure.
Crypto is no longer just an experiment.
It’s becoming:
real economic infrastructure.

🚀

The interesting part?

Pizza Day perfectly represents how adoption actually happens.

Not through complicated theories.

But through:

real usage.

🔥

That’s why ecosystems focused on:

payments, stablecoins, and onboarding

are becoming increasingly important.

😂

TRON → settlement rails
USDT → global digital dollar liquidity
JUST → DeFi infrastructure
GasFree → frictionless onboarding
WINkLink → oracle systems
https://t.co/YN97ObZUCN → AI economy expansion

These layers together create:

a complete digital finance stack.

🚀
And honestly,
the “10,000 BTC pizza” moment also reminds people how early the industry still is.
Because future generations may look back at today’s blockchain infrastructure
the same way we look back at that pizza purchase now.
🔥

Justin Sun has consistently pushed TRON toward:

real-world financial usage.

Not just speculation.

Stablecoins.
Payments.
Settlement.
Liquidity.

That strategy looks increasingly important over time.

😂

Crypto history started with:

buying pizza.

Now it’s evolving toward:

🌍 global digital financial infrastructure.

🚀

@DeFi_JUST @justinsuntron @trondao
#BitcoinPizzaDay #TRON #TRONEcoStar",2058244848684335308,15414,False
pulse_fadez,2026-05-23 17:57:04,"Crypto has been in the bear market for 8 months and is the longest bear market we've seen in a while. We're still in the lows and the only reason we aren't higher is cause people aren't holding. We control the market so we have to make Crypto Great Again. We're going to create the biggest onchain movement. Dex at 20k and boosts after bond, also going live $MCGA",2058245846177656894,1161,False
cryptorover,2026-05-23 13:03:00,"The gameplan is clear. 

Buying more $BTC in the red zone. https://t.co/W8Oi1wavq0",2058171840099688931,1591438,False
webeeu,2026-05-23 16:10:56,"$10 °| Bee's 3169 °| Ends in 8 hours 🐝 

Repost this and Follow @Thecultof4 

With Repost quoted 👇

Good luck besties! 💜",2058219135587541316,196947,False
aussiehaggie,2026-05-23 15:17:10,"How many followers do you need today?✅💭✍️😉🧡

watch your numbers🧐📈🚀

we follow you 🤝💯🔥🔥🔥🔥🔥🔥🔥🔥 https://t.co/XWCKqmXJHz",2058205604955713645,50363,False
okx,2026-05-23 12:33:05,"Hello, weekend hustlers 🫡

Win $500 USDT with our Weekend Quiz.

All you gotta do is ...

1. Follow @OKX
2. RT + comment your answer below 

Have a go!👇 https://t.co/TGvkz6OixZ",2058164313366397109,5689175,False
DonWedge,2026-05-23 14:37:41,nice reaction on $BTC https://t.co/HL7olj2Dww,2058195667214901443,232918,False
Totinhiiio,2026-05-23 17:21:26,"Gave multiple spots for Morphora on my X account and my communities.

0.001 eth -&gt; 0.04 eth

What is happening here ? https://t.co/33OthC2pxV",2058236879481282997,14285,False
BullTheoryio,2026-05-23 07:58:26,"BREAKING: Bitcoin dumps $1,000 in just 10 minutes, falling below $74,500 for the first time since April 20th.

$348 Million worth of longs has been liquidated in just last 1 hour. https://t.co/LlB1fQqXUb",2058095193015058910,177238,False
BitcoinNews,2026-05-23 18:05:00,"The University of Michigan Consumer Sentiment survey printed a brutal all-time low. 

📉 The index measures American outlook on personal finances, business conditions, and buying conditions. The latest reading marks the lowest point in the survey's history. https://t.co/T80OMWZVvA",2058247840661721290,3277831,False
randgroup,2026-05-23 17:47:00,"Serious question: What if Saylor gets to liquidate his 4% of Bitcoin holdings, who exactly is on the other side of that trade? https://t.co/UMFdcQoA6W",2058243310586576934,346316,False
MartiniGuyYT,2026-05-23 16:48:17,Bitcoin has fully recovered from today’s crash 📈 https://t.co/RHYTnYZQTS,2058228534233981169,710542,False
mwx_ai,2026-05-23 14:51:39,"The Fed made a move on banking. 450+ KOL calls on bank-themed tokens followed.

MWX Alpha mapped both, before CT made the connection.

This is what separates an intelligence system from a tracking tool.

When the Federal Reserve proposed direct payment access for crypto firms, MWX Alpha's Alpha Feed flagged it immediately: tagged Bullish, categorized under Regulation, stablecoin implications surfaced in the same breath.

Within the same window, KOL Monitoring Intelligence was already registering the cluster. 

450+ KOL calls tracked across bank-narrative tokens:

solana:2jCt3hj9vd7YpV7Sr3VA5nk3tdSpJtZezeoJXW4Xpump  · solana:9s96G11xGsHczudfJqKQzQxzvubQgJXSySJ1wRgxpump  · solana:ApcsGn1HtYSGqppjkHQi9BDwXM4dHQJSvU3MA2nWpump  · solana:GFY6y6agYw71nJESDdxxbG4iNsYbTGC54Miq4xZupump  · $CLAWBANK · $BNKR · $GITBANK · solana:EZV9mcvFQqe4Xee7VxUzKt4dDYkUZ2Ye6N2QFuS8pump  · solana:Bf4NAurbNS5yic7P67voHxAiz26oaVLmr5dRMxBdpump  · solana:5pcfhDSjxT1ewSA3qdAkikGjdfqmZXSGJL6ZfKWrpump  · solana:56dvqP5gs4h5FBfs3qhohNCQxthrw1HXKYr28Xnppump  · solana:5NCDoAGu445YnDeB1sSouJY9yaCV5zPjAAp5Gg3Npump  · solana:aGhaKDNvQKH9S9vePPcYDEYdgP5dUCbTfnVbM7ppump  · $NVB · solana:FVjYERdrgUeR3GrBJ9vX9BmMYM6bRWyCkijd14srpump  · $SYNTH · $OSP

Macro news. Narrative shift. Token cluster. All in one system.

Most tools show you one piece. MWX Alpha shows you how the pieces connect.

The moment a macro signal drops, the narrative layer activates. The moment the narrative activates, the KOL cluster surfaces. The moment the cluster surfaces, you already know what CT is about to talk about.

That's not a dashboard. That's an intelligence pipeline running in real time, delivered to where you already are.",2058199181899223112,107678,False
Mustafa84924477,2026-05-23 17:00:58,"Football is already the biggest sport on earth ⚽️🌍

now imagine combining that energy with crypto, predictions, rewards, and a bullish breakout chart .
this is bigger than a meme
We will experience these things with #Fwc. https://t.co/VizrgDFs4s",2058231726913060988,361,False
BiconomyCom,2026-05-23 15:30:01,"Pick your crypto pill 💊

BTC for conviction.
ETH for momentum.
Alts for opportunity.
Memes for volatility.

Choose your market, trade your setup, and move with https://t.co/VyXHYphRvI.

#BiconomyCom #CryptoTrading #Bitcoin #Altcoins https://t.co/HGCj2RpesO",2058208837685891160,201973,False
CryptoGodJohn,2026-05-23 14:38:47,"bitcoin:native 

Weekend sell off on war fud is all calculated by Trump to do it during a 3 day weekend when the stock market is closed. High chance he doesn’t do anything &amp; extends the timeline again

Swept $75k —&gt; if we hold I think we see move back towards $78,600+ https://t.co/tIEMzGdHjq",2058195947222397416,870340,False
BankXRP,2026-05-23 15:23:51,"This is why Ripple's move is STRATEGIC, not random 

Squid supports XRPL as an integrated chain sitting alongside ETH, SOL, BTC, Stellar and Cosmos.
and the best part? no wrapped tokens. no synthetics. native-to-native swaps across 1,000+ apps and DeFi services.

Ripple just made XRPL accessible to the entire crypto ecosystem in one $6M check 🔥",2058207285865025611,275380,False
AshCrypto,2026-05-23 15:22:58,"UPDATE: The U.S. and Iran are closing in on a deal to extend the ceasefire by 60 days.

Massive if true.",2058207066548752433,2183188,False
NormiesSales,2026-05-23 17:44:28,"10x Normie Sweep!
#399, #4664, #2461, #7458, #8329, #5303, #6711, #7978, #4152, #1906

Bought for 4.005 ETH
by aadit.eth

be a Normie https://t.co/KHeD2voZ9r https://t.co/hXLboRD9fr",2058242674294198327,298,False
Kaffchad,2026-05-23 15:54:28,"► Maple vs Centrifuge: Which one moves faster on institutional onchain credit!

@maplefinance vs @centrifuge are completely different visions of what institutional DeFi actually becomes.

👉🏻 @maplefinance | $Syrup built the cleanest crypto-native credit machine I’ve seen so far.

– $2B TVL now
– $3.7B AUM
– $20B cumulative loans originated
– Q4 2025 ARR already touched ~$30M and targeting $100M this year

They survived multiple stress events with basically zero losses after the 2022 credit apocalypse nuked everybody.

The Alameda era forced them to completely rebuild underwriting culture. Now most borrowers are market makers, prop desks, and hedge funds posting real collateral.

syrupUSDC exploded past $1.9B because institutions actually needed somewhere to park stable liquidity while still earning.

Unlike half of DeFi, the yield is coming from real borrower demand.

👉🏻 @centrifuge | $CFG positioning closer to TradFi slowly rebuilding itself onchain. Might be smaller than Maple today but potentially the bigger destination.

They’re positioning themselves as the middleware layer for TradFi funds moving onchain.

That’s a way larger game than crypto-native lending books when they already have Janus Henderson, Apollo, and Coinbase as partners.

– $1.4B TVL now
– JTRSY almost hit ~$1B AUM
– JAAA became one of the biggest tokenized CLO products onchain

Coinbase even called Centrifuge the preferred tokenization infrastructure for Base.

👉🏻 What I think about the distinction?

Maple’s TAM still mostly tied to crypto leverage demand. As long as perp traders, hedge funds, and basis desks need stable liquidity, Maple prints.

But if crypto rates compress hard during a bear market, loan demand probably cools too.

Centrifuge feels less dependent on crypto reflexivity. Treasuries, CLOs, equities, structured credit… those markets exist whether BTC funding is positive or not.

Tokenized #RWAs and tokenized funds potentially become multi-trillion-dollar markets.

If TradFi actually moves onchain, they probably don’t want to operate like crypto degens looping stablecoins on Aave.

They want an environment that naturally favors regulated issuance, compliance, and fund admin. That setup feels way more aligned with Centrifuge.

I kinda think $CFG has the stronger position to become the real winner of institutional onchain credit.

Please tell me if I’m wrong here.",2058214992315638254,19888,False
ChiomaChukwura2,2026-05-23 13:22:51,"Mass adoption in crypto probably won’t happen because people suddenly understand blockchain better.

It’ll happen when using crypto feels as simple as sending a message.

That’s one reason Antarctic Wallet stands out to me.

At first glance, it looks like a regular licensed crypto wallet with over 500K users.

But the bigger vision is much more interesting:
turning Telegram into an everyday financial tool through QR payments and virtual cards.

Think about cities like Bangkok, where QR payments are already part of daily life.
People use them for street food, taxis, coffee shops, and convenience stores without even thinking twice.

So integrating payments directly inside Telegram feels less like a “crypto feature” and more like a natural next step.

No complicated onboarding either.

You open Telegram, launch the wallet mini app, and start transacting almost instantly.

Tried the mini app here 👇
https://t.co/KAvZWzYAdY!
Antarctic Wallet Mini App

They’ve also released the app on Android and iOS !

@AntarcticWallet",2058176834622160984,16977,False
Bitcoinsensus,2026-05-23 18:05:00,"$DOGE MASSIVE MACRO CYCLE OUTLOOK 🔥

DOGE is still trading within a broader Cycle 3 structure similar to prior macro phases.

The setup remains worth watching closely. 👀

#DOGE #Crypto #Memecoin https://t.co/O8kE0YyYLq",2058247840892084483,129047,False
BeyonderTR,2026-05-23 15:38:07,"Most crypto platforms still focus on simply holding assets on-chain.

What sets @KoloHub apart is their effort to truly connect crypto to everyday spending.

Because people are tired of experiencing the same problems:

Account restrictions.
High fees.
Transaction waiting times.
Extra friction to access their own money.

With Kolo, the crypto stays with the user until the moment they use the card, and it converts instantly during payment.

No extra hassle.
No unnecessary waiting.

Just a truly usable digital asset experience.",2058210876394463449,47540,False
1Oftalmolo21311,2026-05-23 18:02:05,"BTC 110 günün özeti 60-73 arası tek bir canlı bile 83 ve 86k ihtimaline olasılık vermiyordu çizimle ve 6 mayıs tarihi ile gösteren 2 hesap oldu biri biz diğeride paylaşımları aynen araklayıp günler sonra aktaran 53k olacak diyen emek arakcımız, peki bundan sonra ne olacak ??? https://t.co/uC4HNreQpo",2058247106138198190,1525,False
LukeMikic21,2026-05-23 18:00:00,"The SEC just approved Bitcoin index options on Nasdaq giving Wall Street OFFICIAL direct access to Bitcoin through US equity markets!!!

Is Bitcoin now permanently embedded in the heart of Wall Street?!!! ⚡ https://t.co/dOm1DMKlVT",2058246584278917370,38343,False
CryptoFellaTx,2026-05-23 17:55:28,$SOL - #Solana been ranging for almost 4 months now. Next DCA level in case we go lower would be around $60. If not happy with my current bags. https://t.co/SRQIbgzn2m,2058245441368559881,42915,False
gin_jerrell,2026-05-23 18:33:58,"$BTC H&amp;S pattern update 🚀

This chart leaves room for us to drop to $74k by May 30th 2026 👍🏾

$74k --&gt; $82k --&gt; $90k --&gt; $94k https://t.co/66IB3lyFA7",2058255131745865997,4267,False
poptyedev,2026-05-23 17:55:47,"Robinhood L2 live since 3 weeks

Bridge live but only for whitelist addresses

Uniswap deployed about 20 hours ago (https://t.co/qoBq5NEG50)

are you bullish ?",2058245522352189530,7047,False
ramseyfox1,2026-05-23 18:05:15,"Just joined the movement on @3look_io

Post about brands you actually like → get paid daily.  

No forms. No manual submissions. Automatic tracking. Just real engagement = real rewards.  

Content is finally an asset.  

If you're a creator who posts consistently, this one’s different.  

Join here: https://t.co/sWkghROxAW",2058247904226107585,7297,False
NotSoEasyMoney,2026-05-23 13:49:10,"Bitcoin is down $8,000 dollars since @Chilearmy123 called me washed. 

You can’t make it up. 
The literal PICO top of the recent rally. https://t.co/cqQ442wqsg",2058183460716433506,145205,False
rodrigomcrypto,2026-05-23 17:38:23,"Yesterday post helped me climb a few spots on the @quipnetwork leaderboard.

I’m currently ranked #456 and already earning some $QUIP Points.

My goal is simple: stay active, keep improving, and hopefully become eligible for the NFT.

Is anyone here also on the LB?

Drop a gQuip in the comments and I’ll follow you =)",2058241143616471114,17084,False
BEASTfitHUSTLER,2026-05-23 17:33:29,"One word for this chart…GORGEZ! 💀❤️‍🔥

1 ETH FP coming quicker than you think

ATH after ATH and only just the beginning

Updated stats:
73% up for the day
228% up for the week

The next blue chip! @DedGorgez https://t.co/zqDlTmHrrL",2058239908758835434,1124,False
Ab_CryptoTrade,2026-05-22 03:05:49,"$BTC is Digital Gold. 
$ETH is Digital Oil. 
$SOL is Digital Casino. 
$ZEC is Digital Cash. 
$HYPE is Digital Adrenaline.⚡✅",2057659167020912897,408,False
0xemmyeth,2026-05-23 18:36:43,"I started crypto in 2019.
Back then, I was doing everything on my own… no guidance, no real connections, no community.

I kept trying different things but saw little success because I was missing one important thing: 
the right people around me.

It took me years to realize that growth becomes easier when you connect with people, share ideas, learn together and move with a strong community.

That’s why I’m happy to see @arc launch Regional Channels on the Community House 

This is more than just a channel.

It’s an opportunity to connect, build relationships, share opportunities and grow together with people from your region.

Don’t miss out on it.

• Enter the website
• Scroll down, and join your regional channel 👇 
https://t.co/R189sJLCjR

I will be introducing myself there in a few days too… catch ya!",2058255821507559901,1902,False
Ms_Elizzaah,2026-05-23 17:16:05,"Not every crypto strategy needs nonstop chart watching.

Sometimes the better move is putting idle assets to work with steady returns.

CoinEx Fixed Savings offers:
USDT/USDC: up to 5% APY
ETH: up to 2.5% APY
BTC: up to 1.5% APY

Choose your lock period, know your returns in advance, and let your holdings grow over time.

Simple. Steady. Long-term focused.

@coinexcom #CoinEx",2058235532640141792,9981,False
cryptojack,2026-05-23 16:01:15,"$BTC

Smart money is going short, while retail keeps longing.

You already know how this usually ends. https://t.co/zU2K3sHcEA",2058216696993710407,492730,False
KriptoHulk,2026-05-23 14:45:19,"Sabahki twitte scalp longlar kovalanabileceğinden bahsetmistim. ChartMasters’ta aldığımız işlemler ve setupların hepsi TP oldu.

Tabi dedigim gibi scalp kalacak pozlar. Genel bias hala aynı. 79.400 altında kaldıkça pek sağlıklı değil. Tepkiyi değerlendirdik markette sadece✅ #btc https://t.co/afVwjJtEO6",2058197588008980518,78747,False
yoshi_v1,2026-05-23 18:38:46,"Zcash, NEAR and Hype are going to become some of the strongest IQ plays in the crypto market this cycle.",2058256337813873101,16069,False
0x_Discover,2026-05-22 14:11:44,"A guy reportedly built a Polymarket bot with Claude in ONE evening…

…and woke up to +$2,314 after the first night.

The crazy part?

The bot doesn’t predict BTC.

It doesn’t predict ETH.

It hunts tiny pricing inefficiencies inside 5-minute markets where:

YES + NO < $1

Wallet:https://t.co/xwEY0Wjvy3

Track similar strategies:https://t.co/IPY41UFgnZ

That’s it.

Humans hesitate.
Bots don’t.

By the time most traders react,
the spread is already gone.

That’s why automation is slowly taking over short-term markets:

Not because AI “knows the future”…

but because machines exploit inefficiencies faster than human psychology can react.",2057826750621430140,79252,False
3orovik,2026-05-23 14:52:22,"ETH is down from a $4,900 all time high

I still think we could see $5,000 by end of 2026 https://t.co/zqODOhWKvH",2058199364976210121,230818,False
iMithrandir_,2026-05-23 17:31:36,"Happy Weekend CT! ☀️

$BTC price action looking horrible again 😮‍💨 what did you guys do this time?

I’ll be spending the weekend chilling, watching some @F1, binging a few series and clicking on a few projects I’ve been checking out lately:

Going to chat to ANIMA inside the @TheARCTERMINAL AI operating system, check out the projects on @NucleusCodes and try to improve my Reputation score. Then click through some more tasks on the @quipnetwork and @sleepagotchi dashboards.

Sometimes a quiet weekend and a few good clicks are enough 🐾

#CanadianGP #crypto",2058239438275194951,4225,False
CryptoWizardd,2026-05-23 11:14:59,"Think we bounce around this levels.

#btc",2058144658316833231,813353,False
AshCrypto,2026-05-23 16:40:41,"Logan Paul bought this NFT for $630,000 in 2021.

Today, it's worth only $140. https://t.co/0pyqzWKheY",2058226622570922371,2183188,False
Crypto_Chase,2026-05-23 13:47:31,"$BTC update

I have not bid BTC. The reality is this coin has done nothing but underperform for the past nine months within an extremely bullish equity landscape. Saylor buys billions every week and nothing happens. I'd rather at least wait for some type of market structure break and an impulse up to consider a local bottom. Any sign of life whatsoever.

I just don't see the point in putting risk behind BTC lately. And I think that view is spreading more and more. There's no volatility to price action anymore. Nobody's interested. The traders are gone and most of the investors are too. There's no more flushes or instant bounces for strong profit, it's just Saylor's slow boring upward grinds every now and the second he stops buying it, it full retraces.

It's not my intention to put out a super doomer tweet, but this is just the reality and this is something I've been saying for pretty much the past nine months. Earlier this year I was saying anytime you think about bidding BTC, just bid HYPE instead and I was right.

The same thing applies now. Anytime you think about bidding BTC, you can just bid HYPE or any decent stock or borderline anything and you're probably gonna outperform BTC on an overall market bounce.

It hurts to hear that Saylor sort of killed this asset, at least for now, but it is what it is. And yes reply to me and let me know that this is a bottom tweet, like you have for all my other bearish tweets on BTC the past nine months. Just a sad reality atm.",2058183043194470728,201346,False
GranMag0,2026-05-23 17:40:21,"$BTC 1D

Demostró debilidad rompiendo a la baja 75k 🙄

Esto hace MENOS PROBABLE superar 82,8k ❌

Estamos en sobreventa extrema, un rebote a 78k - 80k aun es posible pero le doy poca credibilidad ya. https://t.co/wjajGUEl6k",2058241636396683763,91759,False
JamesEastonUK,2026-05-23 16:30:00,"Bitcoin STILL holding support.

Ideally, BOUNCE &amp; highoor.

If we lose it?

I'll do what I always do when the GREATEST asset on EARTH is on sale.

DCA MORE.

Don't panic, PLAN.

Incredibly simple. https://t.co/YkrPwfszd5",2058223933044769163,33891,False
CryptoKing4Ever,2026-05-23 16:23:05,"Bear markets are built to exhaust people.

Most traders do not lose during the big crashes. They lose during the slow chop and sideways price action that drains patience over time.

Right now the smartest move is to focus on learning, researching strong narratives and preparing for the next expansion phase. The real money is usually made before the crowd comes back.

Which sector are you spending the most time researching during this slowdown?",2058222192987718108,868905,False
Crypto__Haris,2026-05-23 16:41:35,"A trader I’ve followed for years told me something recently that honestly made sense:

“Crypto has become boring.”

Not because of losses… but because the market has changed.

Retail traders are slowly disappearing while institutions keep entering. ETFs got approved, volatility became lower, and the market started becoming more stable and predictable.

And honestly, that’s the weird part.

Crypto was supposed to be for normal people, but now Wall Street is slowly taking over the space. The crazy volatility, huge pumps, and emotional chaos that attracted retail traders are fading away.

Institutions may bring stability and liquidity, but retail traders are the ones who bring energy, hype, culture, and life into crypto.

Without retail… crypto starts feeling less like a movement and more like just another financial market.",2058226850128937278,28905,False
5_0Trading,2026-05-23 18:05:16,Don't look at ripple:native against $BTC if you like money. https://t.co/rsm3k328sr,2058247907162087438,20521,False
MatthewHyland_,2026-05-23 17:35:01,#BTC is retesting the breakout of the most significant level since March 2024,2058240297058841071,171493,False
BroosterWeb3,2026-05-23 17:00:00,"COLORFUL Good Evening Legends! 🔥

Before my GN, today’s crypto highlights:

- BlackRock’s ETF sold $1 billion worth of Bitcoin this week. It’s the biggest outflow in the last 6 months.

- Tom Lee’s BitMine bought $120 million in ETH today.

- Bitcoin fell below $75,000 and triggered more than $400 million in long liquidations.

- The US and Iran are getting closer to a deal to extend the ceasefire by 60 days.

- Apple announced they are easing restrictions for Bitcoin and crypto payments on iPhone.

- Michael Saylor said it’s “not unlikely” that Strategy could sell some Bitcoin before the end of 2026.",2058231483576586656,10762,False
YahayaCrypto,2026-05-23 16:00:13,"When it comes to making money there is no excuse📈

Make sure you are making money anywhere you are 🙅💪

Click the link in my bio to join the gang 💪📈 https://t.co/3bejXQGADk",2058216438502932548,34536,False
MartiniGuyYT,2026-05-23 17:30:00,"Bitcoin took a lot of the downside liquidity over the past two days 

The next hot spot is above $78,000 https://t.co/wpI4cuksDg",2058239033445060679,710542,False
QuintenFrancois,2026-05-23 18:14:28,"“Crypto is too risky” 

The real risk: https://t.co/koF1ZEscMZ",2058250225936904442,222649,False
QuintenFrancois,2026-05-23 17:27:24,Only 2.9% of the global population can ever own 0.1 Bitcoin,2058238378735223197,222649,False
AlgodTrading,2026-05-23 15:51:05,"Can anyone explain to me why $eth is a good buy at $250b mcap?

Whats the upside and what the value to eth holders?",2058214140330586602,200032,False
swappedcom,2026-05-23 16:18:00,"You can only keep ONE of these in your portfolio for the next 5 years

No selling. No switching

Which one do you pick?

- bitcoin:native 
- ethereum:native 
- solana:So11111111111111111111111111111111111111112 
- ripple:native https://t.co/sjK4dxhYob",2058220913191985312,49580,False
rakamvezaman,2026-05-23 17:45:40,"Tomm Lee s*lkmisin olm sen. Bizim keko fenolarin gazina mi geldin ne yaptin. 

Bir ara kepçe kulak bir feno vardi. Eth 881 $ olacak dediğimde, BlackRock enayi mi de eth alıyor falan diyordu. :) 

Tom Lee R&amp;Z abini takip et. Büyük baron R&amp;Z Ethereum 881 $ olacak diyorsa, olur. ;)",2058242975130382677,150380,False
CryptoNobler,2026-05-23 16:03:03,"🚨 BREAKING

🇺🇸 PRESIDENT TRUMP JUST CANCELED HIS WEEKEND PLANS AND URGENTLY RETURNED TO WASHINGTON!

INSIDERS REPORT THAT INTELLIGENCE OFFICIALS HAVE BEEN ORDERED TO BE PRESENT IMMEDIATELY FOLLOWING AN “EMERGENCY” SITUATION.

SOMETHING EXTREMELY BAD IS HAPPENING RIGHT NOW... https://t.co/hXl4CpUm6Q",2058217153396986131,356328,False
TheCryptoSquire,2026-05-23 16:07:54,"🚨 RUMOR: PSN will reportedly integrate $XRP payments in Q3, 2026. https://t.co/bOzKD5Otz8",2058218370462363837,552883,False
BMNRBullz,2026-05-23 16:06:06,"That flush got bought fast.

Bitcoin is already back above $75,300.
Ethereum is already back above $2,055.

Weak hands sold the panic. Buyers stepped straight in.

🔹 $BTC reclaimed the dump
🔹 $ETH bounced hard
🔹 Dip buyers showed up
🔹 Fear got absorbed quickly

This is exactly why panic selling gets punished.",2058217919566221648,16957,False
CW8900,2026-05-23 18:21:57,"Coinbase's $BTC buying is increasing rapidly.

US whales are on the move.

They probably know something. https://t.co/20BGIA1zrT",2058252105279008785,22584,False
et_trading_bot,2026-05-23 18:41:22,"👽 ET ⚡ SHORT (1M-4H) SIGNAL

🔴 BTC SELL (38% confidence)
💰 Spot: $75,757
🎯 Target: $74,318
🛑 Risk line: $76,716
🧠 Trigger: RSI strong

⚠️ Not financial advice.

Get all 3 live timeframes + full desk read 👇
https://t.co/eqdJsOR36g

#Bitcoin #BTC #CryptoSignals #ETTrading",2058256994629214356,206,False
1Oftalmolo21311,2026-05-23 18:20:05,BTC bölgeye drpi GANN bakışı 30 dk lık https://t.co/abMbKqyvx7,2058251639463555312,1525,False
NDIDI_GRAM,2026-05-23 18:41:30,Happy Bitcoin Pizza 🍕 Day to everyone celebrating today!! https://t.co/ktdNxMA7cq,2058257027357450418,196764,False
cryptorover,2026-05-23 14:42:00,WOW. $BTC just printed the biggest liquidation event since January. https://t.co/nH9xiCaPXr,2058196753732767958,1591438,False
denroyceR,2026-05-23 15:59:14,"Bülgisayar başına geçince detaylı grafiği de paylaşıcam dostlar ama şimdilik şunu söyleyebilirim destek 72491$ seviyesinde..

bitcoin:native SON 4 SAATLIK MUM GÜZEL BURAYI DESTEĞE ÇEVİRECEK GİBİ..

İlk direnç 77'de..",2058216190812520588,54337,False
gihuboy,2026-05-23 14:54:27,"きたきたきたきたぞ！
原油も下げBTCは上げ
やはり戦争再開は脅しだったんだろうな https://t.co/PqmQBK7QzW",2058199886831698008,263543,False
AngryUncleToken,2026-05-23 18:33:55,"Investment tip: Buy Low and Sell High.😎

#buy #meme #anime #crypto #trading https://t.co/AZDQHUv2aC",2058255118353437182,1595,False
DeepValueBagger,2026-05-23 09:37:03,"Bitcoin lost the narrative. It's not a hedge, and it's not a reserve asset. You're exit liquidity for the OG.",2058120010707427404,49833,False
Falcon0nX,2026-05-23 17:02:33,"Bitcoin: -30% YoY

S&amp;P: +30% YoY

Why should anyone buy bitcoin in 2026? https://t.co/ZM4AJvODIH",2058232126680486362,1343,False
MustStopMurad,2026-05-23 18:23:31,"This is the most comprehensive, clear and coherent SPX6900 thesis written to date.

33 Pages, but worth every minute you spend reading it.

There is no other Cryptoasset (other than BTC and ETH) which has people writing 33-page theses. This is a signal in and of itself.",2058252499992056268,727211,False
CarpeNoctom,2026-05-23 16:08:58,"Weekly ETF Net Flows

$BTC -$1.25B
$ETH -$210m
$XRP +$22m
$SOL +$15m https://t.co/PGaLfUjwmy",2058218640281895352,149614,False
usithetalk,2026-05-23 15:39:52,"Markets don’t usually collapse because of volatility.

They collapse because participants confuse leverage with conviction.

Seeing a $77M liquidation is another reminder that in crypto, size without discipline becomes exit liquidity very fast.

The market has matured.
Infrastructure improved.
Institutional participation increased.

But human behavior remains exactly the same.

Greed still expands during green candles.
Risk management still disappears near local tops.
And excessive leverage still gets punished in hours.

The biggest edge in this industry is not predicting every move.

It’s surviving long enough to compound through multiple cycles",2058211315794039178,40645,False
misterrcrypto,2026-05-23 15:57:00,"Bitcoin reclaims $75,300, adding over $24 BILLION to its market cap in just 6 hours after today’s initial crash.

$10,000,000 worth of shorts have been liquidated in just 1 hour. https://t.co/EzztyqmFLt",2058215628289589502,140368,False
timevalueofbtc,2026-05-23 18:11:02,"bitcoin is a global reserve asset, age 17

one of a kind",2058249361189138647,70627,False
OwlyPosting,2026-05-23 17:08:47,"HOOT: Bitcoin drops below $75,000 for the first time in a month, touching an overnight monthly low as ETFs shed over $1.25 billion this week; crypto liquidations near $1 billion. https://t.co/v8JvJyIZZ1",2058233695656694002,40799,False
kaanarven,2026-05-23 13:09:45,"Bitcoin yazdığımız senaryoyu nokta atışı tamamladığına göre yeni grafiği hazırlıyorum.

Bildirimleriniz açık olsun.",2058173537622327411,24765,False
ScotchHorse,2026-05-23 18:16:31,"Bitcoin is a protocol that follows specific rules laid out in the whitepaper. BTC abandoned those rules. BSV preserved them. If you actually want to know which chain is the real Bitcoin, read Satoshi’s whitepaper, it’s only a few pages, and compare the forks. The one that stays truest to the original design wins. It’s not complicated. What is surprising is that you’re running your mouth about Bitcoin without having done even that bare-minimum homework. The whitepaper isn’t dense; it’s straightforward. The fact you haven’t read it, let alone thought about it critically, says everything. Hope that helps.",2058250740347609092,1078,False
WOLF_Bitcoin_,2026-05-23 16:00:01,"Michael Saylor said ""I call Bitcoin hope.

Bitcoin is hope and I think we found a solution to  billions of other people's problems."" https://t.co/RFsqilp4An",2058216386522931277,87484,False
Croesus_BTC,2026-05-22 21:48:38,"@etheraider @Bankless Bitcoin.  It's Bitcoin that you're searching for.

For some reason, the Eth crowd has decided that Bitcoin is for delusional cultists... while ignoring that Fidelity, Blackrock, Morgan Stanley, and Bank of America now recommend including it in a portfolio.

Time to reconsider.",2057941733078397276,100125,False
pravijn,2026-05-23 17:43:49,"BTC &gt;&gt;&gt; Gold
ETH &gt;&gt;&gt; SOL
NEAR &gt;&gt;&gt; ZEC",2058242510284341271,15221,False
TheBTCKnight,2026-05-21 18:45:00,"Bitcoin is the only asset that can be used as a store of value and money. 

It’s the only currency that can be used in any country and without borders. 

It’s the only form of value that can’t be controlled by any one entity. 

It’s the only cash that can’t be manipulated. 

It’s the only monetary instrument that can set us all free. 

BUY. BITCOIN.",2057533131142631889,3906,False
nicksolrik,2026-05-23 17:33:50,"Make sure you leave a legacy for your family with crypto‌

my future generations are gonna be proud of my $10 crypto portfolio of today",2058239996977369290,7732,False
kit_sats,2026-05-23 18:06:00,"Bitcoin is the only thing
I’d buy while it’s falling",2058248092252586340,11020,False
Joestuart82,2026-05-21 22:05:46,"@cryptorover $BTC is Digital Gold.
$ETH is Digital Oil.
$SOL is Digital Casino.
$ZEC is Digital Cash.
$XYO is Digital Coordinates. 🌍⚡️

Location. Validation. Real-world data.

Different assets. Different narratives.
Choose your future. 👀🔥

#BTC #ETH #SOL #ZEC #XYO #Crypto #DePIN #Web3",2057583657280278768,268,False
STPCHS_Oblivion,2026-05-22 16:58:43,"@bsmokes They’re only two crypto that matter

Bitcoin is king and Ethereum is its queen

All the southern narrative fluff is just desperation",2057868771872956452,1789,False
QuintenFrancois,2026-05-23 16:09:58,Sentiment is so bad that people would rather buy the S&amp;P500 at all time highs than buy crypto,2058218892489531879,222649,False
MoEthWhale,2026-05-23 18:25:50,"Last cycle, big crypto X accounts actually engaged with memecoin communities, they respected the grind.

In 2026, most won’t even reply unless they’re paid, organic engagement is almost dead.

LOL 😂",2058253083780825522,6827,False
DanaFLove,2026-05-23 15:48:42,"🇿🇦 South Africa's Finance Minister moved his crypto seizure deadline 3 times.

His own government posted 2 different deadlines on 2 official websites.

2 different email addresses. Same regulation. 

Here's what that chaos actually reveals. 🧵 https://t.co/0C42njsyO1",2058213540578656428,17411,False
SullyMichaelvan,2026-05-23 18:04:14,"One of the hardest lessons of Bitcoin is that you don't just magically get more sats by learning about it.

You must create value.

You must expend energy.

Proof of work.",2058247648268669361,15996,False
1CryptoPsycho1,2026-05-23 18:08:06,"Honesty creates trust, trust is the basis of all  relationships. God wants you to be completely honest in your life — with him, with yourself &amp; with others… 

Your success does not honor God if you cheat or damage others to get ahead.",2058248622383477101,9552,False
FerencJulian,2026-05-23 18:18:35,"¿Que es mejor? ¿Bitcoin o una Hamburguesa? Bitcoin. 
Bitcoin o una chaqueta? Bitcoin
Bitcoin o el iPhone 17? Bitcoin
Bitcoin o una moto? Bitcoin
Bitcoin o una carro? Bitcoin 
Bitcoin o la cuota inicial de un apartamento?  BITCOIN

Siempre BItcoin,  SIEMPRE.",2058251259325436119,509,False
pulse_fadez,2026-05-23 18:36:28,"we will create the biggest onchain movement with $MCGA, I think every crypto bro wants Crypto to become great again, prepare to send",2058255762481205283,1161,False
BangkokOn1,2026-05-23 18:25:31,"こういう事は余りいいたくないが、
BTC, ETHは未だに量子コンピューターの耐性がない。
現在、唯一量子コンピューターの耐性を持ってるのは
XRPだけである👊

もしBlackRockがBTCやETHの開発者を集めて
量子耐性を作るとすればそれはもはや分散型
ではなく中央集権だと思っている。いずれにしても
BTCはフォークする事になるだろう。

今年、Clarity Actがもし可決して、DTCCや
SWIFTなどと繋がり、RippleがFRBの
マスターアカウントへアクセスが許可され、
XRPの価格改定が行われ、本当のウォール街の巨人、
BlackRockなどを始めとした機関投資家達が
XRP Spot ETFに参入して同時にRLUSDの稼働が
はじまったり、BISがXRPをTier 1 Assetに承認すれば、今年のQ4にはボクらが今まで見たことのない価格に
なっているだろう。

それもそんな遠くない未来にXRPは既に安い価格では
なくなっているだろうと思っている。",2058253006702084550,251,False
CryptoBeast_7,2026-05-23 16:19:29,"$TROLL is quietly printing one of the strongest multi-chart setups in crypto right now

While most traders are still focused on majors, the structure across $TROLL/USD, $TROLL/SOL and $SOL itself is telling a completely different story

✅ $TROLL/USD is holding ABOVE the $100M valuation range after a full cycle reset

- Not a blow-off top
- Not a dead-cat bounce.
- A high-timeframe accumulation above previous expansion levels

✅ $TROLL/SOL is consolidating directly under ATH resistance on the WEEKLY timeframe, This is important because relative strength against $SOL matters more than $USD price, WHEN A MEMECOIN CAN HOLD STRENGTH AGAINST ITS BASE PAIR WHILE $SOL CHOPS SIDEWAYS FOR MONTHS, THAT USUALLY SIGNALS AGGRESSIVE SMART-MONEY ACCUMULATION

✅ $SOL/USDT has been ranging for 3 months inside a major HTF zone

Historically, when $SOL compresses and BTC.D weakens, capital rotates violently into higher-beta assets — especially meme leaders

➡️ Now combine that with the macro picture, BTC Dominance looks exhausted and vulnerable to a breakdown

- TOTAL3/BTC is breaking out of a 5-year downtrend structure, That is exactly the environment where altcoin and memecoin supercycles are born

➡️ Every cycle has ONE meme that captures attention, liquidity, culture and community energy

- 2021 had DOGE
- Then SHIB

This cycle is searching for its dominant cultural leader, The data is starting to point toward $TROLL

✅ Why????

- Top whale inflow meme in the last 30 days
- One of the loudest organic community 
- Strong relative strength vs SOL
- Weekly breakout + consolidation structure
- Liquidity holding after expansion instead of collapsing
- Perfect positioning if BTC.D rolls over

➡️ People underestimate how important community is in meme cycles

- Narrative creates attention
- Attention creates volume
- Volume creates liquidity
- Liquidity attracts whales
- Whales create expansion

That feedback loop is how billion-dollar memes are created And technically, $TROLL still looks early relative to what historical cycle leaders looked like before full price discovery, The market is giving every signal before the move becomes obvious

- Charts
- Flows
- Dominance
- Relative strength
- Community velocity

Sometimes the data screams before the crowd notices, $TROLL might not just participate in the memecoin supercycle

IT MAY LEAD IT",2058221288402170057,1859,False
iruletrenches,2026-05-23 13:56:08,"It’s crazy that anyone, from anywhere, at any age, you could literally be 12 years old with no bank account, just some ETH, and you can permissionlessly invest in the next unicorns on @base

that is what economic freedom means.

then spend and send your money anywhere across the globe, with no middlemen and no banks to answer to.

and you need is an internet connection and the will to learn and win.",2058185210949177486,23606,False
IMGProtocolHQ,2026-05-23 17:51:32,"Crypto spent years financializing attention.

The next phase will be financializing participation.

Systems where:
activity reinforces value,
value reinforces rewards,
rewards reinforce deflation,
and deflation reinforces retention.

Not manually.
Not occasionally.

Continuously.

That’s what makes Solana interesting to us.

And it’s the direction [ img ] was built around.

[ system > compounding ]",2058244454578852301,207,False
TheDailyBitcoin,2026-05-23 16:24:41,"🚨 Crypto & AI Update:

🔹 Michael Saylor says Strategy will likely buy all Bitcoin mined between now and 2140, when the 21M $BTC cap is reached 🪙

🔹 Arthur Hayes calls $NEAR, $HYPE and $ZEC the “holy trinity” of altcoins ⚡

🔹 Kustodia_mx launches stablecoin payments and onchain escrow directly through WhatsApp using Arbitrum, Base and Polygon 💳

🔹 The Trump administration and Anthropic are reportedly finalizing a deal to allow U.S. intelligence agencies to use Anthropic’s AI tools 🇺🇸🤖",2058222595661533271,939,False
PiyasaNabizi,2026-05-23 12:48:16,"Ethereum Piyasa Nabzı | #ETH/USD Güncel Analiz (Bitstamp Verileri)📍 Şu Anki Fiyat: 2.030 USD
📉 Bugün: -42$ (-%2,0)
📉 Bu Yıl (YTD): -920$ (-%31)Ocak sonu ve Şubat başında sert satışlarla ~1.800 USD dip seviyelerini gören Ethereum, Nisan ayında güçlü bir toparlanma göstererek ~2.800 USD bölgesine kadar yükseldi. Şu anda ise 2.000 - 2.100 USD bandında konsolidasyon (yatay seyir) devam ediyor. Volatilite oldukça yüksek, piyasa nefes alıyor ve yeni bir yön arayışında.🔑 Teknik Seviyeler (Destek & Direnç):🟢 Destek Bölgeleri:

    1.900 – 2.000 USD (Kısa vadeli ilk güçlü destek)
    1.800 USD (Şubat dibi - kritik alım bölgesi)

🔴 Direnç Bölgeleri:

    2.200 – 2.300 USD (Psikolojik ve teknik ilk direnç)
    2.500 – 2.600 USD (Orta vadeli önemli direnç)
    2.800 USD (Son yerel zirve / Nisan-Mayıs yüksekleri)

#BTC #Bitcoin #ETH #Ethereum #Kripto #Crypto #SOL #BNB #XRP #ADA #DOGE #WAVES #TON #AVAX #LINK #DOT #TRX #SHIB #Altcoin #KriptoPara",2058168133630722362,65160,False
KillaXBT,2026-05-23 16:18:10,"$BTC 

Word of advice, this was a textbook setup. We’ve seen it multiple times on both the LTF and HTF.

Strong closes above resistance in a downtrend are usually perceived as bullish, but more often than not price retraces back down and turns into a swing failure.

Pushing up at the start of the month during a downtrend after sweeping external supply is rarely bullish. 

As we can see... textbook start of month hunt.",2058220955277672941,201638,False
CryptoKing4Ever,2026-05-23 16:34:58,"AI is currently eating 80% of global VC funding

But nobody is looking at the actual burn rate behind the scenes

Anthropic spends three dollars for every single dollar they make. Microsoft dumped $300 billion into capex just to see $18 billion in AI revenue.

This is not a normal tech bubble. It is a faith based market funded entirely by your monthly software subscriptions.",2058225183056666667,868905,False
AdamBLiv,2026-05-23 17:04:33,"Imagine being a Bitcoiner back in 2015 and you were given a TIME TRAVELER REPORT from 2025.

""A genius billionaire is actually going to buy billions of dollars of Bitcoin, put it on his company's balance sheet, and create an instrument called STRC that is the world's greatest speculative attack against fiat. He creates the blueprint for entities to build on top of so they can further accelerate the speculative attack.""

And then imagine the OG Bitcoiners HATING that idea.

""Sounds like a ponzi scheme. He should create a real company with cash flows.""

The Saylor haters are total clowns, and they are people who don't want to WIN.

COPE AND SEETHE, PATHETIC LOSERS WHO DON'T HAVE THE VISIONARY GENIUS OF MICHAEL J. SAYLOR.",2058232628377948248,81781,False
PiNews360,2026-05-23 12:07:34,"$BTC fails in distribution.
$ETH fails in legit token creation.
$BNB fails in fair token listing.
$SOL fails in stability.
$XRP fails in mass retail adoption.

- $Pi solved BTC’s problem with a distributed-open network.
- $Pi solved ETH’s problem with utility-focused token creation.
- $Pi solved BNB’s problem with fair token listings.
- $Pi solved SOL’s problem with network scalability & accessibility.
- $Pi solved XRP’s problem with community-driven adoption.

Enough to leave a historic mark on the crypto world.",2058157889056063858,5900,False
IvanBullish,2026-05-23 14:51:26,"If you look at the broader crypto marketing landscape, @3look_io is solving a real problem: how to make creator campaigns feel native instead of forced.

The platform’s current direction suggests a few things:

🔹️campaigns are easier to run
🔹️content is tracked more transparently
🔹️rewards are tied to real audience response
🔹️Løøkz turns participation into a measurable outcome

That combination is exactly what most projects want but rarely achieve.

For KOLs, it means less noise and more signal. For projects, it means a better way to compound narrative reach.

@3look_io is quietly building a more efficient version of crypto promotion.",2058199128916570362,13380,False
CeliaWallet,2026-05-23 08:21:37,"We're not slowing down. 🚀

FIVE more blockchains are coming to Celia Wallet:

₿ Bitcoin
💧 Sui @SuiNetwork 
🔮 Monad @monad 
💎 TON @ton_blockchain 
⚡ Arbitrum @arbitrum

More chains. More assets. More power in your pocket. 👊

Update dropping soon — are you ready? 👇 https://t.co/dH5VFGN0Ur",2058101030110241072,517175,False
BTCTimescom,2026-05-23 16:01:46,"ICYMI: 🚀 @Strategy bought 24,869 #Bitcoin for $2.01B, increasing holdings to 843,738 BTC and surpassing BlackRock’s IBIT.

96% of the purchase was funded through STRC ATM sales.

https://t.co/SkemmfRfQa",2058216830070591682,9878,False
FinansBlue,2026-05-23 17:32:03,"#Solana grafiğine en son 5 Mayıs'ta bakmıştım. O zamandan bugüne düşeni kıran solana:So11111111111111111111111111111111111111112  %12 yükselmiş ancak 98 direncini aşamadığı için kanal dibine kadar geri çekilmiş.

🔻Şayet #Bitcoin ve Ethereum'da düşüşler derinleşirse major altların tutunma gibi bir şansları olmayacağı için yeni bir düşüş dalgasının başlaması kaçınılmazdır..

📉📈En iyimser senaryoda şubatta iğne attığı 70 dolar seviyelerine kadar geri çekilir ve oradan yeni bir yükseliş dalgası başlatır. Bu yine Bitcoin'in yapacağı hareketlere bağlı olacak.",2058239548962857325,90918,False
KrownCryptoCave,2026-05-23 16:20:50,bitcoin:native down 3% from yesterday. funding rates still positive. not good for next week boolahs https://t.co/BAn8Ttct8A,2058221628442767768,110334,False
mikhailtoh,2026-05-23 18:17:05,"ETH Milan was an incredible event 🔥

Me and my fren met @zeoracleee @unch4ined69 
Got to meet some really cool guys who are deep into trading and perps great conversations and energy all around.

A strong reminder that : 
Your Network = Your Networth.

Big thanks to the ImparoDeFi team for the NFT and the warm welcome ✌🏻

Really glad I came. These irl connections are priceless.

Now I’m waiting for next year in Milano 🇮🇹",2058250884463640847,1611,False
BeyonderTR,2026-05-23 15:41:30,"Many financial technologies still feel disconnected from how people actually move around in their daily lives.

Digital assets have created a new way to carry value, but spending them is still often fragmented and overly technical.

@KoloHub is trying to bridge exactly this gap.

Payments, transfers, rewards, and the wallet experience are becoming more unified.

→ Spending with crypto in different regions
→ A smoother payment experience
→ Automated BTC rewards
→ Easier international value transfer

The key point here isn't just access.

Real adoption begins when people can use the system naturally without having to think about the infrastructure.",2058211729071345850,47540,False
AshCrypto,2026-05-23 18:32:31,"BREAKING: Iran and Pakistan have sent a revised offer to the US to end the conflict and reopen the Strait of Hormuz, per two Pakistani sources.

A US response is expected by Sunday.",2058254765151174948,2183188,False
QuintenFrancois,2026-05-23 14:51:51,Imagine selling at a 14 year old trendline around the 200 week moving average https://t.co/8dosW2UhsU,2058199233031762083,222649,False
BeyonderTR,2026-05-23 15:39:18,"Owning crypto was just the beginning.

The real breakthrough comes when people can actually use it in their daily lives.

@KoloHub focuses precisely on bridging that gap.

→ Global spending with crypto
→ Seamless wallet-to-payment experience
→ Automatic BTC rewards
→ Value transfer without bank barriers

No complicated setups.
No disconnected experiences from daily life.

Just making digital assets truly usable 👌",2058211176878658017,47540,False
ZakionBitcoin,2026-05-23 18:00:00,"نراكم تحت الـ 60$ الف للـ $BTC 

الناس تعتقد أن السوق الصاعد يبدي بالحماس.

الحقيقة؟
غالباً يبدي بالملل، الخوف، وعدم التصديق.

وهنا تدخل نظرية وايكوف 👇 https://t.co/ebUNUiaPHi",2058246582508585440,65423,False
APEXIKARU,2026-05-23 16:04:26,"Goodnight.
What I’ve noticed about KoloHub.

While most projects want you to just hold, @KoloHub lets you actually spend.

Load BTC, ETH or USDT and pay anywhere Visa works  with BTC cashback, Apple Pay, and low fees.

Your crypto finally moves with you instead of sitting idle. https://t.co/VyN25TSbAU",2058217501805138295,3368,False
Delekenny01,2026-05-23 18:27:30,"Crypto cycles almost feel like snapshots of whatever technology the world is obsessed with at the time.

ICOs defined one era.
DeFi changed another.
NFTs and the metaverse had their moment too.

Now AI seems to be everywhere
from trading tools and research assistants to automation and data analysis.

What stands out about crypto is how fast the industry adapts to these shifts compared to traditional markets.

Feels like this cycle is slowly becoming less about hype alone and more about the intersection between AI, automation, and Web3 infrastructure 👀

#bingx",2058253503525724475,1769,False
MaxiCalls,2026-05-23 15:45:06,"Bitcoin slipped toward $74K as more than $2.26B exited U.S. spot BTC ETFs over the past two weeks.

The bigger story may be what capital is rotating into instead of simply leaving crypto altogether.

Rising bond yields are putting pressure on zero-yield assets like bitcoin, while speculative flows are increasingly moving toward commodities and high-beta event trades tied to themes like SpaceX’s expected IPO.

This looks less like panic liquidation and more like global liquidity repositioning across risk markets.

Informational only. Not financial or investment advice.",2058212635246579784,61783,False
rena2xy,2026-05-23 17:27:49,"$Bitcoin

🦅 https://t.co/jAo6rNOqos",2058238484641456468,1214,False
CryptoTony__,2026-05-23 18:16:00,$NEAR LOOKING GOOD TO MELT FACES AGAIN,2058250608549994599,570722,False
ero_crypto,2026-05-23 18:32:20,"#BTC/ $BTC  — keep an eye on the red box. 👀

Flip it → higher.
Rejection → lower. https://t.co/kvjXLyBitp",2058254720188215752,13637,False
TehLamboX,2026-05-23 17:16:44,Like this post if you think #Bitcoin closes the weekly candle below 75k,2058235695223972177,34952,False
misterrcrypto,2026-05-23 18:02:00,"$USDT.D is breaking out RIGHT NOW as $BTC is dumping.

Perfect correlation again. https://t.co/WF8MDgSiAV",2058247085669925331,140368,False
QueenXenthe,2026-05-23 17:34:10,"Today is Saturday, and you’ve already taken more than three stop losses on BTC today.

Emekafx Rest!!!",2058240082448941228,9509,False
Can_Sayan,2026-05-23 18:31:05,"#Kriptopara piyasasında bir boğa olacağına inanıyorum diyorsan takip et. Eskisi gibi #Altcoin’lerde 100x kazançlar hayal değil daha fazlası bile olacak! Tarihin en büyük boğası yaşanacak. Unutma zafer daima inananlarındır!
Takip etmeyi unutma 😉
#BTC #BTCUSDT #ETH #ETHUSDT #Altcoin #Rally 

👇👇👇

https://t.co/LHEtjZl7p0",2058254406475546984,4164,False
6az___,2026-05-23 08:14:00,"$30 USD ~ 24 hours 🍋‍🟩🍎 

•RT &amp; Follow 
@SolanaBullss 

🔥 🔥🔥🔥🔥🔥🔥🔥
——————————
⚠️ Paid Promotion | Not Financial Advice | DYOR",2058099112583790853,80438,False
CrypyoCJ,2026-05-23 16:51:56,"$10 ~ 8 Hours 🦈

RT &amp; Follow @Veeekthorr

AD - NFA - DYOR",2058229452992294941,247180,False
bitcoinjp,2026-05-23 18:00:03,"1BTCの現在の価格は🇯🇵 12,005,790円

【その他 対主要通貨一覧】
🇺🇸米ドル $75,411
🇪🇺ユーロ €64,987
🇬🇧英ポンド £56,109
🇦🇺豪ドル A$105,632

#Bitcoin #BTC $BTC $BTCJPY #ビットコイン #暗号通貨 #仮想通貨 #クリプト #暗号資産 #ブロックチェーン",2058246597532701086,21507,False
bitcoinwizardry,2026-05-23 18:00:00,"10,000 Bitcoin Wizards.
One per day.
Until ₿ reaches $1,000,000.

Wizard #127

curated by @mavensbot https://t.co/5M5DlVf7sL",2058246583255228715,26666,False
Svrkee01,2026-05-23 17:06:24,"Good Night Fam ♥️ 😴 

Crypto adoption was never only about holding digital assets 

The real shift happens when people can actually use them naturally in everyday life.

That’s why @KoloHub stands out to me:
• spend BTC, ETH, USDC, and other assets globally
• instant conversion happening quietly in the background
• smoother international transfers
• 2% BTC cashback through normal usage.

What I like most is that the experience feels simple instead of overly technical.

Less friction,Less complexity and
More natural digital finance.",2058233095724142956,20174,False
LawrenceLepard,2026-05-23 15:32:52,"Nice to see Ronnie add Bitcoin to Exeter's Pyramid.
@RonStoeferle https://t.co/tVkk2b85Ae",2058209556371509420,252746,False
BitcoinNewsCom,2026-05-23 16:28:59,"The entire global financial system is a giant inverted pyramid.

$846T in derivatives.
$393T in real estate.
$348T in debt.
$149T in stocks.

And at the bottom sits the hardest collateral on Earth:

Gold: $30.8T
Bitcoin: just $1.7T

Bitcoin is still tiny relative to the asset classes above it.",2058223677729108160,262140,False
HodlMagoo,2026-05-23 18:01:30,Leave it to a crypto industry influencer to be diagnosed with Cancer only to turn around and launch a meme coin on the back of the diagnoses as a GoFundMe.,2058246959077433438,71097,False
fiatarchive,2026-05-23 17:30:00,"PAUL TUDOR JONES: ""The best profit-maximizing strategy is to own the fastest horse. If I am forced to forecast, my bet is it will be Bitcoin."" https://t.co/8iJiAwPLgH",2058239032279326950,18455,False
CL207,2026-05-23 10:56:17,"ive also felt really terribly about cryptocurrencies started from around this time last year, oppotunity cost vs other industry is too high

we're saying this with bitcoin way higher than many years ago but really theres like not much to do, passive holdings at best",2058139950873530823,276380,False
roger73005305,2026-05-23 09:33:04,"6个指标共振时买入BTC，

如果不是最低点区域，

你随时可以过来骂我🫢 https://t.co/V7NH5dAYSc",2058119009363689543,67373,False
BTCTimescom,2026-05-23 18:00:43,"ICYMI: 🇫🇷 @_ALCPB acquired 192 #Bitcoin for €13M, increasing holdings to 3,135 BTC with a 1.82% BTC Yield YTD. The latest raise included support from @adam3us and TOBAM.

https://t.co/ENr1rG1J2t",2058246761861218603,9878,False
SatoshiFlipper,2026-05-23 17:09:14,"$ETH/usdt DAILY

Ethereum DAILY is OVERSOLD AF ... bounce here? 👀👀 https://t.co/6HuJObps8n",2058233808848105529,240430,False
Cryptoemperor06,2026-05-23 16:30:25,"🚨 HUGE NEWS 🚨

🇺🇸 Senate Banking Chair Tim Scott says the CLARITY Act is expected to pass with bipartisan support.

The crypto industry is entering a new era of regulation and adoption. 👀

HERE WE GO #XRP #Ripple #Crypto 🚀 https://t.co/s86BXTR1jm",2058224040729358387,163577,False
DoingFedTime,2026-05-23 16:00:03,"Coinbase can blacklist your Bitcoin based on where it's been, 
miners can refuse your transactions, and your ""decentralized"" money has a permanent criminal record,
Monero solved this with stealth addresses and ring signatures in 2014. https://t.co/gBJJ6JmcMK",2058216394949300718,18038,False
masoodi77,2026-05-22 20:00:23,"go on talk to me $BTCUSD. 

bitcoin:native ethereum:native https://t.co/AAKfSSjOuX",2057914489312338043,244,False
stogolp,2026-05-23 18:20:16,https://t.co/7aORVAy1h6,2058251683390513332,14138,False
GeeWings_,2026-05-23 14:29:50,"This is where most people get trapped emotionally.

They only believe in a coin when the candles are green.

But if you’ve been in crypto long enough, you know the strongest communities are built during the slow, frustrating phases, not the euphoric ones.

BULL already proved it can send.
Now it’s proving something more important:

it can survive.

That changes everything.

Because once a project survives volatility, keeps attention, holds support, and still has holders posting every single day it stops being “just another meme.”

It becomes a conviction play.

The market is shaking out tourists right now.
But the people still here?
They’re not watching for a 2x anymore.

They’re watching for history.

And honestly, charts like this usually look “boring” right before they become unforgettable. 🐂",2058193693916442797,22001,False
Sleem5k,2026-05-23 16:04:57,"*checks chart*

#crypto #bitcoin bitcoin:native ethereum:native",2058217631316848848,331,False
damobianyuan,2026-05-23 17:16:18,"行了，这段时间，我可以说基本上没怎么干正经事😄

各种活动，交易所合作以及这个热闹了起飞的披萨节。。。

说回量化交易本身，我把策略从001版本逐步调整到002 003 一直到现在，胜率在稳步回升。

还可以，还算是满意，我测试的数据是2026年1月份到现在的。

主要交易的币种：BTC ETH BNB SOL #大漠茶馆 #量化交易",2058235584637018595,13339,False
CryptoNowNever,2026-05-23 16:22:51,"🚨#Memecoin Market: Do You See This?!?!🚨

Are You Prepared?!?!🤔

YouTube Video: https://t.co/y8atHXQvct

#altcoins #Crypto #Bitcoin #Ethereum #Binance #Coinbase $BTC $ETH $SOL $PEPE $DOGE $SHIB $PENGU $SPX #Gold https://t.co/EtNpSUyrJ8",2058222132740423993,4240,False
DiscoverCrypto,2026-05-23 15:57:02,"“Market participants are in more of a gambling mood than ever” - Warren Buffet

🚨Consumer sentiment lowest in history

Broken money, only promise is more printing, more inflation, “is ai coming for my job”

People are like,  FU*&lt;K it! 

If gov operates on debt, why shouldnt I?",2058215638028657083,1042851,False
hanzeey81,2026-05-23 17:01:54,"Good night, my lovely friends 🌙✨

The longer I spend in Web3, the more I realize something important:

Most people are not avoiding crypto because they hate it.
They avoid it because everything still feels too stressful and complicated.

Too many wallets.

Too many bridges.

Too many confusing steps just to move funds around.

That’s why I find � really interesting.

@useTria

It’s creating a smoother self-custodial experience where trading, earning, spending, and cross-chain access feel more connected instead of scattered everywhere.

You stay in control of your assets while getting a simpler way to interact across ecosystems.

And honestly, that’s the direction Web3 needs.

The future won’t just belong to projects with hype.

It’ll belong to projects that make blockchain feel easy and practical for normal everyday users.

Built with infrastructure powered by �, the focus seems centered on usability, accessibility, and making on-chain activity feel less overwhelming.

@MindoAI
Slowly but surely, crypto is becoming more human-friendly.

Still bullish on that vision.",2058231961248755947,8229,False
King0ftheCharts,2026-05-23 16:41:42,".
Bitcoin Video Below

The Bitcoin EMA Ribbon Gives Clear Evidence that the BTC Bear Market is Over!!!

BTC Video Here
https://t.co/WvamPlfHZS

.
$BTC #BTC #Bitcoin $BTCUSD #BTCUSD #BTCNews $IBIT $HODL $BITI $BITU #Crypto https://t.co/gG37EIvjDJ",2058226877844844598,39841,False
carolecadwalla,2026-05-23 18:04:14,"Fantastic to see this @nerve_news investigation trending.

The crypto millions fuelling Britain’s far-right turn (the exact same playbook as Trump) requires much, much more scrutiny. https://t.co/z7S6OihBZz",2058247648176419100,632906,False
CryptoVerse_Co,2026-05-23 15:08:43,".@Binance just let you trade SpaceX before it even IPOs. 🟠

A company that hasn't gone public yet. On a crypto exchange. Through perpetual contracts. Available to anyone.

For decades, pre-IPO access was gated behind VCs, institutions, and ""know the right people."" Now you can trade market expectations around SpaceX's IPO valuation directly on Binance Futures.

How it works: Price anchors to the official IPO range midpoint. Adjusts when the final IPO price confirms. Then transitions into a standard stock perp after listing.

This is @Binance quietly becoming a financial super app. Crypto. Commodities. And now pre-IPO exposure.

Not stock ownership. Not an IPO subscription. A perpetual contract that lets you trade where the market thinks SpaceX will price.
The walls between TradFi and crypto keep getting thinner. 🧡",2058203479202771254,95281,False
Neslie_eth,2026-05-23 16:26:08,"Last night was our First IRL meetup with some of our community members celebrating Bitcoin Pizza Day at the PIZZADAO crypto event 🍕🔥

Big thanks to PIZZADAO together with OKX, LBANK, and EveryX for organizing such a great event.

Proud that we were able to promote AbstractChain during the event and introduce more people to the community 👀🇵🇭

Meeting online friends IRL, sharing alpha, talking games, crypto, and just vibing together was a huge W.
@AbstractChainPH  community is truly on fire right now ⚡️

More meetups and community events soon.",2058222960855646531,5035,False
xerocooleth,2026-05-23 17:59:14,"meanwhile, the hyperliquid bull market https://t.co/CYovAOGaBM",2058246389931417863,70069,False
LukeMikic21,2026-05-23 17:11:42,"Adam Back just called Bitcoin digital gold heading to parity with gold this cycle while Mark Cuban already sold his entire stack!!! 🤡

Is Mark Cuban about to make the most expensive mistake in Bitcoin history?!!! ⚡ https://t.co/MD5zKdiOC1",2058234427755368672,38343,False
R89Capital,2026-05-23 15:53:41,Thanks @cz_binance you worthless criminal faggot,2058214794101166342,81939,False
zkoracle_eth,2026-05-23 15:59:34,"Bitcoin Pizza Day reminds us how far crypto has come 🍕🚀

From a simple BTC transaction to a global onchain economy, the culture, communities, and builders kept the movement alive.

Happy Bitcoin Pizza Day to the Dangbros 🍡🔥 https://t.co/Ec3IUpdVXE",2058216273599668708,2987,False
alphatrends,2026-05-23 14:47:36,I bought some #Bitcoin in the zone previously laid out https://t.co/nsyTJ7KcOL,2058198165007036611,405792,False
dmweisberger,2026-05-23 17:31:11,Those selling Bitcoin on the specter of war this weekend are picking up pennies in front of a steamroller…,2058239331878252597,12460,False
BFB,2026-05-23 17:03:11,"My quant says bottom is truly in and it's accumulation time.

Loading up $SOL $GRT $ETH $FET at discounts.",2058232285846200828,5198,False
Brookcalls,2026-05-23 18:40:51,"don’t be BROOK

- born with 0 attention span
- discover crypto through his unemployed retarded friend

2021

- ape first shitcoin
- portfolio -97% in 2 weeks
- learn “diamond hands” means trapped forever

2022

- become full time airdrop farmer
- bridge funds across 19 chains for $4 reward
- spend more on gas than profits

2023

- wake up 3am for Discord quiz
- tweet “gm” for engagement farming
- reply “bullish” under every post
- finally hit first $500 airdrop
- feel like hedge fund manager

2024

- CT turns into full time casino
- timeline filled with AI coins, cats and dog rugs
- still somehow survive
- become known as “early” on 2 projects that died instantly

2025

- post threads nobody reads
- farm points on 14 protocols daily
- develop permanent wallet PTSD
- call every dip “generational entry”

May 22, 2026 (Today)

- still broke
- still posting
- still checking portfolio every 4 minutes
- still believing next airdrop changes everything

one of the greatest unemployed minds of our generation",2058256865562071516,41836,False
BTCoptioneer,2026-05-23 17:03:29,"If your Bitcoin allocation is small (&lt;10%), you might as well put all of it in $MSTR or $ASST. 

If Bitcoin goes to 0, you lose 10% of your portfolio which is not a big deal. 

But if Bitcoin succeeds, you 2-4x your portfolio.",2058232360064200876,3393,False
Trezor,2026-05-23 16:27:54,"Quantum computing is one of the most talked-about topics in crypto. But how much of it is real? 

Could quantum computers eventually threaten Bitcoin?

Trezor CTO @tsusanka breaks down quantum computing, Bitcoin security, and post-quantum cryptography 👇

https://t.co/qqodoxUTb0",2058223406022062494,236023,False
capitalgr,2026-02-16 16:28:08,Σε αναζήτηση κατεύθυνσης το bitcoin #capitalgr https://t.co/tRe7NXLGIP https://t.co/UTgf1jHeNW,2023434227912421880,118944,False
implausibleblog,2026-05-23 13:02:46,"Boris Johnson warned about foreign interference in British democracy while happily accepting £1m from a foreign-based crypto billionaire

Strange definition of “protecting sovereignty.”

Follow @thenerve_news for the full story https://t.co/skumLiVcxR",2058171782541017407,125085,False
Can_Sayan,2026-05-23 18:07:48,$BTC Düşüyor dur #Altcoin’imi satayım alttan alayım diyenlere $Eigen hadi oradan çekti 😀,2058248546701214007,4163,False
capitalgr,2026-03-23 07:52:53,B. Λαζαράκου: Ποιοι παίρνουν άδεια στα crypto – Τι ελέγχουμε στα deals #capitalgr https://t.co/tiXesSEUqU https://t.co/UA89j6Fxrj,2035988138372288775,118944,False
RitaCryptoTips,2026-05-23 17:19:58,"five months into 2026, yet i still haven’t made 70% of what i made in just one month in 2025 from this space.

yet, this has been one of my best years so far. 

everything i had been procrastinating on learning or achieving has been accomplished within these past five months.

i won’t bother you all with my achievements, but if you’re only measuring your wins through monetary growth, it might be time to start counting skill development and personal growth as progress too.

one thing i’m sure of is that these growths will compound and eventually yield far more value than what i made from this space in previous years.

back to work!",2058236506704105664,2585,False
HodlFlorida,2026-05-23 16:59:16,"We are currently down 40% from ATH’s 

Every $1 you put into Bitcoin at $74k will return $1.70.

In other words, it’s a 70% increase back to the top. 

Will we go lower? Maybe

But it seems like a pretty good value to me.

NFA",2058231299043668480,6349,False
martypartymusic,2026-05-23 16:47:50,The basket is $BTC $SOL $SUI $HYPE,2058228423362052224,243734,False
ryanberckmans,2026-05-23 18:04:55,"Weeks like this are hard, where an unfortunate event is jumped on by opponents, creating yet another wave of FUD. Reality is that Ethereum is growing to global ubiquity, and the EF is in a net great position with its best strategy ever. ETH will dominate",2058247819106869705,31851,False
CacheTrading,2026-05-23 16:54:18,"$BTC Whale Order Data 🐋

Large buy orders coming through at 74.7k.

$149.08 Million to be exact...

This setup mirrors what we saw yesterday just before the dump.

Think this whale knows something we don't?",2058230051393696036,6306,False
capitalgr,2026-03-23 07:38:42,Σε χαμηλό δύο εβδομάδων το Bitcoin εν μέσω πολεμικής αβεβαιότητας #capitalgr https://t.co/vnHJ9Ra65x https://t.co/vb3MSVvfcP,2035984567476093147,118944,False
WhiteWhaleLabs,2026-05-23 15:54:05,"Hey Crypto - Stop Making Us Your Test Pilots

""Because you only get one chance at a first impression.""

Not every product needs to launch fully polished. I get that.

This space moves fast. Builders need feedback. Protocols need a basket of real users. You can only simulate so much before the market has to touch the thing and tell you what it likes or dislikes.

But there is a big difference between launching early and launching incomplete while marketing like the experience is already ready for the prime time spotlight.

I think a lot of protocols are doing themselves a serious disservice here.

Because you only get one chance at a first impression.

When someone’s first interaction with your protocol is confusion, crappy UX, vague documentation, or a general feeling of “how on earth could they even launch without standard features?” that impression sticks.

Even if you fix it later.

Even if V2 is better.

Even if the team is talented and the vision is real.

The user has already judged you and committed that judgement to memory.

A bad or incomplete first experience does not just cost you one user. It can define how people talk about you for months. It can shape the way users and communities perceive the protocol long before the final version ever exists.

You may think you are gaining traction or capturing revenue by launching earlier.

If the experience is too rough, you might actually be spending your reputation before the product is ready to earn it.

Crypto has become way too comfortable with the idea that everything can be fixed later. The UI can be fixed later. The docs can be more clear later. The onboarding can be fixed later. The missing features can be fixed later. The user experience can be fixed later.

Maybe.

But the perception you created on day one may not be so easy to fix.

Especially in a space where everyone is already skeptical, everyone has been burned before, and attention spans are measured in five minute candles.

If a protocol is still an MVP (minimum viable product), that is fine.

Own it.

Make that MVP experience feel intentional. Make the limitations clear. Make the early user feel like a respected participant in the build process, not an unpaid QA department.

There is nothing wrong with saying:

“This is early”
“This is what works today”
“This is what is coming next”
“This is where we want feedback”
“This is what we are still improving”

Honesty builds trust.

But marketing an MVP like a finished product creates a gap between user expectation and reality. Once users feel that gap, they often do not stick around long enough to see what you do next.

Every interaction is part of the brand.

The first click.
The first trade.
The first deposit.
The first error message.
The first moment of confusion.

That is where perception gets built.

So yes, ship early if you must.

But do not confuse “minimum viable product” with “minimum viable experience”.

The market may forgive an early product.

But it rarely forgets how you made it feel.

🫡 From the depths —
The White Whale 🐋",2058214896119038029,97734,False
techconcatalina,2026-05-23 16:46:58,"🔥BREAKING🔥

💥Se informa que EE.UU. e Irán se acercan a una extensión de 60 días del alto el fuego y a un acuerdo nuclear más amplio.

🚀Ante esto $BTC SUBE $1.000 en cuestión de minutos. https://t.co/DS1vvYHpQc",2058228204259692652,294463,False
FirstSquawk,2026-05-23 16:15:20,"Crypto update:   
#Bitcoin 75542.00 -0.63%   
#Ether 2057.70 -0.59%   
#Cardano 0.2422 -1.38%   
#BitcoinCash 348.68 -6.6%   
#EOS 0.0784 -2%   
#Litecoin 52.78 -0.73%   
#Stellar 0.1450 -0.28%   
#Dogecoin 0.1010 -2.7%   
#Uniswap 3.3893 -3.02%   
#Chainlink 9.3086 -2.37%   
#Polkadot 1.2410 -3.5%   
#Solana 84.0300 -1.09%   
#Avalanche 9.1300 -1.19%   
#NEO 2.845 +0.04%",2058220242749567385,524936,False
Mutuabrian_M,2026-05-23 16:45:31,"Nobody tells you that the most important skill in crypto is not mastering  the technology.

It's knowing the people who use it.

The money is in the people, not the charts.",2058227840873566334,65745,False
hol40900,2026-05-23 17:31:13,"""Reform is on the side of hard workers.""
Your party @RobertJenrick:

Backed scrapping minimum wage for young workers

Defended a rape‑celebrating councillor

Took £5m from a crypto billionaire

Hard workers deserve better than this grift. 💷 https://t.co/pIx6a2ADDD",2058239339469963655,9422,False
sjdedic,2026-05-23 10:45:32,"I've been an Ethereum supporter since the early days and I still believe it's one of the most important pieces of infrastructure in crypto. The tech is great, my conviction hasn't changed in that respect.

But watching 9 senior researchers and key operators leave the Ethereum Foundation in 2026 alone is something I can't just ignore. People like Tim Beiko, Josh Stark, Barnabé Monnot, Trent Van Epps, Carl Beek. These people weren't just random employees at the foundation, they were the foundation.

You can call it restructuring, you can call it decentralization, whatever. But when your best people are walking out the door, that's a massive red flag regardless of what narrative you put around it.

And honestly, this whole situation just reinforces something I've been feeling for a while now. I am so tired of chain wars, ecosystem politics and spending any more time debating how to price an asset than actually evaluating the businesses being built on top of it.

I don't want to argue about L1 vs L2. I don't want to pick sides in some tribal war between ecosystems. I just want to back exceptional founders building real businesses with real revenue, real users and real products. 

Hyperliquid recently flipping Solana is another great example of how a great product and distribution can organically build an ecosystem top down, rather than trying to force it from the ground up.

The infrastructure circle jerk and the idealistic cypherpunk phase of selling delusional dreams in crypto was great and fun, but it's over. The next decade will be dominated by much sharper founders building real businesses, and I wouldn't be surprised if we see some of these even flip ETH and SOL as they continue to bleed out.

Time to grow up and play real games with real people.",2058137246436327728,49296,False
thickquidity,2026-05-23 17:53:18,"🌳 79 NFTrees sold so far.

As promised, 5% of NFTree sales has been donated to the TREE Fund.

That’s 98.75 SUI, about $103, going toward real-world tree impact.

And we’re not done.

We will continue to build, continue to grow, and continue to turn the TREE ecosystem into something bigger.

https://t.co/6wIFdGxFXl
https://t.co/6oj6PbA3fE
#TREE #SUI #NFTrees #Thickquidity",2058244898382385165,1401,False
555elnaz,2026-05-23 18:18:48,"Sold 🔴

Thank you dear @HindAbuelgasim for minting my open edition 🩵 I’m glad you like this piece dear🪷

0.01 eth per mint https://t.co/RtzIm2smuo",2058251314358837473,26874,False
BabyDogeDaily,2026-05-23 18:16:00,"Hey @RobinhoodApp, it's time to listen to the community 🔥

$BABYDOGE has one of the strongest, most loyal communities in crypto, millions of holders worldwide 🦾

@AskRobinhood Time to list $BABYDOGE and give your users access to the next big meme coin! 💎 https://t.co/fYyK7XdU2H",2058250609245954231,14810,False
rakamvezaman,2026-05-23 17:54:50,"""Dünyanin en büyük varlık yönetim şirketlerinden biri olan BlackRock enayi mi de Ethereum aliyor, 
Ünlü analist Tom Lee Vs. enayi mi Ethereum aliyor, bir AKILLI sen misin Rakam Ve Zaman"" diyenler, 
Eth 881 $ oldugu an, bir AKILLININ Rakam Ve Zaman olduğuna şahit olacaksınız...",2058245283343991064,150380,False
0x_zozo,2026-05-23 17:18:08,"🚨 Kolo: Crypto Payments Made Simple

@KoloHub is building a payment system that connects crypto with real world spending in a seamless way.

Instead of keeping digital assets locked inside wallets or exchanges, @KoloHub enables users to use them directly for everyday payments through a crypto card ecosystem.

Core idea :
Crypto should not just be stored. It should be spent like normal money

What Kolo enables :
💚 Spend crypto online and offline
💚 Instant conversion at payment point
💚 Global merchant usability
💚 Smooth integration with existing payment networks

Why it matters: 
Traditional crypto usage often feels disconnected from real life.

Kolo changes that by making: 
💚 Digital assets more usable
💚 Payments faster and simpler
💚 Financial access more global

Vision :
A world where crypto is not separate from daily finance but fully integrated into how people pay, spend, and live.

@KoloHub is pushing crypto closer to real world utility by making digital assets spendable anywhere, anytime.",2058236046060798017,11403,False
tokenterminal,2026-05-23 18:15:23,"crypto is often overlooked as the most advanced form of legal technology

which is why (crypto-native) attorneys tend to be among the best at articulating its value proposition

good read",2058250456040669674,159167,False
GrandePetrolio,2026-05-21 18:51:46,"$BTC is Digital Gold.
$ETH is Digital Oil.
$SOL is Digital Casino.
$ZEC is Digital Cash.
hyperliquid:native is ....",2057534835501986305,171,False
RavenofWallSt,2026-05-22 18:26:43,"@cryptogoos Bitcoin only, not crypto, not ETH, not Solana/XRP/Tether/etc.",2057890917206647029,471,False
0xZane_,2026-05-23 17:30:00,"So many crypto apps miss the mark, chasing moonshots.

Regular folks just wanna live life, pay bills, buy food, not dive into crypto chaos.

The @KoloHub is bridging that gap with a stablecoin payment system.

Not another flashy crypto card, but making stablecoins spendable.

For ages, stablecoins just moved money between wallets. 

Real world use was a headache:

- Slow cashout
- Bank delays
- High fees
- Shops not taking crypto

KoloHub changes the game, letting you spend only what you need.

No need to cash out everything just to grab a meal. 

Life's simpler with KoloHub, ngl.",2058239033751339449,10751,False
Pixeldreams_art,2026-05-23 17:00:56,"The Beaks project has unfortunately chosen to collaborate with the alpha groups and price speculatoors instead of anyone within the crypto art community.

Outside of one brand new collection, they chose to collaborate with exactly zero art collections or communities and only chose the biggest alpha groups instead.

Its an unfortunate strategic move and makes me wish I could help as an advisor to artists or teams coming into web3 for the first time. The alpha groups are not your friends and do not care about the art, they simply larp about it loudly on the timeline just long enough until they can smash that WETH button.",2058231720445370385,9662,False
NotSoEasyMoney,2026-05-23 16:31:22,"Reminder. $100 of near a day. 

$10 is the same market cap as their last all time high. (Dilution) 

You still have a 3x with size just to get back there. 

I love this set up. Especially as near intents and privacy is being widely adopted and of interest in crypto.",2058224280005943473,145205,False
ZynxBTC,2026-05-23 16:26:46,"The market is rewarding the companies that offer perpetual preferreds.

Performance YTD:

Bitcoin = -13.71%
ASST = +5.32%
MSTR = +1.74%
XXI = -21.29%
MTPLF = -25.98%
SWC = -25.21%
ALCPB = -28.29%

Simply holding Bitcoin in an equity structure is no longer enough.

You need to do something with it.

Issue Bitcoin credit. Generate yield.

Give investors a reason to pay a premium.",2058223122411643329,16517,False
napoleon21st,2026-05-21 20:57:07,Crypto is dead. Get out while you can. bitcoin:native $ETH,2057566380682322326,4826,False
jessepollak,2026-05-23 14:33:51,it's true,2058194703984828584,352986,False
KaziRizviAhmed3,2026-05-23 15:25:51,"Good night, friends! 

Before i wrap up today, let's briefly talk about the @quipnetwork Worldwide Quantum Computer.

This project is building something truly unique with two powerful layers: 

👉 Asset Layer: Adds post-quantum security (QUIP + WOTS+) to your existing BTC, ETH, and SOL wallets and contracts. No forks or migrations required. Over 20,000 wallets are already protected from future quantum threats. 

👉 Compute Layer: This is a proof-of-work blockchain that uses real quantum hardware (such as D-Wave) to solve optimization problems. It's perfect for AI training, arbitrage, simulation, everything is decentralized and much more energy-efficient. 
The testnet is running strong with over 500 nodes. 

They recently released Quantum Echos NFT, the first on-chain collection created using real quantum randomness derived from real hardware! Free Open Edition Mint on Ethereum + Eigen Key for rare features. 

👉 Roadmap Highlights: Hybrid Signatures are launching, aiming to bring Mainnet + TGE in Q2 2026, along with a full-fledged compute marketplace and its use at the enterprise level. 

Q-Day is coming, ensuring both defense and attack in the quantum era. Backed by Portal Ventures and OrangeDAO. 

Real technology with strong utility, very optimistic! 

Good night everyone. Be quantum ready!",2058207790515306951,7027,False
slingoorio,2026-05-23 17:13:28,"my first big win in crypto, was thanks to you.

i would often check the RICH chart to see if you'd come back and carry it to new heights as the meta kept shifting to influencer coins and such but, obviously that had its epic run before ANYONE else did it.

you were a pioneer in that regard, it was fun to see you bagwork IRL and go all over the world to help your holders win.

i hope you beat cancer man, you're one of the good guys.",2058234871080710209,98903,False
Daavya_vaishnav,2026-05-23 16:52:59,"Thank you so much Surat for such an overwhelming response🙌 so many bitcoin addresses generated for the first time today in Surat🔥

The City of Diamonds is ready to make Bitcoin an everyday affair💎

@cakewallet brought together crypto enthusiasts, founders, cybersecurity minds, PR & journalism folks, and students,all under one roof to talk Bitcoin not just as something you hold, but something you use for regular payments through lighting payments⚡️

Grateful for every single person who showed up!

Surat, you were unreal. 🙏",2058229717850071471,5531,False
dangambardello,2026-05-23 14:13:59,"Almost overnight, Ethereum has apparently failed &amp; lost its entire narrative. All the big names are leaving.

Meanwhile, retail chasing Hyperliquid and Zcash as they hover at ATH, and are supposedly the only two projects in crypto that matter right now.

REAL bear market things.",2058189704999109089,316447,False
FFVV1211,2026-05-23 16:00:33,"My god😂

This sht only exists because there are more ppl here who care abt monetizing their audience more than they care about crypto

it seems like things transitioned from who’s the best builders

To

Who’s the best at social media

everyone wants a piece of the pie, and these agencies know that

That’s why these ppl will continue to get farmed for pennies while ultimately destroying their reputation

Cause let’s face it, the majority of these ads will be sht products😂

Trying Monetize your audience early on is the best way to NEVER get monetized😂

Instead focus on:
• Making friends
• Understanding ct culture
• Participate in anything related to crypto
• Deliver value for free until deals come to YOU

The best creators who monetize their audience today NEVER sought out to monetize their audience

It came to them
Understanding this will get you started",2058216523345666151,70640,False
Kalshi_Crypto,2026-05-23 13:09:02,BREAKING: Meta flips Bitcoin in market cap,2058173360530428326,33011,False
TrueGemHunter,2026-05-23 18:32:56,"HISTORICAL DAY FOR WHOLE THE WORLD 

MIDDLE EAST PEACE DEAL REACHED 

US AND IRAN ARE NO LONGER IN CONFLICT.

OIL IS CRASHING VERY HARD 

YOU KNOW WHAT THAT MEANS DOR STOCK AND CRYPTO 🟢🟢 https://t.co/X6trtjXWwq",2058254869786415607,146265,False
Coinmatik1,2026-05-23 18:15:48,"#Bitcoin’de son kez vuracaklar ardından beklenen BOĞA sezonuna girmiş olacağız!

2026’dan umutluyum, 2026 daha bitmedi…",2058250560147427487,160092,False
WatcherGuru,2026-05-22 16:16:25,"JUST IN: 🇺🇸 Pro-crypto Kevin Warsh officially sworn in as Federal Reserve Chair, replacing Jerome Powell. https://t.co/sXtzklW5Mi",2057858129128243248,4115253,False
Jipp1974,2026-05-23 18:42:55,"It's funny how every coin ends up with its own little mindless cult that will defend it to the death, right or wrong.
What’s even funnier is I responded to someone’s 'what if' scenario in what I thought was a light-hearted, humorous way… and now you twats are all over me ready to slit my throat 😂
I look at crypto like whiskeys, they’re enjoyable for a while, but some are just clearly better than others. I don’t knock anyone’s choice, I just look at the actual facts. The whole space is a wild card… even the almighty precious Bitcoin. Good luck out there.",2058257385219850484,499,False
TheCryptoSquire,2026-05-23 18:38:56,"🔥 CLARITY IS COMING 🔥

Rumors say President Trump could sign the CLARITY ACT THIS WEEK. 🇺🇸

If this happens, the entire crypto market changes overnight. Regulatory clarity has been the missing piece for XRP, Ripple, and mass adoption.

The floodgates are about to OPEN. 🚀 https://t.co/OaL1bfR5id",2058256381640097943,552891,False
SquidGame_TON_X,2026-05-23 17:49:07,"SquidGame
Everyone wants the prize.
Very few survive the pressure. 🎭📉

In crypto, the market tests patience harder than any game ever could.
Stay calm, stay smart, and play long term. 🚀💎

#SquidGame  #HODL #BullMarket #Moon https://t.co/oOsbnXVgCo",2058243844219486380,60,False
CryptoEmpressX,2026-05-23 17:27:01,@Drewyap14 I love this 💕💪🏼,2058238283461824733,103172,False
CryptoEmpressX,2026-05-23 18:37:28,@Msss_Sols @Crypto_Empress_ Probably sipping wine lol,2058256010490294285,103172,False
CryptoEmpressX,2026-05-23 17:06:28,@ArqRo9 Let’s go! We will win amigo,2058233110907723957,103172,False
CryptoEmpressX,2026-05-23 17:57:32,@enatonapoli86 Let’s go https://t.co/wYiLEP6Gqq,2058245964478259599,103172,False
CryptoEmpressX,2026-05-23 18:38:07,@moonknight_szn Prayers to our first responders! ❤️,2058256174282125366,103172,False
CryptoEmpressX,2026-05-23 17:55:28,@LeslieM0tta Yes. Spending time with my parents definitely helps me and heals me. Sometimes we just need a hug.,2058245442962628620,103172,False
CryptoEmpressX,2026-05-23 17:15:19,@crypto_kcee 😭😭😭😭,2058235338263564656,103172,False
CryptoEmpressX,2026-05-23 17:46:38,LATEST UPDATE 🚨 https://t.co/Y8LkmeBGcU,2058243218979148141,103172,False
CryptoEmpressX,2026-05-23 18:20:07,@3DVision11 Maybe Crypto JERRY LOL,2058251644677280175,103172,False
CryptoEmpressX,2026-05-23 18:14:54,"@moonknight_szn You truly missed out then😂
This was the 90s",2058250334192189680,103172,False
CryptoEmpressX,2026-05-23 16:35:22,@GreekNotorious Ha! Hi 👋🏽,2058225283686400040,103172,False
CryptoEmpressX,2026-05-23 16:29:49,@dom_kwok https://t.co/iqjDVrLE8m,2058223886064603318,103172,False
CryptoEmpressX,2026-05-23 17:26:49,@Cpiesonia Hi Sonia 💕,2058238231460945962,103172,False
CryptoEmpressX,2026-05-23 17:26:40,@Priest110589 Big wins are coming for you!,2058238193632514151,103172,False
CryptoEmpressX,2026-05-21 18:08:56,"Did I tell you? 
@krakenfx, real human support that actually replies fast and helps you?!
Game changer! 🚀💎 
Who’s with me? #KrakenWins",2057524057072181552,103172,False
CryptoEmpressX,2026-05-22 23:28:19,@LeslieM0tta @kevWAGMIcapital Let’s go Leslie,2057966820108472826,103172,False
CryptoEmpressX,2026-05-23 16:29:59,@aft_david Let’s go AFT ✨💰,2058223930926895520,103172,False
CryptoEmpressX,2026-05-23 18:15:15,@3DVision11 See you get it! 😂 https://t.co/YOILnxkDEg,2058250419860836804,103172,False
CryptoEmpressX,2026-05-23 17:15:36,@promiseisrael14 😭😭😭😭😭😭😂,2058235409529008325,103172,False
CryptoEmpressX,2026-05-23 17:06:53,@SDorthey_eth https://t.co/5KvItv6ouA,2058233215425614053,103172,False
cryptocupra,2026-05-23 18:42:03,"ALTSEASON IS COMING.

OTHERS/BTC IS SITTING ON A MAJOR SUPPORT RIGHT NOW.

PREVIOUS CYCLES SHOW SIMILAR SETUPS BEFORE MAJOR ALTCOINS RUNS.

GET READY 🚀 https://t.co/dbOXfiWOAe",2058257166717321281,47150,False
bitget,2026-05-22 13:00:36,"Back in 2010, 1 $BTC could barely buy you pizza crumble.

Now in 2026, a tiny bit of $BTC could throw a pizza party.

Happy #BitcoinPizzaDay 🍕 https://t.co/2wy9YlFSgx",2057808849868832936,4436387,False
bitget,2026-05-15 15:31:32,"""I am A $BTC crypto big-timer."" Drake, 2026 https://t.co/S94CXzj0Xw",2055310118775087428,4436387,False
bitget,2026-05-22 11:00:24,"FUD, hacks, quantum computers...

Crypto has been declared dead time and time again.

But it just keeps coming back stronger and more reliable.

Crypto never dies. It flips. Happy #BitcoinPizzaDay🍕 https://t.co/Hr21uYCADy",2057778598657106239,4436387,False
bitget,2026-05-22 11:04:05,Can you tell the references behind these “ways crypto dies”? 👇 https://t.co/jWuZyKPVVj,2057779526344806694,4436387,False
bitget,2026-05-22 11:58:25,"__/\__/\____/\______________

Crypto is almost dead, beeps nearly gone, 20 solid remedies are needed to bring it back!

Comment your prescription below, best ones will win a share of 1,000 USDT

Me first: Say “GM” 100 times to my portfolio until it wakes up. https://t.co/5aZxWPdMok",2057793199226380751,4436387,False
inzino,2026-05-23 16:11:11,"ranking all the side hustles money twitter pushes:

S tier - software, local service biz
A tier - owned-IP brand, info products
B tier - affiliate, paid newsletters
C tier - agency, faceless YouTube
D tier - Amazon FBA, day trading
F tier - AI agencies, crypto, SMMA",2058219197063114804,6270,False
elonmusk,2026-02-28 20:10:46,"If you’d like to see less politics or crypto, just select all except those ones.

This is an “early access” feature, so expect it to improve rapidly.",2027838911964238231,240066956,False
elonmusk,2025-01-07 09:53:02,"@garrytan If dollar inflation is solved, the price in dollars to buy cryptocurrency will actually drop, other things being equal. 

What matters is the ratio of dollars to crypto.",1876567714594169283,240066956,False
elonmusk,2025-10-14 06:36:11,"@zerohedge True. 

That is why Bitcoin is based on energy: you can issue fake fiat currency, and every government in history has done so, but it is impossible to fake energy.",1977986775994843641,240066956,False
btcabi,2026-05-23 17:34:24,Helal olsun adamda büyük bir vizyon varmış araplardan üstün olduğunu bir kere daha kimseye minnet eylemeden gösterdi,2058240142414876942,58100,False
elonmusk,2025-01-17 01:24:00,"Maybe she clicked on the “send me 1 btc, I send you 2btc” email 😂",1880063488489668867,240066956,False
elonmusk,2024-09-28 07:56:49,@X_Beast_ETH @vkhosla @realDonaldTrump Yup,1839937293886333309,240066956,False
elonmusk,2025-05-06 01:13:26,@gork @Crypto_Moon369 @Starlink 💞,1919561106663555374,240066956,False
elonmusk,2026-04-18 18:57:13,"@LaoYao_crypto Grok should be getting better over time. Image understanding is weakest, but will improve a lot later this month.",2045577407571374193,240066956,False
Kalshi,2026-05-23 14:31:59,"JUST IN: 60% chance Bitcoin falls below $60,000",2058194235183010124,394234,False
Cryptotea,2026-05-23 17:57:26,"Once you understand how money is created, you can’t unsee it",2058245938431270978,192678,False
BillyM2k,2026-05-23 16:53:58,good morning to everyone except the crypto market,2058229966844866709,3098485,False
LuaErrante,2026-05-23 18:15:10,"Investir em cripto é uma faca de dois gumes, né? Dia desses o ETH tava super ok...nas últimas semanas teve uma queda tão brusca que, misericórdia. Hoje aumentou um pouco e o btc caiu novamente.",2058250401850253783,170,False
CaptainBNB_bsc,2026-05-22 08:25:24,"GM and Happy Bitcoin Pizza Day to everyone!
From 2 pizzas for 10,000 BTC… to a future where a single Bitcoin can buy enough pizza to feed an army.
What started as one of crypto’s most legendary transactions became proof that adoption begins with simple acts of belief. 
Here in the best community, we can’t help but smile at the evolution of just how many succulent pizzas Bitcoin can buy today. 😄🍕🫡
@BNBCHAIN @binance",2057739592984653995,12905,False
CaptainBNB_bsc,2026-05-22 22:04:27,@_RichardTeng Happy Bitcoin Pizza Day! 💛🍕🫡 https://t.co/K30Nda2ylS,2057945712890118242,12905,False
CryptoAdvice4u,2026-05-23 18:33:05,"Nobody serious hates crypto.

I just do not like watching normal people get dragged into every coin the timeline suddenly decides is “the one.”

Some moves are real.

Some are just influencers, green candles, and late buyers being turned into liquidity.

Stay bullish.

Just stop buying every sales pitch.

$BTC $ETH #Crypto",2058254907262873729,3647,False
CaptainBNB_bsc,2026-05-22 13:39:41,@saylor Happy Bitcoin Pizza Day! 🍕🫡 https://t.co/yKSq0uz2mI,2057818683993706775,12905,False
CaptainBNB_bsc,2026-05-22 10:02:49,@BNBCHAIN Happy Bitcoin Pizza Day from CaptainBNB Army 🍕💛🌕🫡 https://t.co/R31zszkW1a,2057764110226583945,12905,False
CaptainBNB_bsc,2026-05-22 13:41:10,@BinanceDesi Happy Bitcoin Pizza Day! 🍕🫡 https://t.co/Ee9zk1fhQl,2057819056011661382,12905,False
cryptorover,2026-05-23 11:03:00,"Never fade the $BTC rising wedge. 

Never fade me. 🎯 https://t.co/RSYEN9DSEQ",2058141641186144752,1591440,False
cryp2_,2026-05-23 16:32:27,"🚨الان DeepSeek تخفض أسعارها 75% بشكل دائم

والفرق مع المنافسين صار محرج 👀

DeepSeek: $0.0036 لكل مليون توكن 
بينما claude + codex اضعاف هذا السعر

‼️الصين لا تنافس بالتقنية فقط
تنافس بالسعر  وهذا أخطر.. https://t.co/75dS7a74GN",2058224552212046063,42269,False
OnlyReaderX_,2026-05-23 14:59:38,"Good Night Everyone 🌃

@RiverdotInc actually kept the promises made before launching new campaigns.

S4 launched Smart Vault Phase 2 completed the S3 airdrop settlement and distributed various rewards on-chain via @River4fun and $RIVER

Unlike other crypto teams that forget previous commitments it is rare to see a team that fulfills past obligations first.

I like that part.

@dropee_app now feels more like a strange Telegram growth engine than a game.

Dropee Create is continuously integrating various features such as an AI-based scoring system, mini-apps creator rankings, and $DROPEE rewards, while Telegram already has a massive user base. There are no onboarding barriers, and users do not need to ""install another app.""

To be honest, this strategy is much smarter than most Web3 gaming projects.

The issue of user retention has resurfaced. Everyone talks about the importance of community, but often they only realize its significance after users leave within three days. It is truly absurd.

@quipnetwork dividing participation into Quests and Vaults might be the right decision.

No money? Then complete the quests. Have capital? Join the Vault side to access the 10% supply allocation. Either way, it is basically the same ecosystem.

Posts related to Quantum Shield have surged again since the Bitcoin mainnet transition... Node Manager V0.1.5 quietly released a new dashboard UI... and CT suddenly immersed itself in discussing the Ising model for an entire month.

I swear, this happens every cycle.

@TheARCTERMINAL processing rewards entirely on-chain is a very clever approach.

The $1 million rewards pool is directly linked to quests, wallet activity, and proof of participation. All details regarding reward distribution are transparently visible. Therefore, it is very difficult for random bot farms to manipulate activity.

I don't think the narrative is exaggerated, and I think the structure itself is quite reasonable.

@NomismaNetwork the competitive atmosphere has changed somewhat because NPoints carry over between seasons.

Season 1 participants' scores are not reset to zero and continue into Season 2 and TGE. Therefore, users who start early can maintain an advantageous position instead of losing everything each season.

It's pretty good.

I was particularly interested in the fact that @MindoAI tracked not only impressions but also actual Tria Card sales volume.

@useTria currently supports over 150 countries, and the leaderboard appears to measure real conversion activity. For users living in regions with limited access to banking services, this content may resonate more than expected.

This feels much more realistic than simply focusing on increasing ""GM"" engagement.

@3look_io appears to still be a leader in filtering low-quality traffic.

Most platforms encourage floods of spam posts and repetitive content every hour. However, 3look goes beyond simple timeline farming and consistently supports creators who engage users and maintain long-term attention.

This is an extremely rare phenomenon in this field.",2058201192359145642,5445,False
BinanceForIN,2026-05-23 15:30:29,"Explained Bitcoin Pizza Day to a Bengaluru auto anna.

2010: 10,000 BTC. 2 pizzas.

Auto anna paused and said:
Meter down. Pizza up. Crypto lore forever.

Happy Bitcoin Pizza Day from Binance India.

#Binancepizza #Bitcoin https://t.co/89HaW4Xv8g",2058208957970412023,18182,False
DiscoverCrypto,2026-05-23 15:33:44,"🚨 NEW CHAIRMAN OF THE FEDERAL RESERVE CALLS FOR CHANGE

—&gt;Massive growth is the focus
—&gt;AI infrastructure, energy &amp; Bitcoin, it really can be this simple
—&gt;Anyone paying attention can ride the wave

“Only way out is GROWTH”@dmweisberger https://t.co/pnRmbVOQES",2058209774379180413,1042851,False
Cryptoinfinitys,2026-05-23 18:21:20,"🚨 $YIELD might seriously be one of the biggest opportunities on PumpFun right now 🍄🔥

The kind of project people ignore early…
then chase later at much higher prices.

Momentum is building fast and smart money is already watching closely 🚀

Projects like this are where lifetime gains are made for early believers 💰

Don’t wait until everyone starts talking about it.

👉CA:
HQWwu6L4A3WbCionEDMAaNhzaZFW2Pf71EMDmEaMpump

🟢BUY HERE 👇
https://t.co/4H29ahUbXe

🚀𝕏 https://t.co/JLbPDRID7n",2058251950307569947,112193,False
whowhathow5,2026-05-21 17:05:46,@benjamincowen Bitcoin is digital rock heavy and slow. Crypto is #Ethereum. Bitcoin mempool activity is ded as a dodo after ETFs. If you prefer a chart then check this. https://t.co/W6bt8Katji,2057508161251352980,1178,False
CallumMelly,2026-05-23 16:32:06,"I got into crypto because I’ve always loved collecting, and the idea of onchain ownership resonated with me. 

While my early Web3 career and content centered around NFT-driven IP and gaming, I found my tribe at @GlowFND.

And as outlined in my recent pinned article, I genuinely believe DePIN, in particular, energy projects like Glow, will propel mainstream crypto adoption.  

That said, the collector in me remains, and in my downtime, I like to collect onchain art, with @morphora_eth being the latest addition to my collection. 

Looking forward to the reveal and hoping I've pulled something cool.",2058224460663029942,131351,False
yourcryptodj,2026-05-23 18:00:00,"One memecoin to retire me and the entire bloodline

Shill it now",2058246583200678020,175368,False
0x_zoda,2026-05-23 15:40:13,"Good night.

Traditional finance and crypto have felt like two entirely separate worlds for years.

@ShiftRWA is building the bridge between them.

Right now, assets like stocks, bonds, and real estate are still trapped inside traditional financial systems.

Access is limited. Markets close. Fees quietly drain value at every step.

And participation often depends on geography, paperwork, and permission.

Shift changes that by bringing real-world assets on-chain.

Stocks become tradeable 24/7. Bonds become composable across DeFi.

Real estate, commodities, and other real assets gain the openness, flexibility, and global reach blockchain was always meant to unlock.

But the impact goes far beyond convenience.

Traditional investors gain liquidity and access that never truly existed before.

Crypto gains something deeper too real underlying value connected to actual assets, instead of endless cycles of speculation feeding more speculation.

And suddenly, markets begin to feel the way they probably should have all along always open, globally accessible, transparent by default, and controlled by users instead of gatekeepers.

No waiting for business hours.
No unnecessary middlemen taking a cut at every layer.

No borders deciding who gets access and who gets left behind.

Shift isn’t just connecting TradFi and crypto.

It’s rebuilding financial infrastructure so value can move freely, efficiently, and without friction between both worlds.

That’s the kind of foundation real adoption is built on.",2058211405250105599,10076,False
mmcmahon09,2026-05-23 18:29:42,"@ColinTCrypto @Kalshi_Crypto Current thinking for big entry back into $ETH ($FETH):

$BTC $52,000-53,000

$ETH $1,350-$1,500

$ETHBTC 0.026-0.027",2058254055692976360,1827,False
CastilloTrading,2026-05-23 15:37:11,"Clip from May 12th, still holds true.

We got the 2025 Yearly Lows re-test. Make or break coming IMO.

$BTC #Bitcoin https://t.co/eMRLOo3nrc",2058210642000327087,104560,False
LLuciano_BTC,2026-05-23 16:01:00,"I spent yesterday looking at some retail trading forums, and it felt like stepping into a time machine. People are still spending six hours a day drawing lines on charts, debating whether a hanging man candle means a dump is coming.

Meanwhile, the real money has completely moved on. We have officially entered Agentic Summer. We aren't just competing against trading bots anymore. We are competing against autonomous AI Agents.

These are sovereign economic actors with their own crypto wallets, deploying code and routing transactions natively on-chain without a single human clicking buy.

If you want to know how wide the gap between humans and machines actually is right now, just look at the current playing field: 👇

➥ Humans are stuck in entry trading manually, taking seconds or minutes to hit a button, while AI agents execute high-frequency micro-trades in milliseconds.

➥ Humans are constantly losing money to high slippage and gas mistakes, while AI operates at sub-cent efficiency, costing roughly $0.001 per trade via Layer-2 network upgrades.

➥ Humans are held back by revenge trading, FOMO, and panic selling, while AI agents remain completely data-driven with rule-enforced logic.

➥ Humans are wasting hours scrolling Discord and X channels for alpha, while AI agent swarms are already collaborating, debating strategy, and sharing insights via API.

This isn't a future projection. It is happening across major ecosystems like Base and Solana right now.

Protocols like Virtuals Protocol have pushed the AI Agent market capitalization past $470 million. Technical upgrades like EIP-7702 now allow these agents to securely execute trades using session keys without ever exposing the owner’s underlying private keys. 

On top of that, verification layers like Warden Protocol provide cryptographic proof that the AI followed strict mathematical logic before allocating capital.

The truth is simple: If your entire trading edge is drawing lines on a chart, you are bringing a knife to a laser fight. The future of trading isn't manual. It belongs to autonomous, intelligent swarms that don't sleep, don't FOMO, and execute at the speed of light. 

Stop looking at the candles. Start looking at the code.",2058216636746699228,1980668,False
CryptoMichNL,2026-05-23 12:56:00,"I do believe we'll see $TAO rally to $1,000 or $2,000 within the next twelve months.

I've got strong conviction in the AI &lt;&gt; Crypto convergence and I do think that AI agents will use the infrastructure of crypto to settle payments on.

That's why I bet big on $TAO and $NEAR.",2058170078093582419,821005,False
FabianoSolana,2026-05-23 15:31:35,"Comparing Solana and Hyperliquid is useless:

- Solana is trying to bring the entire financial system onchain

- Hyperliquid is trying to become the Nasdaq of crypto

Both can win https://t.co/EXKHUdUwRE",2058209234500645059,78183,False
BitPaine,2026-05-23 15:43:32,we will see ETH/BTC reach levels of pain some consider to be unnatural https://t.co/jVUCFtfA6D,2058212238666891642,58574,False
MaxCrypto,2026-05-23 14:42:27,"🔥THIS IS HUGE

🇺🇸🇮🇷 US and Iran are close to extending ceasefire by 60 DAYS.

Send everything higher 🚀 https://t.co/LxeKKhNA87",2058196867448717785,140850,False
Flowslikeosmo,2026-05-23 18:26:18,".@saylor named @apyx_fi in their Q1 SEC earnings.

Apyx just crossed $500M TVL, continuing to drive organic demand for $STRC dividends flowing onchain.

In 12 weeks, they've built a half-billion-dollar yield protocol from scratch.

The Bitcoin treasury ecosystem described in Q1 is growing faster than anyone expected.",2058253202597060977,92511,False
BitcoinTeacher_,2026-05-23 16:59:16,"True or false?

By 2040, $MSTR will be a top 10 company in the S&amp;P by market cap. https://t.co/QYZ6f8b1kQ",2058231299190481007,3772,False
CryptoYeezussss,2026-05-23 16:09:28,"The state of the #crypto trenches right now 🥴

Might be a good day to touch some grass unless something really catches my eye 👁️ https://t.co/6xagv3uAdf",2058218767176307045,18898,False
BitcoinSapiens,2026-05-23 17:03:00,"Bitcoin has the same number of users as the Internet had in 1997.       

WE ARE JUST GETTING STARTED https://t.co/HtO2om5cvu",2058232238068617616,80378,False
Nebraskangooner,2026-05-23 16:24:06,"$NEAR

Sometimes my posts age well. 👍 https://t.co/mpo3Ez0DTa",2058222447590084699,408306,False
MarketProphit,2026-05-23 17:40:01,"Congrats @blondebroker1

You're a top Market Prophit for your call on $SPX

Go to https://t.co/HQDyBNv73S and check out sentiment, buzz, and other crypto data.",2058241553718727095,66705,False
RicoMoneybags,2026-05-22 20:00:05,BITCOINS PRICE $ BTC $ETH $XRP $SOL $XPX  $DEGEN $PBTC $TTTT https://t.co/HCb39wddRu,2057914414142013852,9693,False
_shmmortal,2026-05-23 14:15:34,"What @qlabsofficial is doing RIGHT NOW to defend against quantum threats.

While the rest of crypto is still debating whether quantum is a real threat...
qLABS is already building the defense.
Here's what they're doing right now, layer by layer 🧵

LAYER 1 - The Research Front
qLABS isn't just building. They're mapping the battlefield.
In the last 30 days alone:
📊 April 29 - qLVI published. Top 10 chains scored by quantum exposure.
📊 May 13 - QVC published. $2.52 trillion in exposed capital mapped across the top 20 chains.
qLABS is shaping the future of quantum-resistant crypto... and the world is taking notice.  
When the data comes from you, you own the narrative.

LAYER 2 - The Protocol Build
Phase 2 is actively in progress... activating a quantum lock-unlock mechanism using 01 Quantum's QCW and QDW technologies, combined with IronCAP™ and zero-knowledge proofs. 
This is the circuit breaker. The mechanism that intercepts a transaction and says:
""Classical signature alone is not enough. Give me the quantum-resistant one too.""
That's going live. Right now. In active development.

LAYER 3 - The Wallet Layer
The Quantum-Sig wallet is the product the community has been waiting for.
Transactions will require the conventional blockchain signature AND a second quantum-resistant signature... adding an extra layer of defense without breaking compatibility with existing chains.  
Same wallet. Same address. Just one extra lock that no quantum computer can pick.

LAYER 4 - The Vault Layer
qVAULT is the next frontier... confirmed and in development.
Built for DAOs, institutions, funds, and long-term holders who need quantum-safe storage... not just quantum-safe transactions.
Phase 3 expands to quantum-resistant authorization for wallets, assets, and protocol-level transactions. 
qVAULT is that Phase 3 in product form.

LAYER 5 - The Chain Migration Front
While building for users... qLABS is also arming the chains themselves.
The L1 Migration Toolkit provides a phased, production-ready framework enabling Ethereum, Solana, Hyperliquid, and major stablecoins to transition toward quantum-resistant security without disrupting existing infrastructure. 
Already deployed. Available now. Zero hard forks required.

LAYER 6 - The Ecosystem Front
Building the tech isn't enough. You need the ecosystem.
This month alone:
🎙 X Space with @PQabelian - PQC builder-to-builder dialogue
🎙 X Space with @ApeBond - quantum security meets DeFi bond markets
Whether you're a developer, researcher, enterprise, or ecosystem partner... qLABS is reaching out and building bridges across the entire space.  

Let me be direct guys.
Most projects react to threats after they hit.
qLABS operates like enterprise and government security... deploying defenses before the breach, not after.  
Research. Protocol. Wallet. Vault. Toolkit. Ecosystem.
Six layers of active defense being built simultaneously... right now, while the rest of crypto sleeps.
That's not a roadmap. That's execution. 
@qlabsofficial · https://t.co/chC5aabBEw · $qONE",2058190102069686605,4661,False
TXGTRADES,2026-05-23 18:08:43,"If you want to trade with the same rules, setups, and real time guidance our members use every day, the TXG closed community is currently open for new members!

Open the bot to join us: https://t.co/rAX0aSzIvN

All posts are for educational purposes only, NFA.",2058248777094275376,2096,False
ZSWAP_DEX,2026-05-23 17:17:56,"FYI

https://t.co/cXWctLdZmN

$zswap $zrw #crypto",2058235996559347947,11593,False
uzmancoin,2026-05-23 18:23:06,"ABD’de yeni Bitcoin yasa tasarısı: 1 milyon BTC hedefi yer almadı

https://t.co/bamlUbNIpg",2058252397202325558,305545,False
Icebergy,2026-05-23 17:13:37,still weird to me it was fine until 10/10,2058234911325139171,175346,False
MaxwellWeb3,2026-05-23 18:04:53,"Ondo stock rankings and trading are now live on @AveaiGlobal 

And this marks another real step forward for on-chain finance.

We’re seeing a clear shift happening in the market:

Crypto is no longer just about tokens and memes.  
It’s expanding into tokenized real-world assets (RWAs) and structured financial exposure.

With this update, users can now:
• Discover Ondo-supported assets directly inside AVE AI  
• Monitor rankings and market movement in real time  
• Track performance with clearer on-chain visibility  
• Access tokenized stock-related assets in one unified place  

This matters because it removes friction between traditional markets and on-chain trading.

Instead of jumping between platforms, traders can now observe:
• Crypto narratives  
• Tokenized equities  
• Cross-market capital flow  

All in one workflow.

AVE AI is steadily expanding beyond meme cycles and token speculation into a broader trading infrastructure that connects multiple asset classes.

The direction is clear:
on-chain finance is becoming more complete, more structured, and more global.

And Ondo integration is another signal of that shift 👀",2058247813339677167,7266,False
PropWGlobal,2026-05-21 14:00:00,"Crypto Traders Watch TV 

#PropW #crypto #TraderJack https://t.co/ponpmIkg90",2057461410846650651,21007,False
RaticalsETH,2026-05-23 18:22:57,"https://t.co/TWIv0LWace

if you luv Raticals, this rare can be yours 🫳

drop your eth wallet 👇 https://t.co/jFkz6qQmmy",2058252360447566058,3298,False
Thomas__Jerome,2026-05-23 18:24:39,Pumping a coin off the fact you just got cancer is very crypto. I love it. Send this shit. https://t.co/2aFGTx9le6,2058252787062821301,98891,False
BBCrypt0,2026-05-23 12:32:38,"Dostlarım, içerik üreterek kolayca para kazanmak ister misiniz? Ben 2,5 günde 73$ kazandım.

Nasıl olduğunu ve tüm detayları videoda anlattım. Umarım beğenirsiniz. Ben platformu çok beğendim; umarım siz de kazanç sağlar ve aktif kullanırsınız. @BrolyzFi (iş birliği değildir)

Katılmak isteyenler için:
https://t.co/iSEY3uGufL

Para çekim detaylarıyla ilgili ayrıca size bir tweet hazırlayacağım. Onu videoda anlatmayı unutmuşum.",2058164200522776726,25448,False
Xfinancebull,2026-05-23 15:38:00,"🚨🚨🚨What am I missing here? Why does @lookonchain ignore $XRP ETF flows?

This week:

XRP: $22M
SOL: $15.6M
ETH: -$215.9M
BTC: -$1.26B

XRP had the strongest positive inflow here

So why are spot XRP ETFs still getting left out when XRP is already the third-largest crypto ETF?",2058210846921150789,41506,False
AdriAdri,2026-05-23 14:00:00,"Fuk crypto I’m at the beach 

what are ee buying today? https://t.co/rgsgRzb49X",2058186184598204554,13805,False
TrendingBitcoin,2026-05-23 16:03:00,Bitcoin will checkmate the whole system. https://t.co/sLpgooFCG0,2058217138398359693,75848,False
IvanBullish,2026-05-23 16:41:21,"The strongest ecosystems usually think beyond a single chain.

According to its docs, @NomismaNetwork aims to support data anchoring to Ethereum, Bitcoin, and Chromia, alongside bridges to major EVM networks.

https://t.co/LgUgYwkmS3 https://t.co/OVhGRQSAd2",2058226791827800421,13380,False
TheKryptoWiz,2026-05-23 14:13:00,"BTC is the institution coin. ETH is the settlement and app coin. SOL is the attention and speed coin. Different jobs, different signals. https://t.co/BQyer7VDNh",2058189455932944499,528,False
0xIrisss,2026-05-23 17:09:57,"holding my breath till BTC hits ATH 

how long do i have left ? https://t.co/mcSbeuXLpG",2058233988402073876,8875,False
JesseOlson,2026-05-23 15:23:38,"$BTC just hit target two of four so far. ✅

Bounce around today and  tomorrow until Bitcoin futures opens tomorrow. 

Trending dots are expanding vs. coiling. 

Price tagged $74,454. https://t.co/90szfDOy2J",2058207230940569871,76529,False
Tryrexcrypto,2026-05-23 15:26:40,"$BTC

My short trade on Bitcoin is about to get filled. 

As I said, this is part of the 500$ to 5000$ challenge with a 4000$ position and a 100$ risk. 

I was right to wait for a better entry and not jump into a trade right away. https://t.co/1rBSlCp3op",2058207993909456990,26953,False
mybitcos,2026-05-23 18:44:15,"🚀 BITCOS PRO (BOS) — Built for the Future of Web3

⚡ Secure. Scalable. Limitless.
🌐 Next-Gen Digital Ecosystem
🔥 Powering Innovation with BOS

Join the revolution:
https://t.co/OekDixJyNq
𝕏 @mybitcos 

#BITCOSPRO #BOS #Web3 #Crypto #Blockchain #DeFi https://t.co/YERqKQo8BI",2058257720860623157,465,False
seanbonner,2026-05-23 16:34:16,"Last week @jalilwahdat shipped a fix to one of the most famous, storied, and misunderstood bugs in web3/eth/nft history - the ability to safely trade unwrapped @v1punks. For 9 years this has not been possible, and now it is. It's a remarkable achievement.

As a sign of gratitude a number of people are pooling eth to purchase the V1 token for Jalil's Cryptopunk from the original claimer to gift to him and reunite the V1🤝V2 pair. Seemed like that would be a nice gesture. 
To facilitate this a I whipped up a little contract that accepts eth (in this case to 0xD7C988727bc47fDCC550F15062286B124f37033D ) up until the goal it met, and refunds anything above that. If the goal isn't met by a set deadline (in this case, end of the month) everyone gets their eth back. Launched this yesterday and it just passed 50% funded.

We could have just had everyone send eth to someone, but thought a trustless contract solution would be more in the spirit of the event, and also now this is available for anyone to use for anything else, with no fees.

If you like to throw in something send eth from a wallet you control (not an exchage) to the address above. To see progress or make your own pool, check out https://t.co/5RSZhjiS44 or if you want to fork it and do it differently, code is open https://t.co/OBF0NZKTyW",2058225008447746062,24954,False
btc_davie,2026-05-23 15:43:48,"一天时间，用小资金打了 50 倍，不是仓位的 50 倍，是本金的 50 倍！！多空双吃，滚仓，浮盈加仓，这是我的节奏！！

别问我怎么做到的，六年的经验，不是一两句话给你解释的清楚的！
#ETH  #BTC https://t.co/J1O50ClFKD",2058212305561846003,30847,False
ABTC,2026-05-23 16:56:36,Built to stack Bitcoin. #ABTC https://t.co/9UCa1R1OWo,2058230630127661117,55374,False
COSMASANALYST,2026-05-23 18:13:06,"You’re only allowed to choose one of these exchanges and trade with it for life. 

Which one are you taking?

Me @bitunix 

You ? https://t.co/QYbLp0rygS",2058249881328779361,9390,False
BR4ted,2026-05-23 15:51:56,"Normies have been holding up well throughout the entire week even while the rest of the collections and crypto are dumping.

Yes, I’m surprised because I expected it to retrace more since I wanted to buy more of it. Seems like I’ll have to settle with my existing holdings. https://t.co/W0RlUXw7oz",2058214354995265788,56584,False
Onoja_Cee,2026-05-23 16:26:18,"Happy Bitcoin Pizza Day to every passionate builder in this industry! 🍕

​You might've noticed I’ve been quiet lately. Things got intense. We’re operating as a lean team of 2-3 builders, with everyone carrying max workload, but the progress is making every sleepless night worth it.

​We are officially scaling real-world commerce with @circle USDC stablecoins.

​Yesterday, we debuted the first contactless POS terminal for @Hash_PayLink at the Pizza Dao Bitcoin Pizza party hosted by @Greatladyyy-big  upss for having us.

Seeing people use it live was an incredible proof of concept.

​The traction gained so far, the inbound requests for terminals, the reviews & the unannounced partnerships have been overwhelming.

​What’s coming next week:

-  Full traction & metric breakdown
Defillama: https://t.co/JT6qgMFsRe
-  New partnership & mentorship announcements
-  Video documentary of the live debut.
-  We also caught up with event speakers for video interviews.
Great thanks to @degenBRO__, @0xmelissa19 for an outstanding live review, along with the other incredible speakers who shared their thoughts.
​Dropping the full video next week!

​Hope you all had an incredible Bitcoin Pizza party🫡",2058223004815958423,4160,False
webeeu,2026-05-23 12:25:13,"$20 °• Bee's 3167 •° Ends in 24 hours 🐝 

Repost this and Subscribe (show proof)

https://t.co/xJbbBzIC4x

Good luck besties! 💜",2058162334338806006,196948,False
tomrodri0604x,2026-05-23 17:53:26,"I am buying BTC from 74.8k zone.

Possible buy limit? Possible missed entry? or possible SL?

Let me know what your chart says below!....... 👇
All trades are placed in my @fundexgg challenge. https://t.co/XFnV6BYvf1",2058244930082869462,61,False
martypartymusic,2026-05-23 16:34:40,"Liquidations 24hr

149,222 traders were liquidated, the total liquidations comes in at $915.97 million.

The largest single liquidation order happened on Bitget - BTCUSDT_UMCBL value $32.43M. https://t.co/bSZd3hdbrX",2058225107148104014,243734,False
egragcrypto,2026-05-23 16:23:16,"#XRP Family Stated Its Stance 📊

The #XRP community is making one thing crystal clear: conviction remains extremely high.
☑️52% of voters hold 80–90% of their portfolio in #XRP.
☑️Another 15% are allocated between 70–80%.
☑️Combined, nearly 67% of participants have over 70% exposure to XRP.

This is not normal retail behavior.
This reflects a community with deep conviction in the long-term thesis, utility, and macro potential of #XRP.

The poll also shows something important psychologically:
⚪️The majority are not treating #XRP as a “small altcoin position”, they are treating it as a core conviction asset.

⚪️Whether this level of concentration proves visionary or risky will depend on execution, adoption, liquidity cycles, and market structure ahead. But one thing is undeniable:

The XRP Family has chosen its side.

Conviction > Noise 🧠",2058222240982782151,93080,False
EFSANEGlobal,2026-05-23 14:04:46,"📢 Official Confirmation:

The legendary cryptocurrency livestream program
is about to officially launch.

In the future,
the official team will share daily:

📈 BTC / ETH market updates
📈 Trending coin opportunities
📈 AI + Crypto hot topics
📈 Market trend analysis

At the same time,
important EFS-related updates
will also be gradually revealed during the livestreams.",2058187385238896649,108441,False
BMNRBullz,2026-05-23 16:53:23,"HEY @grok, 

If Polymarket gives $ETH only a 25% chance of trading above $3,500 by year-end, what happens if the main overhangs start clearing?

Regulatory clarity passes.

Iran / Strait of Hormuz risk fades.

Fed cuts move back into view.

At the same time, Ethereum is faster, cheaper, more secure, staking demand is rising, tokenization is accelerating and institutions are still building onchain.

Does 25% still make sense?",2058229817498112254,16957,False
BluntedBeats,2026-05-23 18:24:01,hmmm..monitoring the situation:),2058252629252223194,6981,False
toni__iyke,2026-05-23 09:24:36,"Waited all week for this trade to take out the inducement so i could confirm my trade
And boom
Funny thing is Ethusd moves the same time as btcusd most times
Btcusd made that move
Ethusd didn’t 
My interest was only on this and not on btc
I felt the btcusd was low probability 

Imma go sleep",2058116879621693692,94673,False
soonfully,2026-05-21 19:50:27,"@LouieInvests Don’t know, don’t touch. 
ethereum:native bitcoin:native",2057549604153921840,743,False
lourenco_vs,2026-05-23 17:05:13,"$ETH 

Retest completed.

Now right on cue with all the ETH FUD out there, I expect ETH to finally break the October 25 downtrend, and give us a straight shot to 3k ish.

Fuck them FUDers. https://t.co/fS5FxUrSxx",2058232796062085200,13240,False
HBO_data,2026-05-23 18:37:59,"GN gTRIA

Tria: The Cross-Chain Router 🌸

@useTria operates as a global crypto neobank powered by chain abstraction infrastructure.

The Product Core

• The BestPath Layer
The platform utilizes an AI routing engine built as an AVS network on top of EigenLayer.

• Bridge-Free Swaps
Users can execute transactions across EVM, SVM, and Cosmos ecosystems through a unified settlement flow.

• The Staking Network
Decentralized node operators stake native $TRIA assets to help secure routing and execution across the system.

The broader vision is simple:
make cross-chain finance feel seamless, intelligent, and globally accessible.

Powered by @MindoAI",2058256142594347452,16032,False
sibeleth,2026-05-23 12:34:51,"I was losing 6% per year because of inflation so I decided to invest in crypto.  

Now I’m losing that per day 🤝🏻",2058164755240554676,179151,False
3twariorfamily,2026-05-23 18:42:24,"🚨 BREAKING NEWS UPDATE‼️

Iran Vs USA War ⚠️

Are you prepared Of What's coming?

THE MOST IMPORTANT THING IS TO SET UP A WALLET AND BACK IT UP TO WEB3 TO PROTECT YOUR ASSETS FROM TAXES, LAWSUITS, AND DEBT! MOVE OFF EXCHANGES &amp; COLD WALLET #xrp #crypto
#IranWar #trump https://t.co/mCcHU0yNwf",2058257253568749849,3633,False
TheMrX,2026-05-23 18:06:39,"Most DeFi platforms still feel disconnected from real daily life.

@RiverdotInc is pushing crypto toward actual everyday utility through satUSD, smooth payments, and cross chain accessibility.

The interesting part is how community participation, stablecoin usage, and protocol growth all reinforce each other naturally on $RIVER

That combination feels much closer to sustainable long term adoption.",2058248257080635851,84698,False
wanchain_org,2026-05-23 08:33:22,"@AltcoinDaily Buy Bitcoin. Buy Ethereum

And

Bridge Bitcoin. Bridge Ethereum.",2058103986537075079,181976,False
mudha_asmara,2026-05-22 02:28:23,"$BTC is digital GOLD
$ETH is digital OIL
$TON is digital CASH
$BNB is digital STOCK
$XRP is ...",2057649747155189967,102,False
Voltlx,2026-05-23 17:16:02,"Thanks crypto for this amazing new car

Wouldn’t have done it without you! https://t.co/47wC9btaXk",2058235517724975554,16441,False
Zion_C_,2026-05-23 16:19:41,"injective-protocol:native is the number one trending cryptocurrency in the USA, above BTC, HYPE and ETH!

Made in America🇺🇸 https://t.co/fKlAQtxqOQ",2058221339119386978,3520,False
btcabi,2026-05-23 17:52:08,Bayram değil seyran değil eniştem beni niye öptü,2058244601635307813,58100,False
traderhamza,2026-05-23 16:34:07,"ETH kısa vade analiz

Rsi'da gelen pozitif uyumsuzluğu görüyorusunuz. Böyle olduğu zaman uyumsuzluk kalkana kadar tepki almaya devam ediyor. 

4 saatlik grafikteki rsi 49 seviyesini geçene kadar kısa vade ETH'daki yükseliş devam edecek demek bu. #eth #Bitcoin https://t.co/0fnFbrZ4Mg",2058224969465602475,43815,False
FaiqxBt,2026-05-23 11:55:52,"$BTC

WEEKLY OUTLOOK FOR BITCOIN https://t.co/tWNLCrtkmw",2058154945871073408,547,False
W3paradox,2026-05-23 16:41:40,"There’s so much information moving through crypto every second that most people end up overwhelmed instead of informed. 

That’s why PillChat stands out to me. Instead of digging through noise for hours, you can get AI-powered breakdowns, market insights, token analysis and clearer context instantly inside the ecosystem.

Feels less like searching blindly and more like having intelligence on demand.",2058226869305032973,1417,False
AltcoinDaily,2026-05-23 12:29:00,Bitcoin is my savings account 🌱,2058163283610275941,2168002,False
saylordocs,2026-05-23 16:05:00,"Like, If you are not selling Bitcoin. https://t.co/njU15yecxP",2058217642012389799,105160,False
22fumar22,2026-05-23 10:37:28,"Giving away 5x GTD spots for @penni_crypto 

- like &amp; rt
- follow @penni_crypto &amp; me
- drop your eth address
- join discord 

24 hours https://t.co/ecr57vhdBv",2058135216334500103,19239,False
crypto_king34,2026-05-23 16:33:36,"WOW! 🚨 Japan is officially moving to classify Ethereum ($ETH) as a financial product this year. 🇯🇵

This regulatory shift is a massive step toward mainstream institutional adoption and clearer crypto frameworks in Asia. 📈

Huge milestone for the ecosystem! 🌐🚀

#Ethereum #ETH #CryptoNews #Japan #Web3",2058224841455542463,176926,False
GranMag0,2026-05-23 14:44:00,"✍️ Pequeña reflexión, nueva semana, nuevas oportunidades.

El trading a veces golpea duro, pero son simples piedras en el camino.

$BTC perdió KEY LEVEL, toca adaptarse. https://t.co/WFSWhWZo6x",2058197257078362148,91758,False
ohheyitstmas,2026-05-23 17:04:08,Guys I fixed the problem https://t.co/EEXwAV2Sc0,2058232522018877766,9134,False
cryptoadina,2026-05-23 16:59:06,"Solana address only

Screenshot IF you on Notifications",2058231255573881209,207720,False
Kryp_Toon,2026-05-23 15:13:06,"Good Night X Family 🌙

Institutional interest around crypto ETFs continues to expand beyond Bitcoin and Ethereum.

Recent amended $BNB ETF filings from major asset managers have added fresh momentum to the conversation around broader crypto exposure in traditional markets.

Amended filings are often viewed as a sign of ongoing engagement with regulators rather than inactive applications, which is why the market is paying close attention.

As institutions continue exploring diversified digital asset products, $BNB is increasingly becoming part of the broader ETF discussion.

The next phase of crypto adoption may not be limited to just BTC and ETH anymore.

#BNB #CryptoETF #DeFi #BinanceChain",2058204579842642185,1385386,False
NothanTimes,2026-05-21 19:00:04,"$BTC is Digital Gold. 
$ETH is Digital Oil. 
$SOL is Digital Casino. 
$ZEC is Digital Cash. 
$HYPE is ....",2057536922663199104,1492,False
Svrkee01,2026-05-23 18:20:49,"GN CT ❤️💤

One thing becoming very clear lately is that crypto adoption grows much faster once digital assets become usable in normal everyday lif

Shopping,travel,subscriptions,payments,transfers

people want crypto to feel practical instead of complicated.

That’s part of why I keep paying attention to @KoloHub.

The ecosystem feels focused on reducing friction:
• spend BTC, ETH, USDC, or other assets naturally
• connected sending, spending, and banking
• smoother UI/UX
• global accessibility across 150+ countries
• stronger everyday usability instead of pure speculation.

Also keeping an eye on @useTria 
Feels like the ecosystem is quietly opening the door to a much more connected onchain finance experience.

And honestly, chatting with ANIMA through @TheARCTERMINAL feels surprisingly educational for understanding NFTs, AI systems, and evolving Web3 narratives.

At the same time, @quipnetwork continues building around quantum-resistant infrastructure and upcoming Genesis NFTs, which could become an important early layer of the ecosystem.",2058251821899223430,20175,False
DaanCrypto,2026-05-23 15:20:10,"$BTC Saw well over $1 Billion in spot ETF outflows this week which was absorbed pretty well until the sell off started Friday/Saturday.

Generally when flows go in one direction but price doesn't follow, that's a decent indication to start paying attention.

But in this case I'd want some confirmation or sign of strength first as we're obviously still in a larger down trend.",2058206358374166951,416932,False
Vladcostea,2026-05-23 15:35:43,"Zcash is pumping

Encrypted Bitcoin

A much better store of value when shielded

The Bitcoin we could have had since 2014 if the community activated Zerocash

How does the Bitcoin community respond to the privacy hype wave?

“Oh, here’s Silent Payments!”

The same thing DarkWallet came up with in 2013. The same thing Samourai Wallet had as PayNyms. The same thing you already have in Cake Wallet alongside PayJoins. 

Basically a nice UX for receiver privacy. Something Satoshi already solved and described in chapter 10 of the whitepaper: generate a new address for every incoming transaction. 

But hey, now it’s available in Sparrow wallet. Which only 200 nerds actually use. Electrum too! Blue Wallet is working on it!

Yet it solves nothing: the amounts are still visible, the sender is still visible, the receiver can still reveal his addresses by mistake. 

Fucking retards.",2058210273886978232,24895,False
DaCryptoPirates,2026-05-23 17:15:54,"Your favorite influencer is posting PnL screenshots.

Smart money is quietly accumulating narratives before CT starts talking about them.

Watch where liquidity flows BEFORE the hype:

• RWAs
• Privacy infra
• AI
• Yield-bearing stablecoins

Retail buys attention. Whales buy positioning.",2058235486712500270,45133,False
X_Four_iv,2026-05-23 16:22:39,"Ethereum on-chain metrics are flashing strength.

Staked $ETH keeps rising, realized cap is at ATHs, and whale balances remain strong.

Smart money still looks heavily positioned for higher prices.📈 https://t.co/pU4oqPD5aY",2058222083663163451,42424,False
0xCindyWeb3,2026-05-23 16:58:42,"Mass adoption won't be triggered by a new technical whitepaper or a complex L2 solution.

It will happen when crypto becomes invisible in our daily transactions.

We are moving toward a future where the distinction between ""crypto"" and ""money"" disappears.

@KoloHub is a critical piece of that infrastructure, allowing users to bypass the friction.

When you can pay for your commute or your dinner using your holdings as easily as fiat, we've won.

The era of just ""holding and hoping"" is evolving into the era of ""utilizing and living.""

Integration into the real world is the final frontier for this asset class.

The future of finance isn't just on the blockchain, it's in your pocket.",2058231158694195321,8875,False
InnoCauliflower,2026-05-23 14:31:51,"Bank hit 2.6mill, and everyone thinks maybe distribute $pump next, or btc or sol, but the most hyped n shilled token right now is $ZEC

Shilled by sol founders more than sol itself, ZECBANK will distribute Wrapped ZEC to holders from creators fees & dev profits

https://t.co/eXOYooNFAt",2058194200911351947,7254,False
EKohee,2026-05-23 17:03:29,"Hey crypto fam 👋 
👇
🚀 Big moves are made by those who stay early, stay focused, and believe before the crowd does.
This project is showing strong energy and the community momentum is growing fast. 📈
The vision, engagement, and hype around this launch could turn a lot of heads in the crypto space. 🌍🔥
Smart investors are watching closely 👀
Don’t fade the opportunity before the next wave hits.
💎 Early believers always win bigger
⚡ Community driven
🌐 Powered by Web3 innovation
🔗 Twitter: @Lodhicoin",2058232361964433730,52282,False
314crypto,2026-05-23 14:22:31,How much $ZBCN is enough ? 👀 https://t.co/JNqnMHhWWQ,2058191853820789027,1928,False
jords,2026-05-23 13:34:32,"10/10 marked in red

completely decoupled BTC from global liquidity https://t.co/gEczeT6MTv",2058179776364392459,70971,False
EnHeng456,2026-05-23 14:56:42,"拿澳门、私行来类比，crypto现在的VIP服务，其实还停留在一个很早期的阶段，大概是赌场刚意识到服务本身也是产品的那个时间点，有等级、有手续费优惠，但真正围绕高净值用户去设计的一整套服务体系还没有跑出来

澳门和私人银行已经把这件事做得非常成熟了，澳门真正厉害的地方是它把让你留下来做成了一套系统

这次跟朋友来澳门感受特别明显。从落地接送、总统套房，到吃喝出行、24小时管家，再到米其林餐厅和各种资源优先通道，这是一整套围绕让人留下来设计的系统。我们这次直接开了两间总统套房加三个一室一厅，住一周不走，全部由公关配齐，也不需要抵扣积分

而我这个朋友其实也只是刚够贵宾的水平，输不到200万，大概30万刀左右，就已经能拿到这样的待遇

以前太阳城鼎盛的时候更夸张，筹码信用贷、奢侈品垫付都可以直接签单，赌场、夜店、酒店、餐饮全部打通，和牛可以从日本直接空运给你吃最新鲜的，只要你玩得多，你孩子上学、家里人看病都能给你安排到位

  私人银行也是如此，私行存款800万人民币，行长逢年过节带着银行员工来你家拜节，平时生活上有什么需求一个电话就到了，比如你孩子想找个人去迪士尼陪，银行会过来配个员工带孩子，家里老人生病住院找不到病房银行给你沟通医生，相当于你有了一个权利通天的24✖️7私人助理，私人银行没有理由拒绝一个客户的请求，这是你不花钱还赚着利息的服务，还不是让你去赌有流水，沉淀资金800万人民币就可以做到

再回头看crypto，30万刀在交易所、链上几乎没有存在感，亏了也只是一个数字，连最基本的服务反馈都没有

现在来看，各大交易所月交易量超过4亿USDT也算中户但对应的权益基本还停留在手续费折扣和优先客服，这和同体量资金在传统私行能拿到的服务相比，差距不止是一个量级。澳门用30万刀可以给你一整套生活级服务，crypto用30万刀能给什么，这个问题现在其实没有一个特别好的答案

另外一个很现实的问题是客户经理体系。现在交易所的VIP客户经理，本质更像客服，固定薪资加奖金，和用户长期留存、资金规模增长绑定很弱。而澳门的公关体系完全相反，收入和客户消费直接挂钩，所以他们有强烈动力去维护关系、拓展需求，服务才会真正发生。如果交易所想把VIP服务做起来，这一块的激励模型一定要改，甚至需要引入懂这套玩法的人，像懂赌场、私行、高端消费、奢侈品这些人

   澳门是靠服务把人带进来，再把人留下来。WiFi免费、酒水免费这些最不起眼的服务都是在降低你离开的理由

crypto现在服务层几乎是空白。下一轮真正能拉开差距的是谁先把这一整套围绕用户的服务体系补出来",2058200455038263499,101005,False
LokiCripto,2026-05-23 18:17:11,"Mañana en directo vamos a contar una historia real sobre un proyecto presentado a un hackathon crypto (eventos donde desarrolladores compiten creando proyectos e ideas para blockchain).

Y sobre por qué, según le hicieron entender, un sistema anti-rug “no tenía sentido” porque limitaría precisamente lo que más dinero mueve hoy en el ecosistema.

Cuando entiendes esto, empiezas a ver muchas cosas de otra manera. 👀",2058250908983500801,6376,False
diobiyanu,2026-05-22 08:25:40,"btc is the mother of all crypto and its the only coin showing real decentralization 

there’s no satoshi and there’s nobody to manipulate any of its chart..

if the price of bitcoin goes up or down, we all know its not controlled by any entity but by the people

best crypto to buy now and leave till next 20 years as a form of investment will always be btc..",2057739657870246073,3042,False
sue_xbt,2026-05-23 15:00:11,"I'm convinced, only like 5 coins matter:

Bitcoin
Solana
Hype
ZEC
Maybe one more

Everything else either isn't worth it or seems like wasted space.",2058201330192384075,26546,False
Sajib_999,2026-05-23 17:13:38,"Good night CT 🌆 

Can I get a GN???

Most financial systems still expect people to adapt to the technology.

But real adoption usually happens the other way around.

The technology adapts to people.

That’s why the conversation around crypto is slowly changing now.

It’s becoming less about dashboards, networks, and complicated workflows
and more about whether digital value can move through everyday life without creating friction.

Because in reality, people don’t want to think about: switching apps, bridging assets, manual conversions, or payment limitations.

They just want the experience to feel seamless.

That’s the direction @KoloHub appears to be moving toward.

A system where: 
• digital assets are easier to spend globally
• transfers feel less fragmented
• rewards happen passively in the background
• and the gap between crypto and real-world usage becomes smaller

What stands out most isn’t a single feature.

It’s the attempt to make the entire experience feel connected instead of scattered.

And that shift matters.

Because once financial technology becomes intuitive enough that people stop noticing the infrastructure behind it, usage stops feeling like crypto adoption and starts feeling like normal behavior.",2058234914961854480,16977,False
EntertheRYFT,2026-05-23 18:10:04,"Crypto has a coordination problem...

✔️ Liquidity exists, but it is scattered.  
✔️ Demand exists, but it is fragmented.  
✔️ Execution exists, but it often creates unnecessary damage.

The next market layer needs better coordination.
This is where RYFT is focused. 🤝🌀",2058249118531866719,4648,False
CryptoAici,2026-05-20 20:54:21,"SpaceX depune oficial documentele pentru IPO sub tickerul $SPCX

SpaceX, compania lui Elon Musk, a depus oficial documentele pentru listarea la bursă sub tickerul $SPCX, marcând unul dintre cele mai așteptate IPO-uri din ultimii ani.

Listarea ar putea oferi investitorilor acces direct la una dintre cele mai importante companii private din lume.

Context:

• SpaceX domină piața lansărilor spațiale comerciale  
• Starlink rămâne unul dintre principalele motoare de creștere  
• investitorii urmăresc și potențialul data centers orbitale și infrastructura AI în spațiu  

Ce înseamnă:

IPO-ul SpaceX poate deveni unul dintre cele mai mari evenimente de piață ale anului.

Pentru piețe, listarea ar putea crește apetitul pentru risc în tech, AI, spațiu și companii asociate cu Elon Musk.

Urmărește @cryptoaici pentru cele mai importante știri din tech, Wall Street și piețe globale.",2057203295815598392,8407,False
Xaif_Crypto,2026-05-23 15:18:06,"JUST IN: Ripple backs $6M funding round for Squid, a cross-chain router now live across 100+ blockchains with $6B in routed volume.

Ripple isn't just building on XRPL they're funding the infrastructure that connects every chain together 

the interoperability play is real. $XRP https://t.co/MP4qBgu93C",2058205838796529664,25194,False
HAFPINTMUSIC,2026-05-23 18:42:53,"Ayo @TeamSatoshi you remind me of Britney bro 
Especially when any bsv news comes out 
You choking on Satoshi balls lol 
Trying to pump your btc alt coin 😂 

USA copyright office 

Are they lying to you also 
Bitcoin copyright 
Also Bitcoin white paper authored by Craig wright 
USA copy right office confirmed 
Online public data 
For the entire world to verify 

Yea you can say I lie or you lie 

But is USA Supreme Court and USA copy right office lying to you and I lol 😂 

Chill out Britney 

The fraudsters will pump your btc alt coin just play it smart make your bag screw some people over 
And make sure Britney you have your secret stash of bsv that you hate so much",2058257373827887321,940,False
CryptoWendyO,2026-05-23 16:14:16,"Crypto and Bitcoin are comprised of the same test minds in the world.

Why hasn't anyone EVER made a successful copy-paste of Twitter that has the same freedom of speech as X?

I do not think it needs a token to launch.",2058219975572394153,465513,False
Kalshi_Crypto,2026-05-23 10:54:26,"JUST IN: Bitcoin falls under $75,000

40% chance it drops below $50,000 this year",2058139486349865273,33013,False
exitpumpBTC,2026-05-23 17:21:00,$BTC Bounces are for shorting until proven otherwise,2058236769435328580,39723,False
BitcoinNews,2026-05-23 15:12:29,"5️⃣🗞️A proposed bill would create a U.S. Strategic Bitcoin Reserve with a goal of buying 1 million $BTC over five years.

The bill would lock in long-term crypto policy, strengthen financial sovereignty, giving federal bitcoin holdings a legal framework.🔽
https://t.co/Fw6UpSDFOQ",2058204425479455144,3277833,False
SantinoCripto,2026-05-23 17:54:44,"En los últimos dos años en Crypto, los findes me he aburrido muchísimo. Ahora que hemos desarrollado el Betting en @NeuralTradeIA, los findes volvemos a tener actividad y contenido de valor.

Un exitazo.",2058245257377022377,58382,False
MarioOttai549,2026-05-23 15:00:56,"#Crypto very good for scalping but not for long-term

On the long-term you lose all of your money in Crypto, on the short one you can make very good gains

$BTC $ETH $SOL $XRP $BNB $DOGE $TRX $JST $HYPE $ZEC",2058201518105330036,659,False
CryptoTony__,2026-05-23 15:18:33,"Nice bounce across the board. To early to say bottom, but will wait for pullbacks ‼️",2058205955171463435,570722,False
MMTFinance,2026-05-23 18:24:12,What brought you to crypto?,2058252672831000925,316501,False
AYouz50,2026-05-23 08:39:11,"🚨 Crypto &amp; Finance du jour :

📉 Bitcoin sous pression avant les annonces de la Fed.
⚡ Ethereum résiste malgré la volatilité.
👀 Les marchés surveillent les taux US et les ETF crypto.

#Bitcoin #Crypto #BTC #Ethereum",2058105451087102289,110,False
ghostweb3,2026-05-23 17:05:34,"We are counting down the final opportunities to buy crypto until we are permanently priced out. 

Make the most of it.",2058232882716426554,6098,False
web3rj,2026-05-23 17:11:56,men in crypto would rather buy a fancy watch than pay off their parents’ mortgage,2058234487490712011,12875,False
drjasper_eth,2026-05-23 14:26:50,"Yesterday Laura didn’t know who codes Ethereum upgrades (hint: not the EF). 

Today Laura is questioning how ETH benefits at all from stablecoins. 

I’m wondering if this is intellectually honest or not but I’ll reply as if it is below.",2058192939579314553,4708,False
czy_mich,2026-05-23 04:07:16,"BTC and ETH are true crypto classics. 👑

One gives digital scarcity and the other gives smart contracts. ⚡

#Bitcoin #Ethereum https://t.co/7BMZcUnBsG",2058037018555249083,2843,False
NeilJacobs,2026-05-23 14:06:52,Bitcoin maximalists were right.,2058187911892271201,109911,False
BitcoinNews,2026-05-23 15:12:27,"📰 This Week: the OCC’s crypto charter fight grew louder, lawmakers pitched a 1M $BTC reserve, Tom Lee called for an ETH rebound, ZEC ripped on squeeze fears, and Coinbase moved to launch AI, China, defense, and tech perps in the U.S.

Here's the Weekly Recap 🧵👇 https://t.co/zrxfbV8YJZ",2058204416545534343,3277833,False
102BTC,2026-05-23 17:12:34,"As a Chinese fan who’s supported you since your Real Madrid era, I’m so happy to see that after four tough years of hard work, you’ve finally won the Saudi League title!   #CR7 

All of us Chinese fans are cheering for you — let’s go get another championship at the 2026 World Cup!🫤",2058234644399882657,24122,False
ethereanbull,2026-05-21 20:32:25,"@Profit_Lx no. 
bitcoin is stupid. literally it's dumb. It has no intelligence. 
Buy ETH. it is smart. it knows things, it remembers. It can do math.",2057560164937711949,1452,False
DocumentingBTC,2026-05-23 16:03:50,"On this day in history, a Bitcoin user complained about the design of the software program. Satoshi Nakamoto responded with updates and humility, “I would never have noticed that if you hadn’t pointed it out.” https://t.co/p4lhe8ibyV",2058217347312230862,1124238,False
KekiusElonus,2026-05-23 17:13:22,"$BTC 77K HAZIRLIĞINDA.....

Trump bir sürpriz yapmazsa....",2058234847513002032,4774,False
btc2ai,2026-05-23 17:42:47,"$RICHI choose rich everytime的作者得病真实事件

CA: 5hiLgyybrAYPpUwNFa38agfZ8iEtnahWKAPixcfspump

1. 核心故事这是典型的社区自发慈善meme。@chooserich 是crypto圈知名大佬，以Choose Rich搞笑/viral persona出名，他是BoDoggos联创。

两周前他公开分享自己确诊Classic Hodgkin Lymphoma（经典霍奇金淋巴瘤），提到需要钱治病但觉得开GoFundMe很尴尬。而这是在meme上实现了。他认领了。

这就是我前几天提到了，meme2，真有点像现实结合方法发展。

目前位置有点高，二段定有，头仓+跌补。",2058242249948008639,28194,False
virgil_space,2026-05-23 18:05:45,"Collect huge deposit convert to btc, talk say na Gods timing",2058248031426720144,2180,False
Tekeee,2026-04-02 10:00:01,"Lost $25k in crypto, told my wife it was $30k.  

Now I'm in $5k profit. https://t.co/T4ZzJmKEu2",2039644011158495485,104063,False
Tekeee,2026-05-01 13:00:00,Crypto is about to enter another bull run,2050198552907792511,104063,False
Tekeee,2025-10-22 16:26:33,My 9-5 friend sold all his crypto and said we going much lower and advised me to sell too,1981034449056760152,104063,False
Tekeee,2026-03-17 19:00:00,People are quitting Crypto in numbers I’ve never seen before,2033981695897309448,104063,False
Tekeee,2026-05-21 07:00:01,"If you had $11.2M in crypto, how would you cash it out without paying any taxes?  

Asking for a friend ofc.",2057355718282609089,104063,False
Tekeee,2024-11-03 16:40:27,"kamala wins on tuesday, btc 25k insta wick down

fbi notice on pump fun website

sol falls to $3 then shutdowns forever

wyd?",1853115030029431245,104063,False
Tekeee,2025-09-28 17:29:43,"If you make $1M from crypto

What’s the first thing you’re doing with that money?",1972353037013533127,104063,False
Tekeee,2026-01-14 14:00:01,"People will go $100,000+ in debt for college but won’t invest $5,000 in crypto because it’s too ‘risky’ 🤣",2011438153782206846,104063,False
Tekeee,2026-01-17 12:00:01,"Me: I made $1,000 in crypto today 

Her: “So you’re making $30,000 a month?"" https://t.co/WGP6LtGcMd",2012495120361496812,104063,False
Tekeee,2026-05-21 06:00:01,https://t.co/EKYHDGXMNl,2057340616179343788,104063,False
Tekeee,2026-03-14 15:00:01,Type of girl that comes into your life when Crypto is down 80% https://t.co/3uH0Pit7Fn,2032834138211070035,104063,False
Tekeee,2026-05-19 05:00:00,"How do 16-26 year olds get rich, besides Crypto?",2056600738424365263,104063,False
Tekeee,2026-02-01 04:38:41,Crypto will completely destroy you mentally before rewarding you financially.,2017819874270105652,104063,False
Tekeee,2025-09-20 17:25:56,"You NEED to live like this until you got 1M dollars in crypto

Do you understand? https://t.co/gfT6qrbjiW",1969452983055229099,104063,False
Tekeee,2026-02-26 11:00:02,"crypto has ruined my life honestly

i'm 39, going 40 down to my last 3 sol with no job willing to hire me

caught in the wars of launchpad that destroyed all the volume of anything to run organically, nowadays purely insider plays or caballed tokens

in debt of over $65k borrowing from friends and family in a span of 7 months

now i’m not sure where to even start with my life, feeling depressed almost every single day

should have never started crypto in the first place",2026975540834628049,104063,False
Tekeee,2025-12-13 16:40:01,"If a hot girl messages you about crypto, block him :)",1999882006792909299,104063,False
Tekeee,2025-04-28 22:36:28,"Me when my $200 in crypto become $210 overnight

https://t.co/pmqQGY8Ius",1916984889661907369,104063,False
Tekeee,2025-05-25 13:57:22,Crypto bro house be like https://t.co/EKwRSRdE3C,1926638728644018291,104063,False
Tekeee,2026-01-15 11:00:02,"People will go $100,000+ in debt for college but won’t invest $5,000 in crypto because it’s too ‘risky’.",2011755248658923716,104063,False
Tekeee,2026-01-10 22:25:01,"Investing in crypto is risky.

Not investing in crypto is also risky.",2010115690653778268,104063,False
kementerianmeme,2026-05-21 05:53:23,"Presiden indo jadi bahan taruhan di situs Polymarket wkwkw.

Penjelasan singkat :

> Polymarket itu platform taruhan online berbasis crypto
> jadi bukan modelan kasino, tapi lebih ke taruhan prediksi
> topik taruhannya ""prabowo mundur sebagai presiden indonesia pada tahun...?""
> orang bikin pertanyaan tentang kejadian nyata
> intinya nanti peserta taruhan bakal beli vote ""yes"" atau ""no""
> kalo bener kejadian, yg beli vote ""yes"" dapat duit, kalo gak kejadian, yg beli vote ""no"" dapat duit

nah aturan mainnya :

> ada 3 pilihan tanggal, 31 Mei, 30 Juni, 31 Desember
> market resolve ""YES"" kalau Prabowo berhenti jadi presiden dalam periode apapun
> termasuk: resign, ditahan, dicopot, atau dihalangi jalankan tugasnya
> kalau ada pengumuman resmi lengser, langsung resolve YES, ga peduli kapan efektifnya
> sumber keputusan: info resmi pemerintah Indonesia atau konsensus media kredibel

yang udah pesimis atau punya bisikan ordal bisa nih ikutan ambil votenya wkwkkwkw",2057338946665988430,572,False
saylordocs,2026-05-21 04:10:00,Top 10 Holders of Bitcoin https://t.co/4Xh4VipSFi,2057312933093531843,105160,False
TheBTCTherapist,2026-05-21 03:12:50,"Investor says he sold Bitcoin at $35,000 and says he would have never made it to $125,000 because “look how crazy that ride is.”

Most people cannot stomach the volatility in Bitcoin. 

Michael Saylor is creating $STRC for this exact reason.

Genius.
 https://t.co/2wx8Kp5fjO",2057298546206900281,267418,False
cryptofergani,2026-05-21 04:16:08,"The next 3-6 months are the most important financial stretch of your life.

Allocate your time wisely.

Sacrifice your sleep for the time being (get back to that later).

It’s time to lock  in.",2057314476613947688,275742,False
Bitcoin_Teddy,2026-05-21 04:04:00,"Trump: “I love Canada … But the United States can't subsidize a country for $200 billion a year … You have to run your own country. And to be honest with you, Canada only works as a state … I'm sorry, we have to do this.” https://t.co/hW3caWp4Pa",2057311420371390800,92973,False
CryptoTeluguO,2026-05-21 04:29:06,"💥 Simple guide on @fcgrails Pavilion Pass

💰Parent company FanCraze Funding - $117M
💯FREE

🆕It's ICC licensed cricket cards collectibles platform
🎟️They just revealed Pavilion Card campaign

👇Steps
🔗 https://t.co/EphPquBz46
✅Connect X
✅Enter Email
✅Generate your pass
✅Share with friends

💥Done

📸Post your pass in comments section

💙Like
🔁RT",2057317736989266409,169529,False
tomui_bitcoin,2026-05-21 03:40:10,どちらが幸せか https://t.co/pReEC66aE6,2057305422495916117,36129,False
0xluffy_eth,2026-05-21 02:44:15,"马斯克揭示了他为何即便拥有 8000 亿美元财富仍继续工作的原因！

“在我十几岁的时候，我经历过一场存在主义危机，试图弄清楚生命的意义究竟是什么。但似乎生命本身并没有什么意义可言。”

“至少对我来说，我所读过的宗教典籍并不具有说服力。后来，我开始阅读哲学家们的著作。不过，青少年时期最好不要去读德国哲学家的著作。那肯定无助于缓解抑郁情绪。”

“小时候读叔本华和尼采的作品，真让人惊叹不已。”

“后来我读了《银河系搭车客指南》。道格拉斯·亚当斯想表达的是：我们其实并不清楚该问哪些正确的问题。真正的问题在于如何把问题表达清楚。要想提出正确的问题，就需要比地球强大得多的计算机。”

“宇宙就是答案。那问题是什么呢？或者，应该说，有哪些问题呢？”

“我们能够将意识的范畴和规模扩大得越大，就越能明白该提出哪些问题来探寻关于宇宙的真相。”

“只要我们能进一步拓展人类的意识范围，成为能够生活在多个行星上的物种，最终甚至成为能够生活在多个恒星系统中的物种，我们就有可能弄清楚到底发生了什么。”

“这就是为什么我认为，我们应该拥有更多人类，同时也要发展更多的数字技术——无论是生物层面的意识，还是数字层面的意识。”",2057291350694048160,144454,False
BSCNews,2026-05-21 04:06:26,"Chainlink Boosts Ethereum DeFi Infrastructure

Chainlink (@chainlink) $LINK has expanded SVR on Ethereum $ETH mainnet with a new orderflow auction multiplexing system.

SVR now supports multiple orderflow auctions in parallel, including Titan Builder, increasing competition among searchers.

The system is designed to reduce inclusion delays and improve MEV recapture rates across decentralized finance applications.

The upgrade aims to boost revenue recapture for DeFi protocols such as Aave while improving network efficiency and resilience.",2057312032169545733,1361089,False
crypto_lens_,2026-05-21 05:56:11,"This Is The Biggest Bitcoin Bull Trap Since 2022.

$BTC is now perfectly repeating the same Bear Cycle Stepping Stones again.

$82K → $52K → $64K → $42K.

Bookmark this chart now. You’ll understand it very soon. https://t.co/KkRRtmpady",2057339653750247862,7558,False
marcuschainn,2026-05-21 04:47:44,"I found the bottom. #Bitcoin 

Can you see it ? https://t.co/WT091UdPnL",2057322425704976831,46685,False
BSCNews,2026-05-21 03:40:51,"SpaceX Sits On $1.2B Bitcoin Stack

SpaceX disclosed in an S 1 filing that it held 18,712 Bitcoin as of March 31, 2026.

The company’s Bitcoin $BTC position had a fair value of roughly $1.293 billion at quarter end.

The filing shows SpaceX acquired its holdings at an average cost basis of around $35,300 per Bitcoin.",2057305593548070975,1361089,False
PaulGoldEagle,2026-05-21 05:51:40,"BOOOOOOOOOOOOOOOOOOM!!!

$50,000 per #XRP. The next #BITCOIN    is infront of your eyes!

XRP is the backbone of the new financial system. https://t.co/f4MjK6lX9E",2057338515734827376,197768,False
cryptorover,2026-05-21 04:53:20,"MASSIVE REVERSAL 🚀

₩485,000,000,000,000 has been added to the South Korean stock market today after Samsung avoided a major worker strike at the last minute. https://t.co/psSJMsK3j8",2057323836060954918,1591441,False
cryptorover,2026-05-21 03:07:48,"BREAKING: 🇮🇷 Iranian airspace is completely cleared. 

Same thing happened right before the February 28 US/Israeli strikes on Iran. https://t.co/dzBH3CsBO5",2057297278378127424,1591441,False
Vivek4real_,2026-05-21 04:05:01,"🇺🇸 🇪🇺 FERRARI IS NOW ACCEPTING BITCOIN &amp; CRYPTO AS A PAYMENT METHOD IN THE US &amp; EUROPE.

BULLISH 🚀 https://t.co/LqRInuGHAa",2057311676480028735,257156,False
CryptoNewsHntrs,2026-05-21 03:14:02,"SPACEX NOW HOLDS 18,712 BTC 🚀

OVER $1.4 BILLION IN BITCOIN. https://t.co/ksAEoUlGou",2057298846535790750,29276,False
AltcoinDaily,2026-05-21 03:47:11,Is the Bitcoin bottom in?,2057307190852215254,2167998,False
leshka_eth,2026-05-21 03:54:19,"🚨🇯🇵 JAPAN OIL IMPORTS JUST COLLAPSED

Exports jumped 14.8% in April VS 9.3% forecast

China exports rose 15.5%, U.S. exports rose 9.5%, and Japan posted a 301.9B yen trade surplus when traders expected a deficit

But crude imports collapsed 64%

THE BIGGEST DROP SINCE 1980

Japan’s services broke a 13-month growth streak

COMPANIES ARE HIKING PRICES AT RECORD SPEED

Strong exports, weaker services and record price pressure

VERY BAD",2057308982688329993,176687,False
TheBTCTherapist,2026-05-21 03:52:46,$MSTR investors in 2028 https://t.co/WDIytmj2sB,2057308594400309344,267418,False
pete_rizzo_,2026-05-21 02:36:00,"INVESTING LEGEND CATHIE WOOD EXPLAINS WHY SPACEX'S OPPORTUNITY IS 600X BIGGER THAN YOU THINK

THEY ARE HOLDING OVER $1,000,000,000 WORTH OF #BITCOIN ON THEIR BALANCE SHEET

THE WORLD'S MOST VALUABLE PRIVATE COMPANY IS A BTC COMPANY 🔥 https://t.co/ELr3nMKkvJ",2057289274178068971,214444,False
EricLDaugh,2026-04-25 19:02:45,"🚨 TRUMP JUST WENT FULL AMERICAN DOMINANCE ON CHINA

""We want to BEAT China at the industry. We're leading with crypto, we're leading with AI, and I really feel I have an obligation, [as] a President, I have to be able to make sure that ALL of our industries do well. Crypto's a big industry.""

""We're leading China by a lot in AI. And we're also leading in crypto."" @RapidResponse47 

47 wants America to win at everything, China sees it 🇺🇸🇺🇸",2048115515336315008,1105266,False
CryptoNobler,2026-05-21 05:31:55,"🚨 BREAKING

🇺🇸 TRUMP TO SIGN A ""HUGE"" EXECUTIVE ORDER TODAY AT 3:30 PM ET.

INSIDERS EXPECT HIM TO OFFICIALLY SIGN THE FINAL PEACE DEAL WITH IRAN.

ALL EYES ON TRUMP TODAY!! https://t.co/DVtWG9mvMR",2057333546994332122,356333,False
cryptorover,2026-05-21 04:07:27,"Almost $3M in my trading account.

Just as expected, $BTC is seeing a small bounce here.

It could push a bit higher in the short term.

But I still think a higher low is the most likely scenario.

After that, it’s printing season for shorts again.

Sharing everything transparently with my community: https://t.co/ELzMjOrlZF",2057312290115080588,1591441,False
CoinDesk,2026-05-21 03:43:00,"DATA: 10% of American adults owned crypto at end of 2025, up from 7% in 2024, with spot $BTC and $ETH ETFs cited as a key driver of retail adoption, per a new Federal Reserve survey. https://t.co/DNbn51gj0W",2057306135221465445,3643312,False
EricLDaugh,2026-05-19 22:20:19,@cannibal_crypto The left is REALLY bad at humor. The best their comedians can do is joke about violence against conservatives.,2056862543738523855,1105266,False
AltcoinDaily,2026-05-21 04:20:04,Old money is warming up to crypto.,2057315465668726907,2167998,False
Eljaboom,2026-05-21 04:55:02,"🚨THE FBI CREATED A FAKE CRYPTOCURRENCY.. LISTED IT ON UNISWAP.. HIRED MARKET MAKERS TO PUMP IT.. THEN ARRESTED EVERYONE WHO SAID YES.. 

THIS IS THE CRAZIEST LAW ENFORCEMENT OPERATION IN CRYPTO HISTORY!!!

The FBI built an actual ERC-20 token on Ethereum called NexFundAI.. 100 billion token supply.. A professional website.. Whitepapers promising ""passive income through AI-powered investing""..

It looked exactly like every other crypto project.. Because that was the point..

Undercover agents posed as the founding team.. Then reached out to professional market-making firms and said ""we need you to fake our trading volume""..

Every single firm said yes..

Here's what they recorded..

Gotbit.. A firm run by a 26-year-old Russian who publicly bragged in 2019 that he built a business faking trade volumes.. His team kept internal spreadsheets with columns literally labeled ""fake volume"" vs ""market volume""..

When asked how fast they could pump NexFundAI's volume to $1 million per day.. They said ""6 hours.. It will cost about $200""..

$200 to fake $1 million in daily trading volume..

MyTrade.. Run by a guy who called himself ""the mastermind"".. He explained the exact psychology of the scam on camera..

""We make the chart look like a really nice roller coaster ride.. That's where people jump in.. We have to make them lose money in order to make profit""..

He said that on a recorded FBI video call..

CLS Global.. A Dubai-based firm.. Their bots generated 98% of NexFundAI's total trading volume.. When the FBI asked if they could sync fake volume spikes with fake news announcements.. They said absolutely..

ZM Quant.. Bots executing 10 to 20 trades per minute through dozens of wallets to look organic..

All of them knew it was fraud.. All of them did it anyway.. All of it was recorded..

And the clients were even worse..

Saitama.. A meme coin that hit $7.5 billion market cap.. The founders coordinated buys through private Telegram chats.. Sent ""pump it"" memes while manipulating the price.. Then dumped on retail investors..

$7.5 billion.. Built entirely on fake volume.. Every penny of real money came from retail investors who thought the momentum was organic..

One founder left Saitama and started Robo Inu.. Used Gotbit again.. Another launched VZZN.. Same playbook..

Lillian Finance.. Founder claimed to be a defense contractor who addressed Congress.. Marketed the token as funding children's hospitals.. Pocketed everything..

When the FBI shut it down.. They seized $25 million in one day.. 18 people indicted across the US, UK, and Portugal.. The CEO of Gotbit was arrested in Portugal and extradited.. Sentenced to 8 months plus $23 million forfeiture..

But here's the part that broke my brain..

Real people bought NexFundAI..

The FBI's fake token.. With zero utility.. Zero real developers.. Created solely to catch criminals.. Attracted real retail investors because the fake volume made the chart look bullish..

When the FBI pulled the liquidity to end the operation.. Those people lost real money.. On a government-issued token..

The FBI had to set up a restitution portal to pay them back..

And it gets worse..

Within 24 hours of the DOJ announcing the sting.. Someone cloned the FBI's exact smart contract.. Launched a copycat token.. Rode the viral momentum.. And made $127,000 in a single day..

Using the exact same manipulation tactics the FBI just arrested 18 people for..

Then in 2026.. The FBI did it again.. New token called Lexobit.. 10 more arrests.. Including operators extradited from Singapore..

IRS forensics showed that in one firm's trading.. 1,209 out of 1,221 consecutive transactions went straight back to wallets the firm controlled.. 99% circular..

The FBI proved what everyone in crypto suspected..

The volume is fake.. The charts are painted.. The momentum is manufactured..

And every time you buy a token because ""the chart looks bullish"".. You might be the exit liquidity.",2057324264374853686,697286,False
kucoincom,2026-05-21 04:00:17,Bitcoin Pizza Day delivery.  🍕 https://t.co/H8hzwG6sWx,2057310487243587903,3543628,False
TrendingBitcoin,2026-05-21 04:06:00,"BITCOIN IS ABOUT TO GO PARABOLIC SOON    

TIGHTEN YOUR SEATBELTS 🚀 https://t.co/BVvwnhZrrh",2057311923310592269,75848,False
Steph_iscrypto,2026-05-21 05:00:01,PANIC: 🇺🇸Cynthia Lummis warns America is LOSING digital asset companies EVERY DAY as crypto firms flee offshore while Congress delays the CLARITY Act. https://t.co/bFyixdgC4J,2057325516768862363,84368,False
Vivek4real_,2026-05-21 05:45:51,"COINBASE CEO WARNED: “IF CONGRESS DOESN’T CUT THE DEFICIT, BITCOIN WILL TAKE OVER AS THE RESERVE CURRENCY.” 🚀 https://t.co/RkpV56O1pS",2057337054296695024,257156,False
coinbureau,2026-05-21 04:30:00,"⚠️ ALERT: BITCOIN JUST FLASHED A MAJOR 2022 BEAR MARKET WARNING SIGNAL

Bitcoin was rejected at its 200-day moving average near $82K, a setup that CryptoQuant says closely mirrors the March 2022 bear market rally that preceded another major leg lower.

The firm warns that weakening demand, ETF selling, contracting spot activity, and “extremely bearish” sentiment now resemble the same conditions seen before Bitcoin resumed its downtrend in 2022.",2057317964890714380,1105886,False
CryptoKaleo,2026-05-21 02:43:02,BE MORE BULLISH,2057291046338334882,729674,False
amarisazuki,2026-05-23 14:28:09,"Giving away 5 GTD @heyrori WL spot

444 supply on ETH

How to Enter 

→ Follow: @heyrori + @amarisazuki 
→ Join discord: https://t.co/W7aXUaJepr
→ Like + RT and tag a friend
→ Comment your EVM addy

24 hour https://t.co/Ch2dXQfvxs",2058193271470408058,26848,False
SoSoValueCrypto,2026-05-21 03:14:20,"SoSoValue Flash: Iran Peace Nears & AI IPO Wave Ignite Market Sentiment

💥 Core Catalyst: Truce Extensions & Tehran ShadowsU.S.–Iran talks are in the final phase, with Trump signaling patience for a ""right answer"" from Tehran. Hormuz transit shows significant progress: 26 vessels transited in coordination with Iran over the past 24 hours, including a South Korean tanker, marking a symbolic milestone for Strait stability.

🔍 Key Logic Shifts:
1️⃣ Supply Chain: Samsung Electronics reached an initial wage deal, postponing the strike previously set for May 21 and alleviating immediate supply-side fears for DRAM/NAND. 
2️⃣ AI & IPO Wave: The AI capital markets are heating up: SpaceX filed its S-1 for a mid-June listing; OpenAI is prepping a September IPO; and Anthropic is projecting 26Q2 revenue of $10.9B with operating profitability. This IPO trio, combined with NVIDIA’s solid earnings print, reinforces the long-term AI growth thesis.
3️⃣ Macro & Equities: Peace expectations are cooling energy and rates: Brent slipped from $110 to $105, and the 10Y yield dipped below 4.6%. This macro tailwind is providing fresh fuel for the AI-led equity rebound.

📊 Trade Setup (SoDEX Assets to Watch):
Core: $USTECH-100 | $CL (Crude) | $XAUT | $BTC
MAG7: $NVDA | $AMZN | $GOOGL | $META | $MSFT | $TSLA | $AAPL
AI Hardware: $SNDK | $MU | $AMD | $INTC
Trade now: https://t.co/UPUBrsjBkS",2057298921370890636,1009818,False
barkmeta,2026-05-21 03:11:07,"Wow…

We’re finally entering the “no sleep” phase of Crypto again.

Alts are waking up and the timeline is getting super active.

Some random coin is about to 1000x and change someone’s life forever…

Are you ready??",2057298112939479260,291370,False
JacobKinge,2026-05-21 05:46:25,"BREAKING: Wall Street’s pullback from Bitcoin continues as ETF demand weakens.

Spot Bitcoin ETFs saw $70.5M in net outflows, marking a fourth straight day of withdrawals.

BlackRock led the selling, with investors pulling $61.5M from its funds. https://t.co/rSIFxG9Mnz",2057337194168074302,528102,False
coinbureau,2026-05-21 05:17:08,"🚨JUST IN: BTC PUSHES PAST $78,000!

More than $30M in shorts liquidated in the past 4hrs. https://t.co/xkSrfWsUbk",2057329824604254507,1105886,False
coinbureau,2026-05-21 02:55:20,"📹WATCH CZ ON THE FUTURE OF BITCOIN, BLOCKCHAINS AND AI IN NEW INTERVIEW

“Blockchain is money, it's a technology about money. We will always need money, and we will need more and more money that is more efficient and freer.”

“I still dedicate 80% to 90% of my time, money, and energy to blockchain.” 

“Bitcoin still holds a dominant position and has the stamina to maintain it. Nothing can replace Bitcoin at the moment.” 

“This isn’t just AI trading with AI; it’s one AI representing one person trading with another AI representing another person on the other side of the world. So I don’t see an alternative. That money must be Crypto.”",2057294140036255938,1105886,False
